Date,INR,AUD,EUR,JPY,GBP
2000-01-04,0.09215432530354821,0.0009455569701906099,3.0303156178217154,-0.009897386392943767,0.007014271406772265
2000-01-05,0.09210038591721456,-0.4560568311675022,0.8874751902122066,0.9327061074579736,-0.10993018009845672
2000-01-06,-0.027887774532134983,0.4396810815143594,0.2812769113489984,1.9538598924631527,1.0577641997752818
2000-01-07,-0.08787511536332085,-0.7855734933168103,-1.4668297532797951,1.482558145537694,-0.45950008737484266
2000-01-10,0.09207343439782464,0.3121390886540806,-0.7760456680635899,-0.009897386392943767,-0.8644735372752288
2000-01-11,-0.08786164263090873,0.037535551029132704,0.379960352094193,-0.16699796870142256,0.6130912182764093
2000-01-12,0.03208609356663877,0.4579479451078834,0.7324012118983474,1.3254575632291927,0.4951764491892888
2000-01-13,-0.027887774532134983,0.8400327014128576,-0.4518000770437053,-0.6382997156268813,-0.056610923284461025
2000-01-14,-0.08786164263090873,0.6378279764777902,-0.7196551304949252,0.7756055251494949,-0.16272346656995615
2000-01-17,-0.027887774532134983,-0.18088424946734502,-1.8474658818683132,-1.5023529183235815,-1.109444300764559
2000-01-18,0.27184695958389443,-0.3812526836847935,-0.014773410886522578,-0.32409855100992363,-0.06757445382934116
2000-01-19,-0.027887774532134983,0.20120477753071034,0.1684958362116377,1.0112563986122352,0.46488933743528094
2000-01-20,-0.08780781216426202,-0.18110280805541037,-0.2262379267690465,-0.5597494244726642,0.9311342417233451
2000-01-21,0.09193885821098882,0.3467439568595431,0.1121052986430043,-0.6382997156268813,0.9069608039171246
2000-01-24,0.331269840589012,-1.6405519506160609,-0.9875101839461139,-0.009897386392943767,-0.04584395129042116
2000-01-25,-0.387045389653282,-0.09051009586326866,-0.26853082994554506,1.0898066897664522,-0.9249236615404686
2000-01-26,-0.027887774532134983,0.0009455569701906099,0.1543982018195028,0.36714401114744105,-0.22645455082914887
2000-01-27,-0.027887774532134983,-0.640018334481168,-0.6068740553575646,-0.3083884927790668,-0.6945597758724794
2000-01-28,0.15175141595409605,-0.21912608710989057,-1.8051729786918305,-1.1881517537066018,-0.9631926577380605
2000-01-31,0.15163065010278096,-2.3749778661792553,-0.8042409368479223,3.053563968622549,-0.43121032627943057
2000-02-01,-0.20740619916705094,-0.4431502080231368,-1.142584162259942,0.7756055251494949,-1.322527502217977
2000-02-02,-0.14763380639848134,0.6853216195694579,0.09800766425082247,1.8753096013089132,-0.39092701297388044
2000-02-03,-0.027887774532134983,-0.9613213530283438,0.436350889662842,-0.9525008802438613,-0.8013586953951436
2000-02-04,0.09185825733421137,-0.18445674129471873,1.2258184156242415,-0.716850006781143,-1.2478729513284579
2000-02-07,-0.027887774532134983,1.0192567509966979,-0.9593149151617658,0.22575348706979675,0.47284270332850287
2000-02-08,0.03196511075432193,-0.5540724913921402,1.9166025008404468,2.58226222169709,0.6017165914464759
2000-02-09,-0.14760696353017935,-0.4808940614044077,0.436350889662842,-0.4811991333184024,1.4936522131129195
2000-02-10,0.2114969538143684,0.29755293973795033,-0.9311196463774178,-0.5283293080109506,-0.3800457590251053
2000-02-11,-0.08771384100561438,-1.1500294417203927,-0.9452172807695997,-0.009897386392943767,-1.0709618285436426
2000-02-14,0.03193829194134443,0.781115924402357,0.9297680933887208,-0.4340689586258543,-0.9342048801333046
2000-02-15,-0.14755331388059403,-1.2073139846239502,-1.255365237397287,0.7441854086877812,-0.4050854911142061
2000-02-16,-0.14760696353017935,1.1164329728051077,0.3658627177020111,0.33572389468572744,1.5654675083608165
2000-02-17,0.03197852917945245,-0.3332695546644604,1.6205521786049257,1.2469072720749756,1.2024431329242031
2000-02-18,-0.027887774532134983,0.42793279436406534,-0.8747291088087531,1.4040078543834322,-0.7354911193439111
2000-02-21,-0.08775407824372242,-0.9466659220583001,-0.0006757764943564026,-0.24554825985566192,-0.5754502737028638
2000-02-22,0.03197852917945245,-0.2969562586185087,2.325433898213313,1.6396587278461727,0.9017856442719547
2000-02-23,-0.027887774532134983,-0.8011203332629189,0.6478154055453503,-2.2093055387117806,0.07158610984971527
2000-02-24,-0.027887774532134983,-0.09245590084752613,-2.3972736231628566,1.4040078543834544,-0.8443738927645326
2000-02-25,0.09180458362930156,-0.6349492817268485,-1.1989746998286221,-0.5597494244726642,-0.6846166864505171
2000-02-28,-0.08772724740711461,-0.8051908565764929,-2.4536641607315373,-3.0733587414084362,-0.42612221796293676
2000-02-29,-0.08774065981859189,0.1323233500479832,1.0566468029182319,2.000990067155701,0.32110484909498616
2000-03-01,-0.027887774532134983,-1.2965582623377263,-0.6632645929262448,-1.5494830930161296,-0.8711549630178547
2000-03-02,-0.20752696501836604,0.0009455569701906099,0.8169870182513757,-2.759157576791479,-0.07986777636737993
2000-03-03,-0.027887774532134983,0.3399609985675693,-0.9311196463774335,0.2257534870697744,-0.5474919568887254
2000-03-06,-0.08779436964313174,-0.8284296767685325,-0.26853082994554506,-0.24554825985566192,-0.15628451668014018
2000-03-07,-0.027887774532134983,-0.5658423563840509,-0.6632645929262292,0.6970552339952555,-0.33077128797716854
2000-03-08,-0.027887774532134983,0.322255574470269,-0.7055574961027434,-1.1096014625523622,0.4645615650643669
2000-03-09,0.03201882057886178,1.7902543642572406,1.028451534133884,-0.5597494244726642,0.1702434103294678
2000-03-10,0.03200538408774972,0.5263103710600163,-0.04296867967085493,-0.7168500067811207,-0.06914751269933593
2000-03-13,-0.08778093315201968,-0.6371160769655883,1.451380565898916,-0.7954002979353825,0.017895791776500993
2000-03-14,-0.027887774532134983,0.8451514695915298,-1.3540486781424659,-0.9525008802438836,-0.8102727976020176
2000-03-15,0.03200538408774972,-0.8432603556511485,0.37996035209417733,1.0898066897664747,0.09430504076832943
2000-03-16,-0.08778093315201968,0.4139624068186422,0.2248863737803337,-0.7954002979353825,0.07246453583143504
2000-03-17,-0.027887774532134983,-0.7316068325851802,0.12620293303513916,0.7756055251494949,0.2141728021715002
2000-03-20,-0.027887774532134983,-0.8842344478420547,0.6055225023688674,-0.009897386392943767,-0.899068582027477
2000-03-21,-0.08779436964313174,0.6791875094564609,-0.19804265798471415,0.6970552339952555,0.41129212860710174
2000-03-22,-0.027887774532134983,-0.14964369069934655,-1.3822439469267824,0.46140436053251493,-0.34259739956700674
2000-03-23,0.1517917073535054,-0.904165471391328,0.7464988462905292,1.0112563986122352,1.206984249060591
2000-03-24,-0.027887774532134983,0.6234998046847824,0.8310846526435419,-0.009897386392943767,1.1151477407744852
2000-03-27,-0.027887774532134983,0.9981354428497029,-0.042968679670870584,-0.9525008802438836,1.1539865141362575
2000-03-28,0.03197852917945245,0.32010481130236423,-0.9170220119852517,-0.402648842164163,-1.400301897766677
2000-03-29,-0.14763380639848134,-0.5061116411381068,-1.1143888934756097,-0.9525008802438613,-0.003838634976412293
2000-03-30,0.09185825733421137,-0.01785064951089246,-0.18394502359253234,-0.4811991333184024,0.4949800441685766
2000-03-31,0.03196511075432193,-1.1289665972625411,-0.02887104527868875,0.30430377822401383,0.5157632076092963
2000-04-03,-0.027887774532134983,0.3026678160684968,0.15439820181948719,-1.5023529183235593,-0.26348205095846805
2000-04-04,0.03195169834284465,-0.7728202220748013,-0.3672142706907239,0.2257534870697744,0.6773673049932681
2000-04-05,-0.027887774532134983,0.43525265411377895,1.9025048664482962,0.06865290476129562,-0.5334679905049398
2000-04-06,-0.027887774532134983,0.07641370197562465,-0.677362227318411,-0.402648842164163,-0.5561936242373178
2000-04-07,-0.08772724740711461,-1.1141207879484636,-0.8606314744165869,0.06865290476131795,-0.6225154232547948
2000-04-10,-0.08774065981859189,-0.39693506783152144,0.36586271770199547,1.6396587278461727,-0.3082809075063418
2000-04-11,0.09180458362930156,-0.511384390523352,0.055714761074323944,0.7756055251494949,0.6589578823516713
2000-04-12,-0.027887774532134983,0.28568027834204984,-0.25443319555337884,0.06865290476129562,-0.22099376419963004
2000-04-13,0.03193829194134443,0.39912504996831927,-0.5504835177888998,-0.8739505890896219,0.45200073413473246
2000-04-14,-0.027887774532134983,-0.1696387099062546,0.04161712668214212,0.2257534870697744,-0.47055989471328585
2000-04-17,0.03192489154543354,0.9663220052550524,0.46454615844719,-2.994808450254197,0.506277056747921
2000-04-18,-0.0877004406097035,-1.4767608388082138,-1.072095990299111,0.46140436053251493,-0.6009015282922648
2000-04-19,0.03192489154543354,0.4184649414033636,-0.5081906146123857,0.6185049428410161,-0.253924715428099
2000-04-20,-0.0877004406097035,-0.1508130962284669,-1.1989746998286221,-0.32409855100992363,0.039644915673476125
2000-04-21,-0.027887774532134983,0.0009455569701906099,-0.0006757764943564026,1.6082386113844813,0.007014271406772265
2000-04-24,0.03192489154543354,0.0009455569701906099,-0.0006757764943564026,0.41427418583996684,0.007014271406772265
2000-04-25,-0.027887774532134983,0.0009455569701906099,-1.0439007215147629,-1.031051171398123,-0.6354191590248026
2000-04-26,0.0319114971515544,-1.4636323763854886,-1.5373179252406417,0.6185049428410161,0.1922730761176886
2000-04-27,-0.027887774532134983,0.2868088630791201,-0.42360480825938857,0.7756055251494949,-0.37453429831774626
2000-04-28,-0.027887774532134983,0.13425616602772117,-1.1002912590834433,0.46140436053251493,-0.49523974136432813
2000-05-01,-0.027887774532134983,-1.9282432202374151,-0.0006757764943564026,1.8753096013089132,0.007014271406772265
2000-05-02,-0.027887774532134983,0.7091049684811666,0.436350889662842,1.4040078543834544,-0.40857024214731635
2000-05-03,-0.08768704621582435,1.0505647895733232,-2.862495558104403,-0.009897386392943767,-0.08055567589479254
2000-05-04,-0.027887774532134983,-0.2849537237618121,0.4786437928393562,-0.009897386392943767,-1.1778621658122637
2000-05-05,-0.0877004406097035,0.9719041544582301,0.520936696015839,-0.009897386392943767,-1.6580500637214628
2000-05-08,-0.027887774532134983,-1.237096047887968,-0.45180007704372094,0.46140436053251493,-0.9346374801860852
2000-05-09,0.09172416322912293,-1.069747653054848,0.3658627177020111,-0.32409855100992363,0.6166789972823329
2000-05-10,0.4500249196322184,0.17327669654914943,1.817919060095268,0.9012859909962823,-1.0802216138912275
2000-05-11,1.1631652553191907,-0.8424957979853799,-0.3954095394750406,0.9641262239196872,-2.7520969257406422
2000-05-12,-0.1467543006824697,0.3846191553820185,-0.7055574961027434,-2.7905776932531703,1.5295557865291105
2000-05-15,0.6252243047850421,-0.4979249492565691,1.6628450817814244,0.8070256416111861,0.007014271406772265
2000-05-16,-0.3839326893959505,-0.17193198911789623,-1.1566817966521081,0.30430377822403615,-1.3359754073982621
2000-05-17,-0.027887774532134983,-1.2505526322511098,-2.0166374945743386,0.6970552339952331,-1.240998975053827
2000-05-18,-0.027887774532134983,0.09739843645054612,0.2812769113489984,-0.7954002979353825,-0.8846040312145041
2000-05-19,0.031486021507341665,0.7714649306574681,-0.9452172807695997,-0.4811991333184024,0.029621870305851054
2000-05-22,-0.08726157057161162,-0.32628572148595736,1.7615285225266188,-2.444956412174499,0.4587842310560275
2000-05-23,0.031486021507341665,0.7703395836505796,1.564161641036261,0.30430377822403615,-0.7727442502198048
2000-05-24,0.5651252308672825,-1.115314388272118,-0.18394502359253234,-1.031051171398123,-0.5026935860272812
2000-05-25,1.2131693621615107,0.42483887974849255,-1.6500990003779867,1.7182090190004344,0.2336653901909599
2000-05-26,0.09000787709028658,-0.5193699424773213,2.2831409950368142,-0.24554825985568426,-0.3670582914021289
2000-05-29,0.7959275664395602,0.7329854761534179,1.6769427161736061,-1.1096014625523622,0.007014271406772265
2000-05-30,0.7348145797692118,0.5200062092963841,1.3667947595459033,0.14720319591555733,3.041837607230828
2000-05-31,-0.027887774532134983,-0.6720818134297143,-0.7901433024557405,-0.402648842164163,-0.7008063625035992
2000-06-01,-0.0864799078635784,0.09718392646869968,0.37996035209417733,2.89646338631407,0.130730708314797
2000-06-02,0.4404897129460385,-0.4805523435701357,0.3517650833098293,0.6185049428410161,0.05198854858822902
2000-06-05,0.030601689415813385,1.826579963006861,1.0989397060947306,-1.5023529183235815,1.7107181875454698
2000-06-06,0.03058888103667666,0.020104360648088255,0.7324012118983629,-0.716850006781143,0.23041785142710916
2000-06-07,0.08902713389734096,1.415344873603657,0.9720609965652193,-2.523506703328738,1.0657594799838588
2000-06-08,0.49759677665285484,0.19157505693619759,1.6064545442127596,-0.402648842164163,-0.5274314651198905
2000-06-09,-0.14457278691406994,-0.4758533222854577,-2.5100546983002174,0.9327061074579736,-1.2216095152771973
2000-06-12,0.08879723784979998,0.0009455569701906099,0.5209366960158547,1.0898066897664747,0.2419854955061881
2000-06-13,-0.027887774532134983,0.7444243500853318,0.7887917494670433,-0.24554825985568426,0.4428681597310014
2000-06-14,-0.43650858355115324,2.0503368654915524,0.7464988462905292,-0.5597494244726419,-1.0670769107571862
2000-06-15,-0.027887774532134983,-0.2450076404427346,-1.5796108284171402,0.1786233123772263,0.3207157217237272
2000-06-16,0.20568639000996308,1.285265853015133,0.5773272335845194,-0.08844767754718316,0.5216209328583163
2000-06-19,-0.37832568124020466,-0.6405339119966953,1.0566468029182163,-0.5126192497800938,0.3979316817533667
2000-06-20,-0.14480268296161092,0.3029874769967338,-1.4386344844954628,-0.9525008802438836,-0.8537239178131015
2000-06-21,-0.20335617198857292,-1.0575214419928876,-0.9593149151617658,-0.4497790168567111,0.018209625441456153
2000-06-22,0.20604447572206436,0.3793942137051178,-0.9170220119852517,-0.11986779400887446,-0.21697770551069792
2000-06-23,0.030563281099579512,-1.173787663527686,0.11210529864298865,-0.7954002979353825,-0.250797702763658
2000-06-26,-0.2617688024783709,-0.47402908397039056,-1.2130723342207885,-0.402648842164163,-0.3745334265202564
2000-06-27,0.08907834498462504,1.4993306899219636,1.0425491685260657,1.6396587278461727,-0.20642970642030004
2000-06-28,-0.027887774532134983,-0.13152387057073095,0.1966911049959857,-0.16699796870142256,0.8262037004011017
2000-06-29,-0.027887774532134983,0.3036477398759125,1.2540136844085739,-0.5597494244726642,1.6382544606282745
2000-06-30,0.030576078265626454,-0.6237094845681188,0.7324012118983629,0.46140436053253725,-0.7739041193425428
2000-07-03,-0.08635162732989642,0.512122725509771,-0.8888267432009194,0.8541558163037342,-0.25004820447608084
2000-07-04,-0.027887774532134983,-0.5291806757555075,-0.08526158284736911,0.38285406937827554,0.31992875101254353
2000-07-05,0.030576078265626454,-0.6060512329325448,0.7042059431140306,-0.4340689586258543,0.1298495686384366
2000-07-06,0.2642396439328604,-0.8547068713291259,0.06981239546649012,1.7496291354621034,-0.43991747776442447
2000-07-07,-0.027887774532134983,-0.6662369468401775,-0.8324362056322546,0.9327061074579959,0.2529148055491626
2000-07-10,-0.2615641373654159,1.2578364285829187,0.5632295991923533,-1.031051171398123,0.3866190914938227
2000-07-11,-0.027887774532134983,-0.4555024713080119,0.0557147610743083,-0.08844767754718316,-0.3167340985842726
2000-07-12,-0.027887774532134983,-0.4752536693053789,-0.39540953947505625,0.6185049428409937,0.14102441246615116
2000-07-13,0.03055048953462247,0.21056545272102256,-2.1153209353195175,1.529688320230242,-1.3135395026312355
2000-07-14,0.030537703567079143,-0.876613452752939,-0.07116394845518728,0.021522730068747525,-0.2960218812758248
2000-07-17,-0.027887774532134983,0.02004998543658159,0.11210529864298865,-0.402648842164163,0.040701117937029734
2000-07-18,0.14731199987983462,-0.24750604538934712,0.013421857897809772,0.06865290476131795,-0.27383307773903964
2000-07-19,0.20553326007491365,-0.4774195110988193,-1.9320516882213417,0.06865290476129562,-0.01546566232957469
2000-07-20,0.20532939888355078,-0.9004310603045403,0.055714761074323944,-0.009897386392943767,-0.2741369337905954
2000-07-21,1.135152594428502,1.2850746455008402,2.0152859415856255,0.06865290476129562,2.170230771643366
2000-07-24,-1.7743534282020677,0.8031549386885428,-0.4377024426515548,0.9327061074579736,0.6984099173052423
2000-07-25,1.1958364790793092,-0.4380964019417498,1.0989397060947148,0.22575348706979675,-0.550429864870098
2000-07-26,-0.3187424450335233,0.30643340178335854,-0.28262846433771116,0.38285406937827554,0.3973413947975908
2000-07-27,0.08849211250813871,0.9155649057834032,-0.014773410886522578,-0.11986779400887446,-0.3386765524734595
2000-07-28,-0.08607137789706414,-0.07516733128719136,-1.5937084628093066,-0.7639801814736911,-0.6297241853807991
2000-07-31,0.5533785555215982,-1.8123794472493964,-0.4658977114358871,1.2469072720749534,-1.2595786398801119
2000-08-01,0.7837652715871902,-0.3055274834126831,0.2953745457411646,-0.24554825985568426,0.1305623697858807
2000-08-02,1.1849847720001871,0.47967351552852056,-1.7205871723388177,-0.9525008802438613,-1.2083643118690792
2000-08-03,0.5477400547219127,0.6508037709699952,-1.6078060972014727,0.46140436053251493,-0.34281881074305287
2000-08-04,-0.31554658354886517,-0.342923348404668,0.04161712668214212,-0.9525008802438613,1.8415967866238547
2000-08-07,1.0062369341071713,0.4975198738335448,0.7464988462905292,0.38285406937827554,0.5337844358931821
2000-08-08,0.8308340928995935,-0.018138409988301168,-0.5222882490045675,-0.24554825985568426,0.15254226667231527
2000-08-09,-0.48552909748998024,-0.8399415243503395,-1.0439007215147629,0.06865290476129562,-0.799936995201286
2000-08-10,0.2010309249457322,-0.24794574109759873,0.8169870182513757,-1.5023529183235593,-0.026659102271046953
2000-08-11,1.3984250203259319,0.15413363303289257,1.4231852971145837,1.6396587278461727,0.5789128755242077
2000-08-14,-0.9398498872440115,-0.49719920435975673,-1.7064895379466516,-0.009897386392943767,-0.16107025932930724
2000-08-15,-0.027887774532134983,0.690466534830611,1.5077711034675965,1.0898066897664747,0.15269334687140648
2000-08-16,-0.6566732759086179,0.8034079380325356,-0.6491669585340787,-0.5911695409343555,-0.36293422032416434
2000-08-17,0.657986694798304,0.62996373347185,0.9579633621730531,-0.9996310549364094,-0.3297262392332723
2000-08-18,0.37139362552657507,0.47660638372327224,-0.183945023592548,0.8541558163037342,-0.30764182434989407
2000-08-21,-0.027887774532134983,-0.6461361810159213,-1.4668297532797951,-1.266702044860841,-0.5557505704214498
2000-08-22,-0.769886201211013,0.019997116173201965,-0.7196551304949096,0.46140436053251493,-0.6359171737726836
2000-08-23,0.2006391085529782,-3.7369599201775454,-0.7619480336714081,-1.580903209477821,-0.4224264114851837
2000-08-24,0.8842690358497542,0.44423365220132016,1.3245018563694049,-0.6382997156269036,-0.24190995539354557
2000-08-25,-0.19868000714507253,-0.2495288681932404,0.1262029330351548,-0.24554825985566192,-0.4801578631546211
2000-08-28,-0.3127844692049739,0.3669537444325713,-0.19804265798471415,-0.9525008802438836,0.007014271406772265
2000-08-29,-0.31308874854785124,0.19340395689313541,-0.5927764209653983,0.38285406937827554,-1.3228440665507555
2000-08-30,0.2002973678188786,-0.5960739470318474,-0.7901433024557405,-0.6382997156268813,-1.9250859030343432
2000-08-31,-0.19900834853109386,0.6749141952482339,-0.042968679670870584,0.38285406937827554,1.0147379127512637
2000-09-01,-0.027887774532134983,0.0009455569701906099,-0.0570663140630211,0.2257534870697744,-0.588021346350903
2000-09-04,-0.4275960767069062,0.38539828715267976,1.3808923939380853,-1.1881517537066018,1.5606041891645475
2000-09-05,0.029250055275483383,-0.6336633638318121,-1.6078060972014883,0.7756055251494949,-1.5694868453988868
2000-09-06,-0.3708982861625248,-1.2916072933792513,-0.9593149151617502,-0.7954002979353825,-0.08464923314972445
2000-09-07,-0.2568064740100022,-0.5602324677845124,-2.0025398601821727,0.22575348706979675,-1.5097719582606273
2000-09-08,-0.027887774532134983,-0.8913368640178713,0.8310846526435419,-1.078181346090671,-1.5180140447483137
2000-09-11,-0.0851481256869848,0.0009455569701906099,-1.776977709907498,1.4511380290760025,-1.1189564689907245
2000-09-12,-0.19974253531985173,-0.3878246503444216,0.06981239546649012,-0.009897386392943767,-1.1118140999192236
2000-09-13,0.20122733741043156,-0.5052028192586633,0.5632295991923376,1.2469072720749534,0.48539300305984456
2000-09-14,0.2010309249457322,-0.9552544966490212,0.5491319648001871,0.22575348706979675,0.8567485834037859
2000-09-15,0.42936173203295624,0.059575241746026186,-1.1002912590834275,-0.009897386392943767,-0.5397798755382636
2000-09-18,0.4855837690616299,-1.3307885368023742,-1.255365237397287,-0.009897386392943767,-1.241802726287298
2000-09-19,2.0727385408932877,0.040197891539640464,0.21078873938815187,-0.4811991333184248,0.41611767948602546
2000-09-20,-0.027887774532134983,-0.6277029917997925,-0.9170220119852517,0.5399546516867767,1.1609738465227037
2000-09-21,-0.14101365912479868,-0.33355540349773255,0.6760106743296983,-0.9525008802438836,0.3673818350556073
2000-09-22,-0.7076513488766257,1.5326830643496063,5.159058411039027,0.38285406937827554,5.004168566232796
2000-09-25,-0.3684195697825073,0.020533016348385398,-1.6923919035544854,1.482558145537694,0.06406985975938888
2000-09-26,0.255918869875702,0.7443320116491843,-0.18394502359253234,-0.60687959916519,-0.49547344099885704
2000-09-27,0.42557639147627824,-0.29227856206686453,1.4654782002910822,0.27288366176232254,1.1591171753596872
2000-09-28,0.028741140235808614,0.19645983823582724,-0.4095071738672224,-0.16699796870142256,0.052544890030484924
2000-09-29,-0.5379808553084918,-1.2721588520265386,-0.9452172807695997,0.5399546516867543,0.49600248242900047
2000-10-02,-0.027887774532134983,0.0009455569701906099,0.5209366960158547,0.5399546516867767,0.5178354113244042
2000-10-03,-0.027887774532134983,0.13830648039685647,-0.5504835177888998,0.9327061074579736,-1.3686437721595743
2000-10-04,-0.14137423887835718,-1.5134614178124755,-0.4658977114358871,-0.041317502854635056,-0.7347691275019004
2000-10-05,0.19903694410597197,-0.05821082744760474,0.7887917494670433,0.6185049428410161,-0.19874978760298706
2000-10-06,0.0855023106482032,-0.8877893557241722,-1.1707794310442898,-0.37122872570247173,-0.4966005551504732
2000-10-09,-0.19799096316182263,0.5542425620425518,-0.11345685163168581,-0.009897386392943767,-0.3139390601037698
2000-10-10,0.25555737105683823,-0.7699949415723464,0.36586271770199547,-0.716850006781143,1.0601998521695217
2000-10-11,1.102893701738687,0.6534074625621306,-0.014773410886522578,-0.8739505890896219,0.5891471638684934
2000-10-12,-0.19720003630955635,-0.5921435219087962,-1.0157054527304306,-0.24554825985568426,-0.09562736141862226
2000-10-13,0.42337324808934074,-0.17720784722006322,-0.2967260987298774,-0.05702756108549187,1.395194250432248
2000-10-16,-0.3662620287899998,-0.4548119689275391,-1.6360013659858206,0.27288366176234485,-3.120363680204397
2000-10-17,0.19774269650677598,-1.2111342650578043,-0.2121402923768647,0.06865290476129562,-1.1776773693326983
2000-10-18,-0.19709275215723554,-0.2181433120959228,0.40815562087850965,0.11578307945384372,1.467033664032963
2000-10-19,-0.027887774532134983,-0.4377081426383855,-1.6078060972014883,-0.5283293080109506,-0.302748449040904
2000-10-20,0.028525798422454205,1.910426269993013,0.5773272335845194,1.1369368644590228,0.3167769918544485
2000-10-23,0.19764741335733024,0.04059868773094656,-1.057998355906929,0.6813451757643987,0.7970802976751815
2000-10-24,0.25376360332141834,-0.2172109273954258,0.1262029330351548,-1.1410215790140537,-0.18743329221206223
2000-10-25,0.2534668469944739,0.08029336762655546,-1.1143888934756097,-0.402648842164163,-1.3119164266944474
2000-10-26,-0.027887774532134983,-1.6298535870373516,-0.7760456680635742,0.46140436053251493,-1.8383923370971544
2000-10-27,1.6540429166299444,0.10063628205910342,1.0143538997417179,0.14720319591553502,1.0811330800086099
2000-10-30,0.41884364975361155,1.0755199551085342,2.226750457468134,0.6185049428410161,3.296084368473128
2000-10-31,-0.36286625866954586,-2.01201949878608,-0.9170220119852517,0.46140436053251493,-1.6613541171922583
2000-11-01,-0.08375839856412164,1.1386192911501043,1.9307001352326285,-0.27696837631737553,-0.39441515359353946
2000-11-02,-0.19556981871543355,-0.3977517897620396,1.2963065875850726,-0.92108076378217,0.9694820039825808
2000-11-03,-0.41955584393408607,0.9967066951364498,1.1835255124477275,-0.009897386392943767,-0.38215846960174954
2000-11-06,-0.30800281814240876,0.6761981986057102,-0.8888267432009194,-1.816554082940539,-0.336822173668228
2000-11-07,0.028158746103268184,0.0009455569701906099,-1.1284865278677758,0.38285406937827554,-1.9147462089137486
2000-11-08,0.19618074844273561,0.7736509733712613,-0.39540953947505625,-0.32409855100992363,-0.9530299727973605
2000-11-09,0.19599288967159234,-1.4668956784307567,-0.39540953947505625,0.14720319591553502,-0.7471273435280866
2000-11-10,0.02805307548653341,0.9142235779367102,2.0011883071934595,0.41427418583996684,1.3630135111848387
2000-11-13,0.08395878064742035,-1.4496721907997305,-0.7478503992792419,0.6027948846101593,0.38829401450173284
2000-11-14,0.08391195353481459,0.2000714288851094,-0.5222882490045675,-0.4497790168566888,0.2147669205737187
2000-11-15,-0.19560492434827204,-0.038869146747584515,0.18259347060383518,0.7913155833803293,-0.7439297854660485
2000-11-16,0.47494798850401576,-0.1185299634251194,-0.38131190508289003,0.9169960492271391,-0.07397660286200597
2000-11-17,-0.08371167911240436,0.08060113969168119,-0.4799953458280533,0.05294284653043882,-0.39829105951444443
2000-11-20,-0.3071824831718793,-0.41748013524548006,-0.6632645929262448,0.30430377822403615,0.4007475692336183
2000-11-21,-0.027887774532134983,-1.1977511614524061,-0.1980426579846985,1.0583865733047833,-0.18978332998640104
2000-11-22,0.25140693410760934,-0.1392118873217037,-0.6350693241419125,0.5399546516867543,-0.8977127950040584
2000-11-23,-0.08372335164868781,2.454319693527081,-0.02887104527868875,-0.009897386392943767,-1.3088750620421192
2000-11-24,0.25117343446537554,-0.7947214764320422,0.1262029330351548,1.168356980920714,0.030358062859678493
2000-11-27,-0.08367669076709043,0.06069313573951461,-0.42360480825938857,0.6970552339952555,0.2753284079973233
2000-11-28,0.13944401992763356,0.8361765975058515,2.1844575542916354,-1.266702044860841,1.1938474962975458
2000-11-29,-0.027887774532134983,0.08037138907351778,1.2540136844085739,-0.4340689586258543,0.47107246912447553
2000-11-30,-0.3068323800576364,-0.5952564438918158,0.47864379283934055,1.5453983784610765,-0.01617042357384513
2000-12-01,0.02792446239122181,2.792947505614659,0.7183035775062124,-1.0624712878598142,1.4293217636490796
2000-12-04,-0.13952391603576117,0.9652213758023932,2.4382149733506577,0.8541558163037342,1.789148674909577
2000-12-05,-0.19542954302354365,0.3151474812314879,-1.3822439469267982,0.14720319591555733,-0.26818973765032733
2000-12-06,-0.36328699792697555,0.3540335893132578,0.25308164256466603,-0.5597494244726642,-1.1656228074847004
2000-12-07,0.1398644956192272,0.8232205673959869,1.6205521786049257,-0.5597494244726419,1.3746153960555467
2000-12-08,-0.08379348950394183,-0.7625214418587847,-0.677362227318411,0.2257534870697744,0.2132992734034176
2000-12-11,-0.027887774532134983,-0.4305785618476821,-1.2835605061816193,0.49282447699422854,-0.5204601922903872
2000-12-12,0.028017940439671873,-0.7065135395035949,-0.31082373312204353,-0.041317502854635056,0.5001184291910472
2000-12-13,-0.027887774532134983,0.47276849574357876,-0.4799953458280533,2.2680610570801103,-0.22222873303301216
2000-12-14,-0.08379348950394183,-0.3135213962132942,1.2822089531929064,0.14720319591555733,2.427514825226139
2000-12-15,0.028017940439671873,1.0609657129502144,2.0434812103699582,-0.009897386392943767,0.6882883833038903
2000-12-18,-0.08379348950394183,-0.09704877129171384,-0.25443319555337884,0.2257534870697744,-0.4242672692280025
2000-12-19,-0.3075920491754268,-0.5287723258239825,-0.8888267432009194,-0.7168500067811207,-0.8689357073800588
2000-12-20,-0.19585107596283582,1.0203183675217287,2.1985551886838173,1.0898066897664522,0.5647532214779668
2000-12-21,0.14007552689856584,0.977887207027222,1.225818415624226,0.06865290476131795,0.46149108434795394
2000-12-22,-0.13985156929079423,0.5856017227434562,1.3245018563694204,-0.4811991333184248,1.1286896316223056
2000-12-25,-0.027887774532134983,0.0009455569701906099,-0.0006757764943564026,0.38285406937827554,0.007014271406772265
2000-12-26,-0.08388728120417659,0.0009455569701906099,-0.0006757764943564026,0.8541558163037565,0.007014271406772265
2000-12-27,0.08409949764274668,0.6621945531282679,0.9861586309573854,1.011256398612213,0.6620808688481729
2000-12-28,-0.027887774532134983,-0.46566855139602237,-0.3531166362985577,0.5399546516867767,-0.07196440720112494
2000-12-29,0.25187510761778853,-0.5443475973966224,0.2812769113489984,0.7756055251494949,0.5819220844249704
2001-01-02,-0.36363842218489856,0.7407486168511012,1.66284508178144,-0.009897386392943767,-0.1394190574979212
2001-01-03,0.028099990970705067,1.3396704463931812,1.5077711034675807,-0.009897386392943767,1.893522517978235
2001-01-04,0.19594597418742069,-1.4933772634193594,-1.0157054527304306,-1.6594535006320827,-1.2155245726126527
2001-01-05,-0.027887774532134983,2.7895522753413298,1.2258184156242415,4.15326804478199,0.5011573455850323
2001-01-08,-0.30770928875453074,-0.36552874947297875,-0.677362227318411,-0.009897386392943767,0.19770041426648133
2001-01-09,-0.1959215377615452,-1.0043099321965308,-1.3540486781424501,-0.9525008802438613,-1.5897687854273257
2001-01-10,-0.30817923155368965,-1.4743012022658628,0.15439820181948719,1.7967593101546515,0.4014320375555567
2001-01-11,0.08426411564525746,-0.3495098605815423,1.564161641036261,-0.5597494244726419,0.5245503450541167
2001-01-12,-0.14003966470952742,1.3809491531829103,0.3094721801333308,2.189510765925871,-0.6569551311452657
2001-01-15,-0.4769669580902223,-1.8664752998993186,-1.6500990003779867,1.796759310154674,-1.5521604753860672
2001-01-16,-0.027887774532134983,0.7998987612142738,-0.22623792676903084,-1.4238026271693422,-0.5827551149252362
2001-01-17,-0.702925791276376,-0.31059038661710303,-0.2262379267690465,-2.05220495640328,0.13187657840244446
2001-01-18,0.028430615761532434,0.03990507669575024,0.11210529864298865,3.053563968622571,-0.08378916951512494
2001-01-19,-0.14053643538311544,1.2838066581946797,-0.057066314063036756,-2.444956412174499,0.17724663024081716
2001-01-22,-0.08422993036670473,-0.892595697012002,-1.5514155596327923,-1.266702044860841,-1.585851015562162
2001-01-23,-0.25337535101884767,-0.057420530518665955,1.6487474473892583,0.5399546516867543,1.3047444783090172
2001-01-24,0.08487981438487473,-0.7393332915762809,-1.5937084628093066,-0.16699796870142256,-0.5955701253244745
2001-01-25,0.47897788841413647,-1.7988365668903197,-2.087125666535185,1.2469072720749534,-1.8887415272469457
2001-01-26,-0.027887774532134983,0.0009455569701906099,1.155330243663395,-1.266702044860841,1.6522602097639854
2001-01-29,0.3656769932274204,0.020566003616867022,-0.49409298022021947,1.1840670391515484,-0.7687056686539832
2001-01-30,-0.3651934782286556,-0.3131341968625223,0.0557147610743083,-1.5966132677086555,0.22397548327150382
2001-01-31,-0.3656200875798555,0.8442975481686814,1.3526971251537527,-0.7954002979353825,0.554380873093514
2001-02-01,-0.08421804508944802,1.017686364611384,1.5923569098205934,0.38285406937827554,1.3707783604528605
2001-02-02,0.02844249602517806,0.4105869610906663,0.013421857897809772,-1.8165540829405615,0.15435831790461887
2001-02-05,-0.027887774532134983,-0.40869584715028506,0.25308164256466603,0.9327061074579736,-0.18568197210830317
2001-02-06,-0.08421804508944802,-0.1943166591954679,-1.452732118887629,-1.3452523360150805,-0.9015721158849387
2001-02-07,-0.08422993036670473,-0.3117360351288419,0.04161712668214212,-0.16699796870142256,-0.687764788707827
2001-02-08,0.2537042019864695,-1.1352386242533412,-1.4809273876719613,2.1109604747716313,-1.227320635642027
2001-02-09,-0.08418241932535116,-1.3562961251451744,0.09800766425080683,0.46140436053251493,-0.6466355534422557
2001-02-12,0.2534668469944739,0.23742486020358508,0.8592799214278742,-0.009897386392943767,0.8324244797852415
2001-02-13,0.36551133399982416,-0.07786036619263538,-0.18394502359253234,1.0898066897664747,0.4416706933904466
2001-02-14,0.25275717677258575,-1.2231752888697267,-1.368146312534632,-0.9525008802438613,0.2583501229672985
2001-02-15,-0.08399317374844524,-0.7914432683101008,-1.241267603005105,-0.716850006781143,-1.2863357380759297
2001-02-16,-0.30859172825519,-0.1379358509410127,0.32356981452549693,-0.7954002979353825,0.7631460244713534
2001-02-19,-0.027887774532134983,0.47684552202203095,1.4090876627224176,0.19433337060808312,0.07565261175977277
2001-02-20,0.19669898941058314,0.2980037993210824,-2.0166374945743386,0.38285406937827554,-1.9788250836659056
2001-02-21,-0.027887774532134983,-1.3878254492707356,1.0707444373103825,-0.8425304726279306,0.9270683104387906
2001-02-22,0.25258031824743865,0.3189407470683638,-1.2694628717894532,0.6970552339952555,-0.004467808274938057
2001-02-23,-0.3083558673117086,-0.49606873995972833,0.11210529864298865,1.168356980920714,-0.1193196189016304
2001-02-26,0.25258031824743865,0.9346588705513339,0.5773272335845194,-1.1096014625523622,0.6610382292441777
2001-02-27,0.19627479610241436,-0.6940991175147748,0.8169870182513757,-0.009897386392943767,-0.5206757961222306
2001-02-28,-0.36420223534407675,0.2791548343033927,1.1976231468398937,0.5399546516867767,0.44300339625384766
2001-03-01,-0.4769669580902223,0.45744966364023415,0.2953745457411646,1.4040078543834322,0.08725423470656986
2001-03-02,0.1967462211225997,0.0009455569701906099,1.3245018563694204,0.30430377822403615,2.267208910150203
2001-03-05,-0.08402856031391374,-0.17760456045929288,-0.8183385712400885,2.8179130951598306,0.1888638594845817
2001-03-06,-0.027887774532134983,-0.9132912246097165,-0.3672142706907239,-0.9525008802438613,-0.3112998759046827
2001-03-07,-0.2525690217690468,-1.6956996855031699,0.3940579864863435,0.9327061074579736,-0.42556177910978765
2001-03-08,0.08447647984500888,-0.8007759868051648,0.06981239546649012,1.4040078543834544,0.4964586191293238
2001-03-09,-0.08406399154532299,0.5623733626610398,0.6337177711531841,-1.1096014625523622,-0.33436848882411635
2001-03-12,0.08445284411569752,-0.7411624004830388,-1.1989746998286066,1.482558145537694,-0.07270149240569826
2001-03-13,0.30885079037811985,-0.1597495478322929,-0.9875101839460982,-0.4340689586258543,-1.2257643455193077
2001-03-14,0.42043744571882985,-0.985176498356957,-0.28262846433771116,-0.7954002979353825,-0.004425685084404137
2001-03-15,-0.2519562975070056,-1.4336453142705061,-1.664196634770153,1.8281794266163427,-1.1738058956559074
2001-03-16,0.08416998900371254,-0.2421931306916495,-1.6500990003779712,2.503711930542873,-1.3519045282288678
2001-03-19,0.0841229849068881,0.6893322595803565,0.6901083087218488,1.3254575632291927,0.14551033832777122
2001-03-20,0.028099990970705067,0.5464933258948332,0.3376674489176788,-0.009897386392943767,-0.18920866750766824
2001-03-21,-0.027887774532134983,0.18257668863478838,-0.42360480825938857,-0.08844767754718316,-0.24712512100704545
2001-03-22,-0.13987504670701664,-1.7594009419864132,-1.4245368501032967,0.6185049428410161,-0.8263273482145468
2001-03-23,-0.08389902729911644,0.3659954657797833,0.46454615844717434,-0.8739505890896442,0.41241996894018046
2001-03-26,-0.027887774532134983,-0.38439780747616015,0.18259347060381953,0.6185049428410161,0.850694914938248
2001-03-27,-0.25205034516668434,1.2565759206539502,0.23898400817249987,-1.580903209477821,0.15699308506188173
2001-03-28,-0.08395783176436512,0.1221824068770241,-1.2976581405737855,-0.9525008802438613,-0.4085081722924303
2001-03-29,0.19632184954425738,-1.2136120664282217,-0.28262846433771116,0.7756055251494949,1.2862375647516484
2001-03-30,-0.13996905491299858,-0.8928353811725279,-0.11345685163170145,3.4463154243937684,-1.757764043713417
2001-04-02,-0.027887774532134983,-0.6711250962327789,-0.8465338400244208,2.660812512851352,-0.44461168772897564
2001-04-03,-0.027887774532134983,-0.4887713816773913,1.028451534133884,0.22575348706979675,-0.00457544314056409
2001-04-04,-0.08394606099543364,0.8370669269406242,2.6355818548410155,-0.7954002979353825,1.1867067164967602
2001-04-05,-0.027887774532134983,0.9971946012619225,-0.16984738920036616,-1.9736546652490403,0.4567659165928536
2001-04-06,-0.027887774532134983,0.16328776783592053,-1.1284865278677758,0.7756055251494949,-0.6621085222123994
2001-04-09,-0.4767782296197823,0.32536919379086643,1.0989397060947306,-0.5597494244726642,1.6538748930526403
2001-04-10,0.028264816692988453,-0.08012778321228402,-1.0298030871226123,0.06865290476131795,-0.24572074840671718
2001-04-11,0.08438199655081524,0.9521896137703912,-1.4809273876719613,-1.4238026271693422,-0.6488599024618431
2001-04-12,1.7062846645354268,1.1908472609544847,0.1262029330351548,-1.580903209477821,-0.004505985253117006
2001-04-13,-0.027887774532134983,0.0009455569701906099,-0.0006757764943564026,1.8753096013089132,0.007014271406772265
2001-04-16,0.36214579008536285,0.0009455569701906099,-0.0006757764943564026,0.6970552339952555,0.007014271406772265
2001-04-17,0.027784829982467337,1.2663793607010898,-0.8183385712400885,-0.32409855100992363,-0.5580583784088181
2001-04-18,-0.7525385491897365,-2.090873354142006,-0.18394502359253234,-2.523506703328761,-0.59390163362945
2001-04-19,-0.027887774532134983,0.525256113390441,0.6901083087218645,-1.1881517537066018,0.5040175312887996
2001-04-20,0.02792446239122181,2.4291371757736817,2.2831409950368142,-0.7954002979353825,1.4697899563135675
2001-04-23,-0.3629363085591565,-2.145300445022512,0.18259347060381953,0.6970552339952555,-0.15386319506846172
2001-04-24,0.2513485225715297,0.40327031454647183,-0.4095071738672224,-0.7954002979353825,-0.4531444356839079
2001-04-25,0.02792446239122181,0.0009455569701906099,-0.3672142706907082,1.0112563986122352,-0.2348714173348444
2001-04-26,-0.027887774532134983,-0.01915799475106787,0.9297680933887051,-0.1669979687014449,0.49057735331286695
2001-04-27,0.027912799610241082,0.9243307790250278,0.140300567427321,2.110960474771654,0.39786077136449494
2001-04-30,-0.027887774532134983,-0.500545013932287,-2.0730280321430192,-0.009897386392943767,-1.294082759585016
2001-05-01,-0.027887774532134983,0.7829086159189842,-0.0006757764943564026,-0.402648842164163,-0.5128057189897338
2001-05-02,-0.3070073218299805,1.4990705342048884,0.4363508896628577,-1.738003791786322,0.3536678883319847
2001-05-03,0.19543119862333444,-0.058837397491529886,-0.057066314063036756,-0.009897386392943767,0.007014271406772265
2001-05-04,-0.13952391603576117,-0.47774331401881076,0.5068390616236885,-0.009897386392943767,0.38783935400519143
2001-05-07,-0.027887774532134983,0.18054254428204766,-0.28262846433771116,-0.6697198320885726,0.007014271406772265
2001-05-08,-0.13957060618397826,0.0009455569701906099,-0.7478503992792419,-0.05702756108549187,0.041609122924344565
2001-05-09,0.08379505711970828,0.2801071668993979,-0.5504835177888998,-0.009897386392943767,-1.0211173276856158
2001-05-10,0.0837483669714912,0.6579531930188001,0.32356981452549693,0.7756055251494949,-0.1666378322551807
2001-05-11,0.08370171584519653,0.2593759877946234,-1.0861936246912771,0.5399546516867543,-0.7583340398746198
2001-05-14,0.13940907541352815,-1.1338121127001453,-0.3954095394750406,0.27288366176234485,0.22755583492154272
2001-05-15,0.5290126287467828,0.020890265813522248,0.32356981452549693,0.8855759327654255,-0.10903863211229821
2001-05-16,-0.41759607389115033,0.3597259356967487,0.9297680933887051,1.0112563986122352,1.1422687104975706
2001-05-17,0.02781967254314648,0.8364508577342068,-0.26853082994554506,-1.031051171398123,0.4806085243390169
2001-05-18,-0.027887774532134983,0.45750949578144834,-0.536385883396718,-0.9525008802438613,-0.37410856962428995
2001-05-21,0.083492267369329,0.45682237164863204,-0.32492136751422535,1.2469072720749534,0.8724552032282278
2001-05-22,0.30597388169433487,-0.5342842650252845,-0.9734125495539163,-0.9525008802438836,-0.11975018178790368
2001-05-23,-0.19476642588800558,-1.4708472035214168,-1.4104392157111305,-1.9736546652490403,-1.391186814794019
2001-05-24,-0.08353717487682538,-1.2777488416282068,0.26717927695683225,-2.523506703328738,-0.8863906382725074
2001-05-25,-0.19490559291582343,1.7378554466304343,-0.183945023592548,0.30430377822403615,0.4598734925554194
2001-05-28,-0.08358360257581939,-0.2579606326197037,-0.09935921723951963,1.2469072720749534,0.007014271406772265
2001-05-29,0.1391648718839313,-0.6373063743257799,-0.4518000770437366,0.571374768148468,-0.016191511025907553
2001-05-30,-0.0835603790467373,0.5794184665054866,0.0839100298586563,-1.8479741994022527,0.3085398808698146
2001-05-31,0.13909523033846427,-1.998469395109005,-1.1002912590834433,-1.580903209477821,-0.45700556327954733
2001-06-01,0.30576530501165056,-0.7220868481273571,-0.02887104527868875,-0.08844767754718316,0.1114856444766309
2001-06-04,-0.19466220272004997,0.4229241700690557,0.4927414272315067,0.38285406937827554,0.09984507770459196
2001-06-05,-0.027887774532134983,-0.4009255009121202,-0.6773622273183953,-0.1669979687014449,-1.2487998524211092
2001-06-06,-0.13912862037633494,1.8451537829809173,1.0989397060947148,1.8753096013089132,-0.6346867415753578
2001-06-07,-0.13917498038849604,0.04091260617036065,-1.0861936246912614,-0.4811991333184024,-2.4213538226030633
2001-06-08,-0.13922137905804385,1.1178872890526792,0.02751949228997595,-0.009897386392943767,-0.0872587333698257
2001-06-11,-0.08357198838991456,0.0009455569701906099,0.3658627177020111,1.482558145537694,0.4309936375182429
2001-06-12,0.3616580955521144,-0.038874380703628836,-0.28262846433771116,1.168356980920714,-1.184109440727335
2001-06-13,0.0833067499091444,1.2131048937458992,0.9579633621730375,0.46140436053251493,0.31412368955673026
2001-06-14,0.027692129214500615,-0.07839186240650149,-0.7055574961027434,-0.4811991333184024,1.6431917829948706
2001-06-15,-0.30590304856424994,-0.6742628144758047,2.3959220701741595,-0.6068795991652123,2.0534775652821597
2001-06-18,-0.027887774532134983,0.6166372241381224,-1.142584162259942,2.07954035830994,-0.7163127593532604
2001-06-19,-0.19483598039980257,-1.0723596561507622,-0.25443319555337884,0.6970552339952555,-0.6479196018663953
2001-06-20,-0.0835603790467373,-0.43741959254450224,-0.7055574961027434,-0.32409855100992363,-0.19210772746724605
2001-06-21,0.1947330358501349,0.1604244763229373,0.5491319648001871,1.168356980920714,1.572745388765167
2001-06-22,0.027738440977147616,-0.5975338239303423,-0.3390190019063759,0.6970552339952555,0.7866163018899295
2001-06-25,-0.13915179555308824,0.14069654696857864,1.1130373404868965,-0.16699796870142256,-0.01622610063210198
2001-06-26,0.250185401265015,0.04086257164860398,0.0557147610743083,-0.9525008802438836,-0.33018756912351027
2001-06-27,-0.19469692930833174,0.49946491745716565,0.15439820181948719,0.5399546516867767,0.46039873181992746
2001-06-28,-0.027887774532134983,-0.4576620483436097,-1.565513194024974,1.011256398612213,-0.5860205812962154
2001-06-29,0.13892138024406175,-2.101563487207606,-0.4377024426515548,-0.8739505890896219,-0.7973268140604832
2001-07-02,0.1388172438383311,0.4226164728602555,-0.35311663629854206,1.0112563986122352,1.3114479617330168
2001-07-03,0.41615081722556785,0.9825675930397237,0.5914248679766856,-1.1881517537066018,-0.6910354171061797
2001-07-04,-0.2498147738732106,0.8796994982349603,-0.6209716897497307,0.8541558163037342,-0.6927759741712576
2001-07-05,0.08309878009432872,-0.23846189706396023,-0.43770244265157043,1.4040078543834544,0.24047161763175554
2001-07-06,0.08305267018247695,-1.2189766142888843,-0.536385883396718,0.5399546516867543,-0.5068484760199412
2001-07-09,-0.027887774532134983,-0.6610659492771976,1.0566468029182163,-0.32409855100992363,0.5558788770651928
2001-07-10,0.027565168578033292,0.3421624709381633,1.2117207812320754,0.46140436053251493,0.4732890631280469
2001-07-11,-0.027887774532134983,0.0009455569701906099,0.9297680933887051,-0.3240985510099013,0.7979078663236707
2001-07-12,0.08298357710718374,-0.8628771204498114,-1.0298030871225967,-2.4449564121745215,-1.040234588035019
2001-07-13,-0.13875912617145372,0.10151671412387268,0.013421857897809772,0.14720319591555733,-0.45968697953724585
2001-07-16,-0.027887774532134983,0.6237425416732434,0.6196201367610179,1.215487155613262,-0.34352168229613284
2001-07-17,-0.13880517865529468,-0.4610069978558213,-0.945217280769584,0.7284753504569468,-0.19181728673693585
2001-07-18,-0.1943503128602192,0.6434705555630703,1.6064545442127596,-0.32409855100992363,1.1978961116563043
2001-07-19,0.24949216791910891,0.9821782271904762,1.3104042219772387,-1.9736546652490403,0.9723499988195521
2001-07-20,-0.24976867353581675,-0.2590718548050344,0.7464988462905449,-0.009897386392943767,1.63934859538703
2001-07-23,0.027599736646766584,-1.1618591932311644,-1.4104392157111305,-0.716850006781143,-0.8948056172493183
2001-07-24,-0.027887774532134983,0.2418923538044497,0.4504485240550082,1.2469072720749534,-0.5726033088003473
2001-07-25,-0.027887774532134983,-0.07934874845651942,1.1976231468398937,-0.009897386392943767,0.6561055872391549
2001-07-26,0.1385056132926452,0.32199515294778297,-0.4095071738672224,-1.3452523360150805,0.6892582044337511
2001-07-27,-0.027887774532134983,-0.3401809414471187,0.055714761074323944,0.38285406937827554,-0.5016205260877833
2001-07-30,-0.13880517865529468,-0.5818642229554426,-0.24033556116121269,1.4040078543834544,-0.14344077347799744
2001-07-31,0.08302962959102472,-0.34122362208500034,0.0557147610743083,0.2257534870697744,0.16903944110843325
2001-08-01,-0.1942811623569152,1.3873569398719046,0.873377555820056,-0.009897386392943767,0.6541811640882849
2001-08-02,-0.08337528571103654,1.5605899495088895,-0.4095071738672224,-0.6382997156268813,0.353097921701187
2001-08-03,-0.13889739849085694,-0.19856065155164163,0.25308164256466603,-0.716850006781143,-0.5584766326011632
2001-08-06,0.08312184942658696,0.0009455569701906099,-0.014773410886538229,0.005812671837890716,-0.6059246279105345
2001-08-07,-0.08338681797969712,-0.3584970838013422,-0.5222882490045518,-0.10415773577801765,-0.9439519306838347
2001-08-08,-0.027887774532134983,0.04090469764532049,-0.07116394845520294,-0.6382997156269036,-0.07431524534161559
2001-08-09,0.1385747637959492,0.06087438602085185,1.2681113188007402,-0.009897386392943767,0.6453978999941508
2001-08-10,-0.13885126941265705,-0.17887651150384085,1.1694278780555611,-2.130755247557519,0.5166777171642296
2001-08-13,-0.027887774532134983,0.24068460031048045,0.7746941150748772,-0.1669979687014449,-0.18979144786276247
2001-08-14,-0.027887774532134983,-0.05897141789606776,-0.3249213675142097,1.482558145537694,-0.3406269629128574
2001-08-15,-0.027887774532134983,1.4356919477787404,2.057578844762124,-2.444956412174499,1.879181752476556
2001-08-16,-0.027887774532134983,1.0725631797551158,0.4222532552706758,-2.523506703328761,1.3284830976080002
2001-08-17,0.027599736646766584,-0.9315446162287062,-0.08526158284736911,0.6185049428410161,-0.3945136095532891
2001-08-20,-0.027887774532134983,2.1591544407580763,0.1543982018195028,0.30430377822403615,-0.015947539412439926
2001-08-21,-0.027887774532134983,-0.19641584266788087,-0.29672609872989303,0.5870848263793024,0.5690385267656104
2001-08-22,-0.027887774532134983,0.5729397167150889,1.2399160500164077,-1.6280333841703691,0.8536579714141991
2001-08-23,-0.08337528571103654,-0.31450384977203955,-1.4668297532797951,1.0112563986122352,-1.3672116721863343
2001-08-24,-0.027887774532134983,-0.21611662748745114,-0.0570663140630211,-1.1881517537066018,-0.37208053153908105
2001-08-27,0.027599736646766584,-0.6907434919582117,-0.25443319555337884,0.8227356998420429,0.007014271406772265
2001-08-28,0.08305267018247695,-0.8906960971601107,-0.677362227318411,0.021522730068747525,-0.32655290017320526
2001-08-29,-0.1388282192467469,0.892587211100492,1.1271349748790627,-0.5597494244726419,2.0939021895257097
2001-08-30,0.027588209169485515,-0.13758198982989117,-0.38131190508289003,-0.402648842164163,-0.3587885355679878
2001-08-31,0.027576686480856444,0.7719363698433419,0.8874751902122066,-1.1096014625523622,0.7495525133640992
2001-09-03,-0.1388282192467469,-1.463634861921793,-1.2130723342207728,0.30430377822403615,-0.5639945371284572
2001-09-04,0.1385056132926452,-0.3961055753137637,-1.4386344844954628,-0.402648842164163,-0.7828906186275568
2001-09-05,-0.027887774532134983,-1.1733967268224696,-1.1143888934756097,1.3254575632291927,-0.15352795149412643
2001-09-06,-0.027887774532134983,0.3397825399988348,-0.5081906146124013,2.4251616393886115,0.6600770370355077
2001-09-07,0.3045882757899058,-0.5573410302781997,1.3667947595459191,-0.4811991333184024,0.15574583451978713
2001-09-10,0.3041748339625922,-0.7383720580804721,1.338599490761571,-1.5023529183235815,1.4331171213927738
2001-09-11,0.9107200339618785,0.0809588349758299,-1.1707794310442743,2.4251616393886115,-1.0990111330969117
2001-09-12,-0.13814113967691227,1.2185364812636044,1.2399160500164077,-3.5446604883339172,1.0675164426263695
2001-09-13,0.5779431778026877,-0.7170406598893708,0.11210529864298865,0.5399546516867767,0.16631329275785786
2001-09-14,0.8508745046132808,-0.3786788483476469,2.240848091860316,-1.1096014625523622,0.7454347268536223
2001-09-17,2.5911800201882333,-0.5593695550703183,0.704205943114015,-1.8165540829405615,-0.32219483681823696
2001-09-18,-0.8980592869933468,-3.3828867329910763,-0.18394502359253234,-0.009897386392943767,-0.3453264738694687
2001-09-19,-0.35493453505420225,-1.0134903055807922,0.02751949228997595,0.14720319591555733,-0.36854484366484097
2001-09-20,0.5169678452003749,0.5694481323539022,0.013421857897809772,-0.6697198320885949,0.18916630284146047
2001-09-21,-0.30017661895395414,-0.4659604166062983,-0.832436205632239,-0.5283293080109506,-1.144807739523885
2001-09-24,-0.4641282580544336,-0.649862300091684,-0.5081906146124013,-0.009897386392943767,0.48656405319440443
2001-09-25,-0.19166186527582624,0.9563389253152261,0.16849583621165334,0.14720319591553502,0.2806752682635503
2001-09-26,-0.13712633060135007,0.1429807177023728,0.6055225023688674,-0.009897386392943767,1.4847250662735603
2001-09-27,0.02673708943805282,-1.3612735918554715,-0.19804265798471415,1.796759310154674,-0.10637996552214563
2001-09-28,-0.19179590034569752,1.1805358348114645,-1.0439007215147629,1.3254575632291927,-0.48110369502459294
2001-10-01,0.35440813412414607,0.0009455569701906099,-0.08526158284736911,0.6970552339952555,0.9257868142684278
2001-10-02,-0.027887774532134983,0.4269084339030698,0.9015728246043884,0.7756055251494949,-0.015635291399577526
2001-10-03,0.13578593367947286,0.7499972216540706,0.2812769113489984,1.0112563986122352,-0.9345582200970398
2001-10-04,-0.027887774532134983,0.18286757965756315,-1.297658140573801,-0.8739505890896442,0.33635659528531975
2001-10-05,0.1356856741276715,0.5460569892559227,0.8028893838592095,0.22575348706979675,0.6645417368878694
2001-10-08,0.9514543253363414,0.867065867406599,0.5632295991923533,-0.009897386392943767,-0.5710746408228956
2001-10-09,-0.08220154398362048,0.18191355923539415,-0.2967260987298774,-0.7954002979353825,-0.4244941218372405
2001-10-10,-0.5716339338764224,-1.0663145844238868,-0.8042409368479223,0.7756055251494949,-2.183441590240846
2001-10-11,-0.19122776122590757,-0.7665810313841624,-1.0439007215147629,-0.402648842164163,0.04137195432676301
2001-10-12,0.02656998982245175,0.728124457559431,-0.31082373312204353,1.6867889025387208,-0.47437646854266413
2001-10-15,-0.19129439661476833,3.0122063434487596,0.8028893838591938,-0.4497790168567111,0.4769529177230537
2001-10-16,0.13551884755049834,-0.6189324181378814,-0.6350693241418969,-0.4811991333184024,-0.76134248936286
2001-10-17,-0.30028772326565256,0.5009461086621128,-0.42360480825938857,1.3254575632291927,0.2595425549797829
2001-10-18,0.08110555211874926,-1.3810655232487858,0.0557147610743083,-0.9525008802438613,-0.3948421451705909
2001-10-19,0.13551884755049834,-0.501343327812391,-0.24033556116119703,0.30430377822403615,-0.13089763927067163
2001-10-22,-0.0823455388867217,0.623659939806688,-0.564581152181066,0.38285406937827554,-1.1218102257093012
2001-10-23,-0.13683663226018158,0.08120263247411223,-1.1566817966521081,1.8753096013089132,-1.230684937526543
2001-10-24,0.02659221067924157,-0.6618121256127023,0.4222532552706758,-0.11986779400889679,0.5976265243514997
2001-10-25,0.13548552306140232,0.4027899584996397,-0.39540953947505625,0.8070256416111861,-0.02769324137497214
2001-10-26,-0.027887774532134983,-1.0449607811825528,0.3094721801333308,-0.6697198320885726,0.6195493150122854
2001-10-29,-0.4092477345063246,-0.40228968022490263,1.3245018563694049,-0.24554825985568426,2.008630636766113
2001-10-30,-0.027887774532134983,1.1085533861293808,0.8310846526435419,-0.92108076378217,0.6481878949536134
2001-10-31,-0.08241225590323786,-0.3208501208061053,-0.31082373312204353,-0.21412814339399297,0.1899380077708664
2001-11-01,0.13565228156680992,0.08142653132570353,0.7746941150748615,0.7913155833803516,1.0565182745979997
2001-11-02,-0.08238999874158548,0.0009455569701906099,-0.5786787865732321,-0.7954002979353825,-0.03853482105403162
2001-11-05,-0.0824011250505265,0.5637144423915099,-1.339951043750284,-0.16699796870142256,-1.4659216143773963
2001-11-06,-0.08241225590323786,0.4223371372622665,-0.0006757764943564026,-0.29267843454823234,0.6930624417085253
2001-11-07,0.0266367068389679,0.6419409353254586,0.7464988462905292,-1.1410215790140537,0.9305270926694873
2001-11-08,0.13561890263714077,0.4408443629028915,-0.5927764209653983,0.17862331237724863,-0.3004858011408404
2001-11-09,0.08106108319591163,0.0009455569701906099,-0.5927764209653983,-0.9525008802438836,-1.5699361762571242
2001-11-11,-0.027887774532134983,0.0009455569701906099,-0.0006757764943564026,-0.009897386392943767,0.007014271406772265
2001-11-12,-0.24582995891106582,0.4801076902883105,-0.15574975480819997,0.14720319591555733,0.6022683222750657
2001-11-13,0.1355855373301258,0.37974542491057856,-1.0861936246912771,0.6185049428409937,-0.7487164320995507
2001-11-14,-0.027887774532134983,0.2996638338157694,-0.5504835177888998,1.0898066897664747,-1.1073872198606818
2001-11-15,-0.027887774532134983,-0.7962920803623632,0.3094721801333308,1.0112563986122352,-0.22331051179635303
2001-11-16,-0.027887774532134983,0.3200924485490139,0.2812769113489984,0.30430377822403615,-0.5234511738908788
2001-11-19,-0.3003989182838902,0.5586447829320954,-0.7337527648870757,0.9327061074579736,-1.196007774622261
2001-11-20,-0.027887774532134983,-0.3574574808374752,0.436350889662842,0.06865290476129562,-0.19012485840151522
2001-11-21,-0.027887774532134983,-0.6372643508596836,-0.4658977114358871,0.38285406937827554,0.14618567766269508
2001-11-22,0.2446233692196202,-0.11886864412332032,-0.18394502359253234,-0.16699796870142256,-0.8174221605659437
2001-11-23,0.0810388623391218,0.30039224703891243,0.23898400817248422,-0.009897386392943767,0.07677871620760403
2001-11-26,-0.1368144114033918,-0.17868693200502025,0.3235698145255126,1.4040078543834322,0.5064859385727132
2001-11-27,-0.2458744369127873,0.6391554648000648,-0.42360480825938857,0.27288366176234485,-1.0860086904861548
2001-11-28,0.08112780019570705,0.45882978239360767,0.6055225023688517,-1.1567316372449103,0.8213719676783756
2001-11-29,-0.08238999874158548,-0.27768414180061113,0.7887917494670433,-0.8425304726279306,1.2010032041520466
2001-11-30,-0.027887774532134983,-0.2580117106891865,0.15439820181948719,1.4511380290760025,-0.07396992554271113
2001-12-03,-0.35513493140354935,0.31963076832075943,0.3799603520941617,-0.402648842164163,-0.4909734178387054
2001-12-04,0.026681275741948066,-1.1159226338782116,-0.3249213675142097,0.8541558163037342,0.26190906318337226
2001-12-05,-0.19162839075336896,-0.25891742467383894,0.23898400817249987,-0.08844767754718316,-0.062479534217869934
2001-12-06,-0.027887774532134983,0.4605515497745819,-0.42360480825938857,0.7756055251494949,-0.8050208208240757
2001-12-07,-0.41034012146534676,0.0009455569701906099,0.3094721801333308,0.35143395291658425,1.2935810986806175
2001-12-10,-0.1372605577885338,-0.23876186686752282,-0.8606314744165869,1.2783273885366446,0.41146848837413413
2001-12-11,-0.027887774532134983,-0.21895301199648723,0.8169870182513757,0.30430377822403615,0.2724814561510556
2001-12-12,-0.08259096976332561,0.8197573879075852,0.4222532552706758,-0.11986779400889679,1.1238388282421983
2001-12-13,0.3547994700229108,0.1405217604824547,0.520936696015839,0.33572389468572744,0.3170938847275544
2001-12-14,-0.08252381494524011,-0.298225099890731,0.5773272335845194,1.9538598924631527,0.8093325210309915
2001-12-17,-0.027887774532134983,-0.019009663264872283,0.46454615844719,0.6970552339952555,0.6814771618404325
2001-12-18,-0.35593897867407565,-0.019010977967921238,-0.5222882490045675,0.6970552339952555,-0.3700279077679725
2001-12-19,-0.13732779515711688,-0.6183600654453718,-0.4095071738672224,-0.08844767754720548,-0.8403202853821785
2001-12-20,-0.08262460911699314,-0.9203638157055491,-0.1416521204160338,0.7756055251494949,-0.2913062410283537
2001-12-21,0.2456842672086392,-0.7019326906314237,-0.42360480825938857,1.0112563986122352,0.5002191922969936
2001-12-24,-0.027887774532134983,0.5031678185322885,-2.044832763358671,-0.009897386392943767,-1.763368563053517
2001-12-25,-0.027887774532134983,0.0009455569701906099,-0.0006757764943564026,2.2680610570801547,0.007014271406772265
2001-12-26,-0.027887774532134983,0.0009455569701906099,-0.0006757764943564026,-0.009897386392943767,0.007014271406772265
2001-12-27,1.6076847943075685,-0.21992965880457935,0.3517650833098293,0.7756055251494949,1.490755540166134
2001-12-28,1.1110814708907097,-0.07941265160524663,-0.1416521204160338,0.7756055251494949,0.2821957937168413
2001-12-31,-0.8952329027627782,0.0009455569701906099,-0.0006757764943564026,-0.009897386392943767,0.1788658061261489
2002-01-01,-0.027887774532134983,0.0009455569701906099,-0.0006757764943564026,-0.009897386392943767,0.007014271406772265
2002-01-02,0.6770445884765294,0.6833117784343496,3.171291961743393,-0.009897386392943767,0.07572543164255137
2002-01-03,-0.35300994933875407,1.061577834662024,-0.0288710452787044,-0.009897386392943767,-0.6808555155476503
2002-01-04,0.24307485306781987,-0.039010948225401264,-1.1566817966521081,-1.1096014625523847,-0.763104741632465
2002-01-07,-0.29885040213208985,0.559857572710562,-0.6914598617105772,-0.4811991333183801,-0.39612858752785485
2002-01-08,0.18890431903740207,-0.07883590538570265,0.055714761074323944,1.6867889025386984,0.5942583103799061
2002-01-09,-0.027887774532134983,0.9569390351806044,0.16849583621165334,1.718209019000412,0.1680037970920408
2002-01-10,0.40516911598058303,0.0804756566587321,-0.16984738920036616,-1.313832219553367,0.35168117150684586
2002-01-11,0.18837759188459544,-0.4168206127157482,0.140300567427321,0.30430377822401383,-0.18824499914634477
2002-01-14,-0.13599856410087185,-0.6567104637147082,0.11210529864298865,-0.009897386392943767,0.8101525195430225
2002-01-15,-0.5690992418928466,-0.019005720194835648,-0.07116394845520294,-1.031051171398123,-0.3827943989551127
2002-01-16,0.08044230670494702,-0.37837860158178704,-1.4809273876719613,-0.5597494244726419,-1.1656708448650481
2002-01-17,-0.08204732173879918,-0.7791585723205036,0.02751949228997595,1.168356980920714,-0.1773817487490942
2002-01-18,-0.08205830856255276,0.5212381405711032,-0.12755448602386762,1.2469072720749756,0.1683674135513249
2002-01-21,-0.29890540318229303,0.12088626946523241,0.4222532552706758,-0.9525008802438613,-0.01603049869945385
2002-01-22,0.1889483288053452,0.6996547533609485,-0.1416521204160338,1.3254575632291927,-0.9047710338492625
2002-01-23,-0.08208029558818822,0.4193987744843699,0.3658627177020111,1.246907272074931,0.15725866001174676
2002-01-24,-0.027887774532134983,-0.6568835824768615,-1.255365237397287,0.7756055251494949,-0.7218439057333227
2002-01-25,0.459449442608564,0.300135913610902,-1.466829753279811,0.539954651686799,-1.177069827987587
2002-01-28,-0.13610809884504188,0.0009455569701906099,-1.1989746998286066,-1.549483093016152,-0.7968259887233754
2002-01-29,0.13442626952152198,-1.0175096687335279,0.647815405545366,-0.9839209967055749,0.5780942174851805
2002-01-30,0.9978163644007269,-1.0008752578210762,0.2530816425646504,-0.7168500067811207,0.6814880562824758
2002-01-31,0.0798522497607075,-0.3002479305566987,-0.07116394845518728,0.22575348706979675,-0.3649087317379814
2002-02-01,-0.2973193851078571,-0.20001661151589872,-0.07116394845520294,2.189510765925893,-0.21404844006394105
2002-02-04,0.07991749402428282,0.5833689220845035,0.16849583621165334,-1.4238026271693422,0.5999999860222393
2002-02-05,0.7792674392745282,0.3618872637893855,0.5491319648001871,-1.8951043740948232,0.6566958903145578
2002-02-06,-0.08162228454091203,-0.48040569116499515,-0.26853082994554506,2.503711930542895,-0.8053230175670794
2002-02-07,0.07957043480024205,-0.09943230306245825,-0.0006757764943564026,0.2257534870697521,-0.563024097232914
2002-02-08,-0.24284745334660823,0.5025025570941299,1.0707444373103983,0.14720319591557965,0.7629371408310807
2002-02-11,0.18707190428233825,0.28145514946523464,0.7605964806826954,-0.009897386392943767,0.6798153909149374
2002-02-12,-0.027887774532134983,-0.09920662296303245,-0.5786787865732321,-1.1881517537066018,0.43537386637449077
2002-02-13,-0.18909130891000736,-0.6207381482199632,-0.31082373312204353,-0.24554825985568426,0.8041047060842382
2002-02-14,0.13331575984573737,0.983022243933818,-0.5363858833967337,-1.1096014625523847,-0.778507946102005
2002-02-15,-0.027887774532134983,0.2809550662643798,0.168495836211669,0.46140436053253725,0.19204092614915888
2002-02-18,-0.24284745334660823,0.540234029318347,0.140300567427321,-0.16699796870142256,0.08792509044566343
2002-02-19,-0.08165474271683763,-0.019010977967921238,-0.32492136751422535,1.215487155613262,-0.46722410202659964
2002-02-20,-0.1892536651837118,0.10071508636216114,0.7183035775061968,-0.29267843454823234,0.7700295852869556
2002-02-21,-0.027887774532134983,-0.5382007119415531,-0.5927764209653983,1.0112563986122352,-0.5245651388859244
2002-02-22,0.40220476311861775,-0.3590191502142699,0.647815405545366,0.38285406937827554,-0.03925764371905779
2002-02-25,0.7231113247705606,-0.07910472506246419,-0.32492136751422535,-0.324098551009946,0.38852960997483554
2002-02-26,-0.4567714589166567,0.2610316632915167,-0.5927764209653983,-0.21412814339397065,-0.4786407782339116
2002-02-27,-0.24258820546480842,-0.17909026731848066,-0.4658977114358871,0.9798362821505217,-0.873932085331287
2002-02-28,0.40134060253388226,0.5207573736416896,0.02751949228997595,-0.8739505890895994,-0.06265203963263816
2002-03-01,-0.3497443581984282,0.2605173371885206,0.3940579864863435,-0.5597494244726419,0.4943156782365769
2002-03-04,-0.2963982512409595,0.4596437455108958,-0.42360480825938857,-1.2667020448608635,-0.5267409520615723
2002-03-05,-0.027887774532134983,0.08064829797695235,0.46454615844717434,-0.6382997156269036,0.42482207220503027
2002-03-06,-0.027887774532134983,-0.19835063118404836,0.4222532552706758,-0.4811991333183801,0.2040963975170783
2002-03-07,0.07954881777905734,0.8768696478650675,0.7324012118983629,-3.309009614871221,0.06495327377629297
2002-03-08,0.13318610986549714,0.12019374384532695,0.46454615844719,-3.6232107794881343,0.2618038781766843
2002-03-11,-0.13525956793185903,-0.6555011789991483,-0.790143302455756,2.03241018361737,-0.4796031468113874
2002-03-12,-0.027887774532134983,0.1004986736675623,-0.11345685163170145,-0.5597494244726419,-0.5733944488827399
2002-03-13,0.07948401886758905,-0.3775304757967102,0.013421857897809772,1.0898066897664969,-0.3999872145100548
2002-03-14,-0.18896165892976713,0.08066402981626139,0.9720609965652193,-0.7168500067811653,0.762405009552877
2002-03-15,-0.08160066751972733,0.6578236694799062,0.7042059431140306,0.6185049428410161,0.7488023833185281
2002-03-18,-0.027887774532134983,0.39836133878482266,-0.8606314744165869,1.8753096013088908,-0.1550844276057704
2002-03-19,0.07952720945336549,-0.2970673868675619,0.5209366960158547,1.0898066897664969,0.5739505801459379
2002-03-20,-0.027887774532134983,0.6760211526695005,-0.21214029237688034,1.7339190772312465,-0.6641778054585492
2002-03-21,0.07948401886758905,0.5359652994443894,0.04161712668215777,-0.009897386392943767,1.1170841265189966
2002-03-22,0.07944086300081442,0.09991966843678446,-0.3108237331220592,0.13149313768470053,-0.5243463457809187
2002-03-25,-0.027887774532134983,-0.11782725808516782,-0.5081906146123857,0.6185049428410161,-0.08549905345122392
2002-03-26,-0.08154670098354766,-0.17730103283033183,-0.31082373312204353,0.5399546516867543,-0.178103916502034
2002-03-27,0.34749847588218824,-0.29636537687558223,0.1262029330351548,-0.4811991333183801,-0.016134089921184445
2002-03-28,-0.18870298360038484,0.8129051738314779,-0.3108237331220592,-0.324098551009946,-0.16665932429684624
2002-03-29,-0.027887774532134983,0.0009455569701906099,-0.0006757764943564026,0.9327061074579736,0.007014271406772265
2002-04-01,-0.027887774532134983,0.0009455569701906099,-0.0006757764943564026,0.06865290476131795,0.007014271406772265
2002-04-02,-0.027887774532134983,0.2184185891835517,0.873377555820056,0.22575348706979675,1.6353185322415233
2002-04-03,0.4007377534306846,-0.5133334552712427,0.23898400817248422,-1.1096014625523847,-0.15423953981499397
2002-04-04,-0.027887774532134983,0.15927827038168985,0.21078873938816753,-0.402648842164163,0.1452374956649157
2002-04-05,-0.18854173300509358,-0.018841506788904533,-0.45180007704372094,-0.2455482598556396,-0.3156125454286103
2002-04-08,-0.027887774532134983,-0.47433215368777165,-0.11345685163170145,-1.3452523360151252,0.07617981827319177
2002-04-09,0.4537844312823463,0.08021031352575167,-0.21214029237688034,0.46140436053253725,-0.3043650122324653
2002-04-10,-0.24185705407923538,0.41674557483168695,0.49274142723152237,-2.2878558298659977,0.6063999967784719
2002-04-11,0.025620620915319914,0.6926797362055898,-0.057066314063036756,1.796759310154629,-0.3501577171921093
2002-04-12,0.025609901012459003,0.2771975281909821,0.1262029330351548,1.0112563986122352,0.29509166380562746
2002-04-15,-0.027887774532134983,-0.41352693476374386,-0.014773410886522578,-0.7168500067811207,0.0761088676067987
2002-04-16,-0.027887774532134983,-0.4734327697237493,0.013421857897809772,-0.324098551009946,-0.10815284112118184
2002-04-17,0.13254097561454925,0.5148218972092996,1.0848420717025644,-0.6382997156268589,0.9270306094190177
2002-04-18,-0.18831652467881924,0.7307313452053015,0.21078873938815187,-0.6854298903194517,-0.004467338535361631
2002-04-19,-0.18841296517160955,0.5323844773357715,-0.12755448602386762,-0.8268204143970961,0.4200565916954139
2002-04-22,0.0791397405627456,0.11891658226321243,-0.0570663140630211,0.02152273006876985,-0.1650128262587915
2002-04-23,0.2394934900099097,-0.07769668802238093,-0.1416521204160338,-0.3869387839333286,0.2592846098137288
2002-04-24,0.4527248578141212,-0.353197428164667,0.2812769113489984,0.5399546516867543,-0.1190925528139206
2002-04-25,-0.027887774532134983,0.0009455569701906099,1.0848420717025644,-1.1567316372448881,0.5454386025726361
2002-04-26,-0.3482000639432062,1.1798155619397994,0.02751949228997595,-1.1567316372448881,-0.02732239378332627
2002-04-29,-0.0813105308546148,-0.17559272803568046,0.943865727780887,-0.009897386392943767,1.001075920728758
2002-04-30,-0.08132122075087461,-0.8045889461904481,-0.42360480825938857,-1.2195718701683154,-0.42674055679340633
2002-05-01,-0.027887774532134983,-0.15648198659725032,-0.0006757764943564026,0.8541558163037565,0.12122529018929916
2002-05-02,-0.08133191492610052,0.0796695559705275,0.33766744891766315,-2.2878558298660425,0.4975927211236948
2002-05-03,0.07898981208057021,-0.7280332866239927,0.7183035775061968,-0.009897386392943767,0.12097948558595847
2002-05-06,-0.027887774532134983,0.7496022038940363,0.8592799214278742,-0.009897386392943767,0.007014271406772265
2002-05-07,-0.13476536114484017,0.6299612596015535,-0.26853082994554506,-0.29267843454821,0.31448938908539675
2002-05-08,0.025556365861830566,0.040215702283327034,-0.5222882490045518,1.9695699506940094,-0.4714260266442904
2002-05-09,-0.08133191492610052,-0.3919851836238295,-0.38131190508289003,0.6970552339952331,-0.46082263779950816
2002-05-10,0.07898981208057021,0.3938762975642107,0.8028893838592095,-0.05702756108549187,0.5432497509782538
2002-05-13,0.18573915413110859,0.844024609536306,-0.0006757764943564026,-2.05220495640328,0.0867915405503931
2002-05-14,-0.027887774532134983,-0.057797828348929235,-0.790143302455756,1.482558145537694,-1.3179438274041941
2002-05-15,-0.027887774532134983,0.059688942289310445,-0.45180007704372094,0.22575348706979675,-0.23351896989373852
2002-05-16,0.18556838918193796,0.21624055649881896,1.3245018563694049,-1.1096014625523622,0.819417326235776
2002-05-17,-0.294734650527853,-0.05775608698120705,0.3940579864863435,-0.08844767754718316,-0.0044117126184700295
2002-05-20,0.13225234816069137,0.7436604784965909,0.7042059431140306,-2.91625815909998,0.4408749752835205
2002-05-21,-0.13463718494331628,0.6249803166820077,0.15439820181948719,0.14720319591555733,-0.24408648619475273
2002-05-22,-0.24151470319537857,0.5653687419632876,0.6619130399375321,-1.4238026271693422,0.37217751079826816
2002-05-23,0.23911919360674352,-0.1741077364391549,-0.6632645929262448,-1.1096014625523622,-0.2211570684630111
2002-05-24,-0.13465852628941502,-0.58329713176742,-0.3531166362985577,1.168356980920714,-0.7014980728032352
2002-05-27,-0.18812399091373347,0.6824525645117848,0.0275194922899916,-0.402648842164163,0.27005823407523205
2002-05-28,0.025534981790344843,0.0398425413508963,0.9156704589965389,-0.08844767754718316,0.5665915110281322
2002-05-29,-0.027887774532134983,1.010517944111652,0.9156704589965545,-0.18270802693227936,0.13248045213092952
2002-05-30,0.07892568552698369,0.0009455569701906099,0.7746941150748615,-0.6225896573960468,0.4513974896720918
2002-05-31,0.07888297722514505,0.8912325827919765,0.16849583621165334,0.22575348706979675,0.20049978929514795
2002-06-03,-0.08126781400776992,0.0009455569701906099,-1.0439007215147629,-0.08844767754720548,0.007014271406772265
2002-06-04,-0.027887774532134983,1.5238374254270453,1.7192356193501046,-1.1881517537066018,0.007014271406772265
2002-06-05,0.07886163587904631,-0.4994145886745993,-0.9029243775930855,0.6970552339952555,-0.9275013354875137
2002-06-06,-0.08125714546768133,-0.07610633926685788,0.21078873938815187,1.4040078543834544,-0.2328142395641434
2002-06-07,-0.08126781400776992,0.21279112747888412,0.9297680933887208,-0.8739505890896219,0.4294318068840651
2002-06-10,-0.08127848681378007,0.0009455569701906099,0.09800766425080683,0.6970552339952331,0.18948458224748418
2002-06-11,-0.18812399091373347,-0.7894148292793237,-0.5927764209653983,-0.402648842164163,0.4626716878625955
2002-06-12,-0.027887774532134983,0.19390661932971373,0.49274142723152237,1.3254575632292152,0.7231779001003997
2002-06-13,-0.027887774532134983,0.0009455569701906099,-0.4940929802202351,0.46140436053251493,-0.23150393976491643
2002-06-14,0.23911919360674352,-0.5589805162235278,0.8592799214278742,-1.5023529183235815,0.8692640370960518
2002-06-17,-0.18805991564595648,-1.4713763602480838,-0.7337527648870757,-0.7954002979353825,0.007014271406772265
2002-06-18,-0.08129984523471219,-0.1350236561333485,0.8169870182513757,0.06865290476129562,0.6067560002265605
2002-06-19,-0.18818811746732,1.2418265721190456,1.0848420717025486,-0.16699796870142256,1.1576398922550706
2002-06-20,-0.2952690390741797,0.42632707969755607,0.4363508896628577,-0.402648842164163,0.05204086103985473
2002-06-21,0.025609901012459003,1.177297580835952,0.6196201367610179,-0.9525008802438613,0.27702221261912985
2002-06-24,-0.08138545007672897,0.5393844641440227,2.0434812103699582,-1.1096014625523622,1.0732537652867409
2002-06-25,-0.08139616997958987,-0.9226793958115258,-0.973412549553932,-1.738003791786322,-0.20590980768816358
2002-06-26,-0.13493674232655734,0.9437827804238995,2.8893392739000383,-0.9525008802438613,2.56261249208465
2002-06-27,-0.18854173300509358,-2.1971398530265307,-1.3117557749659516,-1.4238026271693422,-0.7828466012864916
2002-06-28,0.07922560299204684,-0.09582779468791473,2.1280670167229707,-1.0310511713981005,1.9830451552982313
2002-07-01,-0.18857395724894746,-0.7743562879610897,-0.8747291088087688,0.06865290476129562,-0.6685990183200085
2002-07-02,-0.08147132976111547,-0.057282155786924464,-1.057998355906929,0.7756055251494949,-0.3036487574395448
2002-07-03,-0.13508715236170174,0.15619459128596352,-0.8183385712400885,0.22575348706979675,-0.3262210237176544
2002-07-04,-0.13513020432180758,-0.7566461646123064,0.140300567427321,0.14720319591553502,0.04035561181798581
2002-07-05,0.13295972350687613,-0.2714732778797945,-0.9170220119852517,0.22575348706979675,-0.8500031663406729
2002-07-08,-0.027887774532134983,1.2830662115586204,1.451380565898916,-1.8951043740948008,1.5522007476505402
2002-07-09,-0.027887774532134983,0.3883979830993741,1.43728293150675,-0.716850006781143,1.3452131160865635
2002-07-10,-0.24237264276001266,0.8902098506777908,-0.45180007704372094,-0.9053707055513132,0.932273617919675
2002-07-11,0.13299202544640415,-1.0045024364736044,-0.8747291088087531,-0.7639801814736911,-0.9292784614846346
2002-07-12,-0.2424157206654788,-1.1633490172049867,0.520936696015839,-1.266702044860841,0.5581529202704691
2002-07-15,0.29383954943077556,0.5254319910892121,2.1280670167229707,-0.9525008802438836,1.06217609738346
2002-07-16,-0.08148208411236321,0.4276344378633432,1.451380565898916,-0.08844767754718316,1.680521659511408
2002-07-17,-0.24237264276001266,-1.3977319176882699,-0.8888267432009194,-0.4811991333184024,-0.9761928818008225
2002-07-18,-0.027887774532134983,-0.778897225439331,-0.08526158284735345,0.9798362821505217,0.007014271406772265
2002-07-19,-0.24254505826743755,1.092164161670023,1.2399160500163922,-1.0781813460906486,1.3716514664484911
2002-07-22,-0.24271775119341096,-0.4467579017961848,-0.8465338400244208,0.38285406937827554,-0.30899093543190853
2002-07-23,-0.027887774532134983,-2.4831418293654686,-2.4818594295158696,1.2469072720749534,-1.0087885900654134
2002-07-24,-0.18912375402300827,-0.3724476225344366,0.06981239546649012,0.8541558163037342,0.22577703295583
2002-07-25,0.025868369904465914,0.3939782648279562,1.3949900283302514,-1.8165540829405615,0.5095224317647068
2002-07-26,-0.08164391896873588,-0.6675137929903509,-0.08526158284738476,1.6396587278461952,0.9658343851248422
2002-07-29,0.13334820495873828,-0.3732487654136743,-2.636933407829713,2.7864929786981394,-1.859159278645881
2002-07-30,0.13325090877696544,1.259550041788148,0.19669110499600134,1.466848087306837,-0.04773936877332753
2002-07-31,-0.29650629289550784,0.8436427921143583,-0.7337527648870914,-0.4340689586258767,0.3134971611578892
2002-08-01,-0.08164391896873588,-1.411408971192865,-0.3249213675142097,-0.16699796870142256,-1.5177584537169868
2002-08-02,-0.13543253900924715,0.04026667930082442,1.5923569098205934,-1.266702044860841,2.100083066656076
2002-08-05,-0.08167640329434675,0.0009455569701906099,-0.5222882490045518,-0.24554825985568426,-0.8349112225171402
2002-08-06,0.18720176314378983,-2.88299528551306,-2.0730280321430192,1.5611084366919332,-2.2137528779633353
2002-08-07,0.02585755051336035,0.7740049270920958,0.1262029330351548,1.6396587278461727,-0.8552346005209303
2002-08-08,-0.18915621219893386,1.3244331223568402,-0.15574975480819997,-1.10960146255234,-0.9911912518335837
2002-08-09,0.02587919365256767,-0.5909459857166903,0.5914248679766856,1.4040078543834322,0.31794773067418497
2002-08-12,-0.2968309401676642,1.0655190142199409,0.7183035775061968,-1.816554082940539,-0.3817064080956302
2002-08-13,-0.027887774532134983,0.13867228846116278,0.26717927695683225,-1.580903209477821,0.6841507489051841
2002-08-14,-0.13554092922017028,0.25655775290710103,0.8169870182513757,-2.91625815909998,1.521867361788717
2002-08-15,-0.027887774532134983,-0.392393370457692,-1.1284865278677758,0.7756055251494949,-1.5189262553255292
2002-08-16,-0.1355843465050561,1.2774340260696857,0.6760106743296983,0.06865290476129562,0.2840688582427574
2002-08-18,-0.027887774532134983,0.0009455569701906099,-0.0006757764943564026,-0.009897386392943767,0.007014271406772265
2002-08-19,-0.13562779882497747,-0.2735362557453751,-0.3672142706907239,0.46140436053253725,0.48290931222624217
2002-08-20,0.025987671345656004,-0.09714396995431121,-0.09935921723953528,1.718209019000412,-1.5676235479941591
2002-08-21,-0.1895467321001794,0.5890068277636052,-0.42360480825938857,-1.4238026271693422,0.29598974532041133
2002-08-22,-0.027887774532134983,-0.6459846801825712,0.11210529864298865,1.4040078543834544,0.195799022965976
2002-08-23,-0.13571480873998018,-0.47041849916430206,-1.0298030871225967,1.6396587278461727,-1.0273057140260629
2002-08-26,-0.027887774532134983,0.4919338731257038,0.0557147610743083,-0.5911695409343332,0.5635740313667643
2002-08-27,-0.13575836641996966,1.5667813800355759,1.0284515341338996,-1.3138322195534116,0.25155134247543837
2002-08-28,-0.13580195930552244,0.21561637225173316,0.7324012118983629,-0.7168500067811207,0.7504309625664659
2002-08-29,0.08002641024125247,-0.2527726660932418,0.23898400817248422,0.6970552339952331,1.002544478624783
2002-08-30,0.026052968321046643,0.3521911531188289,-0.1416521204160338,-1.4238026271693198,1.218997176615336
2002-09-02,-0.18974270215870406,-0.8974929255661143,-0.16984738920036616,1.168356980920714,-0.433101445999078
2002-09-03,-0.08186122526404868,0.0009455569701906099,1.2540136844085739,-1.1881517537066018,1.1060121615689422
2002-09-04,-0.13586741473666186,-1.0375265665161086,0.5209366960158547,-1.031051171398123,0.4673131393660951
2002-09-05,0.0800918656723919,0.02057236006441235,0.3940579864863435,1.168356980920714,0.7615844669579837
2002-09-06,0.2957894124762198,0.2167565003865992,-0.8042409368479223,0.7756055251494949,-0.23335309318251365
2002-09-09,-0.08180673414735394,0.7061628163429704,-1.74878244112315,-0.009897386392943767,-0.8578239638727275
2002-09-10,-0.027887774532134983,0.372482677467749,-0.4799953458280689,-0.009897386392943767,-0.8604972429187567
2002-09-11,-0.027887774532134983,0.0009455569701906099,-0.15574975480819997,1.9538598924631527,0.4685567525140841
2002-09-12,-0.2976460019252708,0.4110623517953733,0.11210529864298865,0.5870848263793248,-0.26762195031449426
2002-09-13,-0.13586741473666186,-0.1161740212830496,0.7464988462905292,-0.6540097738577604,0.9177734154218553
2002-09-16,-0.29802805714299724,-0.5462120289088583,-1.7910753442996485,-0.009897386392943767,-2.192626525258879
2002-09-17,0.026162149058357165,0.0987247842140822,-0.4799953458280689,4.671699966399997,-1.2323569584533667
2002-09-18,-0.027887774532134983,-0.527437635258409,1.0707444373103983,-1.266702044860841,0.8707260259531169
2002-09-19,0.02615121109946437,0.7052518586536014,1.2540136844085739,-0.402648842164163,1.5836150179125499
2002-09-20,0.13416359885663576,-0.27275677972851203,-0.33901900190639156,1.5611084366919332,-0.33401521649247096
2002-09-23,-0.18993914792090574,-0.4492458673927123,0.5773272335845194,-0.009897386392943767,0.8203996451611918
2002-09-24,-0.08192676016373433,-0.8228735837846692,-0.04296867967085493,1.482558145537694,-0.31146402556434144
2002-09-25,-0.027887774532134983,0.726808397208163,-0.8042409368479223,-1.738003791786322,0.490081019531057
2002-09-26,-0.13599856410087185,-0.4500618806334108,0.35176508330984496,0.5399546516867767,0.2591959088838349
2002-09-27,-0.08195958732948234,0.15789388454806721,-0.24033556116121269,-0.8739505890896442,-0.5964061558082759
2002-09-30,-0.027887774532134983,-0.17562703062870647,1.1412326092712288,-1.266702044860841,0.9280802099374474
2002-10-01,-0.13606425832353128,-0.3918068681648385,0.013421857897809772,0.8541558163037342,1.012344451171889
2002-10-02,-0.027887774532134983,0.1384668394918692,-0.3672142706907082,1.3254575632292152,-0.8013372998487682
2002-10-03,-0.027887774532134983,0.37390319366108343,0.7746941150748615,-0.1669979687014449,0.49885678716918425
2002-10-04,-0.027887774532134983,0.4322183349660548,-0.35311663629854206,-0.009897386392943767,-0.200547440591564
2002-10-07,-0.027887774532134983,0.0009455569701906099,-0.8042409368479223,1.4511380290760025,-0.5618355859522746
2002-10-08,0.026205945208615116,0.5293970312341569,-0.11345685163170145,0.7284753504569468,0.21499696006171368
2002-10-09,-0.19020181858579197,-0.4491586125056036,0.19669110499600134,-0.5597494244726419,-1.3641299842173538
2002-10-10,-0.027887774532134983,0.07927260258049376,0.8592799214278742,-0.6697198320885949,1.3234411821809149
2002-10-11,-0.0820143879915394,0.05967755239385691,-0.25443319555337884,0.8070256416111861,-0.24482301016069227
2002-10-14,-0.027887774532134983,-0.17528460340565316,-0.0006757764943564026,-0.009897386392943767,-0.04776287965635074
2002-10-15,-0.027887774532134983,-0.09700440845844326,-0.6632645929262448,0.5399546516867543,-0.8159285504240733
2002-10-16,0.026238838927269446,0.0009455569701906099,0.18259347060381953,0.6185049428410161,0.072938571732875
2002-10-17,0.24258084636951555,0.5881708112164931,-0.8465338400244208,-0.6382997156269036,-0.04792157009443536
2002-10-18,0.08022301503660188,0.2745949087607362,-0.3954095394750406,1.3254575632292152,-0.7191484494750329
2002-10-21,-0.29824686068961553,0.6644951442177865,0.18259347060381953,-0.402648842164163,0.018030766965920833
2002-10-22,-0.027887774532134983,0.07891473769636155,0.2812769113489984,0.38285406937827554,-0.2244229954129081
2002-10-23,-0.027887774532134983,-0.27203442393029537,0.09800766425082247,-1.4238026271693422,0.10622504222054241
2002-10-24,-0.027887774532134983,0.09846665032360169,-0.5222882490045675,-0.402648842164163,-0.07014663039965155
2002-10-25,-0.027887774532134983,0.3322826239245501,0.3517650833098293,-0.08844767754718316,0.7996579844985352
2002-10-28,0.13436052205660867,0.1178015728662571,-0.2544331955533632,1.2469072720749534,-0.5762420438726568
2002-10-29,0.296313374056972,0.6622794756893061,1.0566468029182163,-1.9736546652490403,1.260068619250195
2002-10-30,-0.35208892312124196,-0.7382873631936849,0.06981239546649012,-1.0624712878598142,-0.2233915502560889
2002-10-31,0.08022301503660188,-0.3498480727952752,0.5491319648001871,-0.6854298903194294,0.347070703013453
2002-11-01,-0.4064671850025224,0.33226130578826957,1.5500640066440792,0.30430377822403615,0.3576086112924655
2002-11-04,-0.027887774532134983,1.031551209720305,-0.42360480825938857,-0.009897386392943767,-0.7055897801798313
2002-11-05,-0.13615197491530584,0.21440614557487722,1.1271349748790627,-1.1881517537066018,0.7524640989780695
2002-11-06,-0.027887774532134983,-0.13487559369859578,-0.9734125495539163,0.38285406937827554,-0.6286863241304277
2002-11-07,-0.027887774532134983,0.6213457030777848,0.8169870182513757,-0.716850006781143,0.9053427795057437
2002-11-08,-0.2987404669767562,0.310669781755004,1.324501856369389,-1.1881517537066018,2.1209488706297095
2002-11-11,-0.027887774532134983,-0.15387696899093664,0.26717927695683225,-2.2093055387117806,1.1445475081393692
2002-11-12,-0.027887774532134983,-1.0073343269672392,-0.6350693241418969,0.30430377822403615,-0.5882614108567001
2002-11-13,0.026304746523918256,0.3503454533246665,-0.183945023592548,-0.08844767754718316,-0.3073674848139915
2002-11-14,-0.027887774532134983,-0.3290326572407253,0.379960352094193,1.011256398612213,-0.025528088190738943
2002-11-15,-0.2989604265657037,0.6799211072381873,-0.9311196463774492,0.46140436053253725,-1.3043232718493738
2002-11-18,-0.19066354707460925,0.03969822963207557,0.5068390616236885,0.46140436053251493,0.6449635109519908
2002-11-19,-0.027887774532134983,-0.3092147316912107,0.8451822870357081,-0.009897386392943767,0.962311076919864
2002-11-20,0.026381841869901963,-0.7369604485032835,-1.4950250220641277,2.1423805912333225,-1.841381707204197
2002-11-21,-0.027887774532134983,0.46720054710187364,0.21078873938816753,0.11578307945386604,0.20330403642037445
2002-11-22,-0.08215739093417192,0.4083307779657547,-0.14165212041604947,0.5713747681484456,0.7473168774520574
2002-11-25,-0.027887774532134983,-0.057218797952706686,-1.6782942691623035,-0.24554825985566192,-1.5630028564262937
2002-11-26,0.026381841869901963,-0.3482753091024761,0.06981239546647447,-0.9053707055513355,-0.40876466772184605
2002-11-27,-0.027887774532134983,0.059177000957529036,0.23898400817249987,-0.5597494244726419,-1.3870491420604298
2002-11-28,0.13485493030439086,-0.6402168491050868,-0.0006757764943564026,0.8855759327654255,0.30397010511530415
2002-11-29,0.13475580774929197,0.6615159569940299,-0.0006757764943564026,0.03723278829960434,-0.11392980828484614
2002-12-02,0.24296491791248626,-0.19319036292796998,-0.790143302455756,1.6396587278461727,-0.4883004160836743
2002-12-03,-0.4071585141775622,-0.15445281270640104,1.3526971251537527,1.7496291354621256,1.9283470840186934
2002-12-04,-0.24485601444928182,0.2728404086090427,0.7183035775061968,0.6342150010718505,0.9136966785959147
2002-12-05,0.13485493030439086,0.23380419658521454,-0.38131190508289003,0.571374768148468,-0.3749645801296952
2002-12-06,0.13475580774929197,-0.07665410156835571,0.21078873938815187,-0.08844767754718316,-0.08036822562705338
2002-12-09,-0.2990154722959595,0.42749787989690535,1.2258184156242573,-3.1519090325626977,1.0102740978487021
2002-12-10,-0.027887774532134983,-0.0184301596353015,0.25308164256466603,0.5399546516867543,0.07231985229038246
2002-12-11,-0.19069662822141834,-0.5420783052487245,-0.620971689749762,0.5399546516867767,-0.7340069642356438
2002-12-12,0.13492107915714835,0.13679281286788306,1.2540136844085896,-0.8425304726279306,0.7262686685086936
2002-12-13,-0.24498831217116174,0.9308319831626669,0.9156704589965389,-1.1410215790140537,0.9306193510432927
2002-12-16,-0.13650426843861674,0.039628944475527665,-0.12755448602385197,-3.1519090325626977,0.2022118521681694
2002-12-17,-0.19089539781785475,0.1556297249932367,1.3385994907615553,0.14720319591553502,1.1105767852075015
2002-12-18,0.0807950298118833,-0.13439876967687092,-0.945217280769584,0.9327061074579736,-0.09018452868084899
2002-12-19,-0.2452976351777383,-0.018394284405793934,0.46454615844719,-0.3240985510099013,0.7190249685195108
2002-12-20,-0.354334815906023,-0.05708137697987918,-0.25443319555337884,-0.6068795991652123,-0.18699138885764996
2002-12-23,-0.35473438398793306,-0.6187010501102255,0.3799603520941617,-0.009897386392943767,-0.42459016979848696
2002-12-24,0.08110555211874926,-0.1929542482992398,0.19669110499600134,-0.5911695409343332,-0.9231890313880573
2002-12-25,-0.027887774532134983,0.0009455569701906099,-0.0006757764943564026,-0.009897386392943767,0.007014271406772265
2002-12-26,0.08106108319591163,0.0009455569701906099,-0.0006757764943564026,-0.24554825985568426,0.8292126728951992
2002-12-27,-0.027887774532134983,0.5048271128079282,1.1271349748790627,-0.402648842164163,0.19059788046476053
2002-12-30,-0.4094034075708723,-0.13463242784635754,0.6478154055453503,-0.16699796870142256,0.24441493600790715
2002-12-31,0.35362785850660233,0.5042153322489175,0.9156704589965389,-0.009897386392943767,1.0728391527320387
2003-01-02,-0.13683663226018158,-0.541071933800908,-0.5786787865732321,-0.009897386392943767,-0.4554226159683256
2003-01-03,0.02659221067924157,-0.09594542215251069,-0.7619480336714237,-0.009897386392943767,-1.3740693572280263
2003-01-06,-0.13685886218494528,1.296716904667684,1.3526971251537527,-0.9525008802438836,2.0009313558439654
2003-01-07,-0.08238999874158548,0.9451022328891283,-0.8888267432009194,0.22575348706979675,-1.03667819449395
2003-01-08,-0.0824011250505265,-0.15300159859482082,-0.6773622273183953,1.0898066897664747,-0.19787570787801173
2003-01-09,-0.08241225590323786,0.6930924500705014,1.832016694487434,-1.9736546652490403,0.8364342233313576
2003-01-10,-0.08242339130244707,-0.26803478014386356,-0.0570663140630211,0.9955463403813785,-0.07904521259957022
2003-01-13,-0.08243453125064441,1.4582617928676436,0.6478154055453503,-0.009897386392943767,-0.4560081253665771
2003-01-14,-0.30078881676892466,0.5360890763436356,0.39405798648635915,-1.015341113167266,0.14707836720038311
2003-01-15,0.1904553664856393,0.09640749260274911,-0.7196551304949252,-1.3452523360151027,-0.7588042253882149
2003-01-16,0.08121688340538984,0.020034334456953694,0.5350343304080208,0.22575348706979675,0.6435453156879923
2003-01-17,-0.1369924324696598,0.49683201085318834,1.2399160500163922,-0.32409855100992363,1.2864892267469252
2003-01-20,-0.19162839075336896,0.17240959431922231,0.013421857897809772,0.30430377822403615,-1.0247120313571831
2003-01-21,0.19041074290811436,-0.41836023199262357,-0.0006757764943564026,0.9327061074579736,0.01778099239408841
2003-01-22,-0.24618629197238434,0.3250055301469575,0.9156704589965702,-1.0310511713981005,0.3835895216162536
2003-01-23,-0.027887774532134983,-0.552071543848442,0.5491319648001871,0.8541558163037342,1.230082207877268
2003-01-24,-0.24636489581099555,1.1630190046317594,0.3799603520941617,-1.1410215790140537,0.947505039856568
2003-01-27,0.08137312985115795,0.0009455569701906099,1.2117207812320598,-0.21412814339399297,0.8167276747790003
2003-01-28,0.13591980442366924,0.0009455569701906099,-0.8747291088087531,1.1212268062281658,-0.024903851255652424
2003-01-29,-0.35560347930150177,-0.8177570636916504,0.8451822870357081,-0.6697198320885726,0.9841892130146463
2003-01-30,-0.24658856201261545,-0.18976795776553224,-1.6923919035544854,0.6970552339952331,-0.35371936769355516
2003-01-31,-0.13730537351728703,0.11538807408563637,0.9579633621730375,0.5399546516867767,0.7915476551729919
2003-02-03,-0.13735022598801364,-0.4570841655561077,-1.227169968612939,1.8753096013089132,-1.3407655602599355
2003-02-04,-0.027887774532134983,-0.17099430378700717,1.3104042219772543,0.2257534870697744,0.7506854973509816
2003-02-05,-0.1373951152455394,1.4688417200831518,1.2399160500163922,-1.1096014625523622,0.6746376780750043
2003-02-06,-0.19223303354299362,-0.6463395253155717,-1.368146312534632,0.6185049428410161,-0.5227154679351783
2003-02-07,-0.08269201209483419,0.5341043212533673,-0.3390190019063759,-0.4811991333184024,-2.1753921808840126
2003-02-10,-0.19236800553306724,-0.11322377616676,0.26717927695683225,1.168356980920714,0.8500502433946355
2003-02-11,0.08177696893417101,-0.5705474723368373,-1.4386344844954628,-0.009897386392943767,-1.552991532982696
2003-02-12,0.4103213848743117,0.7246548032736099,0.3517650833098293,0.46140436053251493,-0.1108724342269414
2003-02-13,-0.027887774532134983,-0.3226053840761976,0.379960352094193,0.30430377822403615,0.25344820593670825
2003-02-14,0.354956228804518,0.9705634279150648,0.49274142723149106,-0.8739505890896219,-0.421705663146374
2003-02-17,-0.5749759531670505,-0.9305895548789253,-1.0861936246912458,0.14720319591553502,-1.8979718422401188
2003-02-18,-0.13744004133516446,0.03902352879261367,-0.028871045278720055,-1.9736546652490403,-0.32796209755564515
2003-02-19,-0.24712723396339017,-0.1323482913626937,0.041617126682173426,-0.32409855100992363,-0.25259713974161146
2003-02-20,0.026938967593965586,0.9137848177139508,0.6478154055453503,-0.24554825985566192,0.40714832394701433
2003-02-21,0.1365249427730196,0.7595491727181116,1.0566468029182319,-0.8425304726279306,-0.0686430231829754
2003-02-24,-0.1923004918372896,-0.09377606281681919,-1.6500990003779867,0.03723278829960434,-1.9781546674856825
2003-02-25,0.2460772095760491,1.3432244796863704,0.7464988462905136,-1.738003791786322,-0.08009023971486254
2003-02-26,-0.4115175021066251,0.0009455569701906099,-0.2967260987298774,0.22575348706979675,-0.12369320557246115
2003-02-27,-0.08273703971156611,0.2837661546365032,0.9720609965652349,-0.8739505890896219,0.833802049614068
2003-02-28,-0.08274830817899592,-0.35733848539347524,-0.564581152181066,1.3254575632291927,-0.07990140986426268
2003-03-03,-0.08275958127771312,0.2084248091390211,0.25308164256466603,0.7284753504569468,-0.8091319753619849
2003-03-04,-0.08277085900997082,1.468099487376712,1.6769427161736061,-1.0624712878598142,0.6709932763030264
2003-03-05,-0.13768779523510685,0.5258876597891562,0.6619130399375165,-0.32409855100992363,1.3302781479832329
2003-03-06,0.02701787932376378,-0.5615272441310177,-0.04296867967085493,0.03723278829960434,1.0223395854964927
2003-03-07,0.13676148353835207,0.019711487369792082,1.0707444373103983,-0.025607444623778248,0.3625889326492689
2003-03-10,-0.08275958127771312,-0.1867660840673284,0.04161712668214212,-0.9367908220130268,-0.9097757012237542
2003-03-11,-0.08277085900997082,0.16989126760810816,0.5350343304080208,0.17862331237724863,0.384878791196611
2003-03-12,0.02699530994570086,-1.6927668509479603,-0.7337527648870914,0.8541558163037342,1.287961443904988
2003-03-13,-0.027887774532134983,-2.367255090066333,-2.3126878168098597,0.8541558163037342,-0.7242394879762318
2003-03-14,-0.027887774532134983,0.4950586536520185,-1.2553652373973025,0.30430377822403615,-1.3313734216003235
2003-03-17,-0.027887774532134983,1.1192214359258597,0.3658627177020268,-0.4811991333184024,-1.4900246110849225
2003-03-18,-0.027887774532134983,-1.5924241573388254,-3.0316671708104286,1.168356980920714,-1.7496840344035063
2003-03-19,0.026984032213443157,0.019963624184013533,-0.2262379267690465,0.06865290476129562,-0.9688199389180512
2003-03-20,0.6296959271669098,-0.03709177157211327,0.3094721801333308,2.032410183617392,1.2672844243408168
2003-03-21,-0.5209236760646823,0.13405531510832303,-0.28262846433771116,-0.009897386392943767,-0.14610772210847148
2003-03-24,-0.24730738144421063,0.15299940490100764,0.8733775558200404,1.4040078543834544,0.8481532701038618
2003-03-25,-0.08277085900997082,0.4187005028157932,0.8028893838592095,-1.6594535006320827,0.399410885467183
2003-03-26,-0.4123855322331116,0.09580956621648841,-0.3390190019063759,0.11578307945386604,-0.6472852149905183
2003-03-27,-0.24784960458666278,0.5695065675078282,0.7887917494670433,-0.1355778522397536,0.29073135482930124
2003-03-28,0.027119671658310324,-0.0937405322158506,0.09800766425080683,0.5870848263793248,-0.9763077113836643
2003-03-31,-0.3030383878381354,0.8142802998460119,2.325433898213313,-0.13557785223973126,1.6983766700198046
2003-04-01,-0.027887774532134983,0.09537778813326411,-0.0570663140630211,-2.963388333792528,-0.37401628190759917
2003-04-02,-0.027887774532134983,-0.11237665364765743,-0.8606314744165869,-0.5911695409343332,-0.2654674803038732
2003-04-03,-0.5238744653209632,-0.22582612904604465,-1.8051729786918147,1.2469072720749534,-1.1841071447399285
2003-04-04,-0.08305431673588011,-0.1503299392501635,0.25308164256466603,1.9538598924631527,0.30253405300442376
2003-04-07,-0.08306571595932588,-0.946241785951621,-1.9461493226135078,1.2469072720749534,-1.6387140522219303
2003-04-08,0.1376118567879435,0.6642875577583387,1.0989397060947306,-1.266702044860841,0.13902825961069187
2003-04-09,0.192618965154946,0.5683705098750699,1.155330243663395,-0.1669979687014449,0.40268405979130356
2003-04-10,-0.30354966190835847,0.5484478218916773,0.8874751902122066,0.38285406937827554,0.8733393853707523
2003-04-11,-0.027887774532134983,0.18951022033581666,-0.9875101839461139,-0.5597494244726419,0.7396557458153573
2003-04-14,-0.027887774532134983,-0.39517590399738534,0.027519492290007254,1.4040078543834544,0.4107890899798698
2003-04-15,-0.027887774532134983,-0.18786593418244307,0.6619130399375165,-0.716850006781143,-0.17843175434285674
2003-04-16,-0.30383452491999835,0.9061692876571372,0.7324012118983474,0.08436296299215244,0.3668858668362382
2003-04-17,0.02732439284892871,1.016099137542231,1.1835255124477588,-1.9108144323256577,0.19222273502465412
2003-04-18,-0.027887774532134983,0.0009455569701906099,-0.0006757764943564026,1.0898066897664747,0.007014271406772265
2003-04-21,-0.13832352738296447,0.0009455569701906099,-0.0006757764943564026,0.46140436053251493,0.007014271406772265
2003-04-22,0.08254797831869448,0.07600695382276593,0.7183035775061811,0.9327061074579959,-0.02566069507012565
2003-04-23,-0.2488049714857584,1.1433331481315416,-0.3813119050828744,-0.8739505890896442,0.20300703151410338
2003-04-24,0.02735866128864323,0.057017552708980394,0.9015728246043727,-0.24554825985566192,1.4617851650864344
2003-04-25,0.02734723374988074,0.0009455569701906099,-0.4940929802202351,0.2257534870697744,-0.3939231548588954
2003-04-28,0.02733581093763079,-0.5976915261096475,0.7324012118983786,-0.16699796870142256,0.8623768236872011
2003-04-29,0.02732439284892871,0.5061235465781697,-0.9734125495539476,-0.009897386392943767,-0.5015581281415323
2003-04-30,-0.13832352738296447,0.5052824395559287,2.466410242135006,-0.6382997156269036,0.5263973538239002
2003-05-01,-0.027887774532134983,0.7651883477370989,-0.0006757764943564026,-1.10960146255234,0.8489671006149665
2003-05-02,0.02733581093763079,0.9674637607543178,1.5218687378597469,-0.4811991333184248,0.36246611125619654
2003-05-05,-0.08311136000190075,-0.1661159044472757,-0.2967260987298774,-0.009897386392943767,-0.10065087457206648
2003-05-06,-0.2488963918135277,0.8353330061854545,1.7756261569188008,-0.08844767754718316,0.3083726571761722
2003-05-07,-0.24907945964750344,1.1467941752009179,1.1694278780555611,-1.3766724524767717,-0.15438747707378514
2003-05-08,-0.08321433571373647,-1.1263871979674687,0.112105298642973,-1.6280333841703691,-0.8445700993602498
2003-05-09,-0.41549500196756617,1.3126873432022232,0.4363508896628577,0.6970552339952331,0.384617328363512
2003-05-12,-0.19417754425715547,1.0315665685242226,1.8461143288796003,-0.3240985510099013,1.136784690078731
2003-05-13,0.027553655457814213,0.0009455569701906099,-1.1143888934756097,0.14720319591553502,-0.6595382510704049
2003-05-14,-0.19424660864524387,-0.6427815313283491,-0.26853082994554506,-0.6382997156269036,0.6843046789341936
2003-05-15,-0.027887774532134983,-0.2569288104608507,-0.5786787865732321,-0.5597494244726419,0.6612495800949599
2003-05-16,-0.027887774532134983,-0.2940370742041665,0.4786437928393562,0.06865290476129562,0.18907073149051798
2003-05-19,-0.472018682047978,2.6089321816522233,2.254945726252482,-1.6594535006320603,1.4379281909459543
2003-05-20,-0.6954722387006826,0.0558023858512908,-0.11345685163168581,2.8650432698523787,-0.22741189898496253
2003-05-21,-1.0324042440606336,0.3846654438695479,0.6337177711531841,-0.6540097738577381,1.166575834210242
2003-05-22,0.8094714772768313,-0.7303688143059271,0.43635088966282637,1.529688320230242,-1.0779359038560863
2003-05-23,0.13926944318739728,0.2753953949429777,0.9861586309574011,-0.5597494244726642,0.6669935408451206
2003-05-26,-0.2507873255273188,0.4395487328935137,0.32356981452549693,-0.6697198320885949,-0.12060258531936222
2003-05-27,-0.36258635177848647,0.03746717088576656,1.2399160500163922,-0.3712287257024494,0.62329220388493
2003-05-28,0.6410903956108643,-0.3827511842893367,-2.2985901824176933,0.9327061074579736,-1.077689239566748
2003-05-29,0.36157693167911503,-1.6489964205264656,0.25308164256466603,2.660812512851352,0.8687389240396952
2003-05-30,-0.027887774532134983,0.8087067435066116,0.9297680933887051,-0.9525008802438836,0.5906313330350041
2003-06-02,0.6939002531627015,-0.34759619494593835,-2.115320935319502,1.0112563986122352,-1.8648483951316372
2003-06-03,-0.7496758022269714,1.4475199229778926,0.7183035775061811,-0.9525008802438613,0.5400642561193142
2003-06-04,-0.8631516603881585,0.4572869995254685,-0.4518000770437053,0.5399546516867543,-0.2380629827859778
2003-06-05,0.13937414549164232,0.3837417911199774,1.1835255124477275,-0.4811991333184024,0.6778037537280908
2003-06-06,-0.5299881667509602,0.6196870773207206,0.5350343304080208,-1.031051171398123,2.75851408074831
2003-06-09,0.4184702844110387,0.0009455569701906099,-1.227169968612939,1.0112563986122352,-1.4288665084225987
2003-06-10,-0.4742458334753087,-1.5848325386372846,-0.3813119050829057,-0.4811991333184024,0.017599073406201395
2003-06-11,-0.5309340393204997,-0.05388479261362243,0.6901083087218801,-0.6068795991652123,1.3059099772091733
2003-06-12,-0.3077679454079039,1.3687355873862705,-0.19804265798471415,0.16291325414639182,1.0271237287168404
2003-06-13,0.02811173213990663,-0.05364762429840508,0.23898400817249987,-0.4497790168567111,-0.4237136963426059
2003-06-16,-0.3640611046057074,0.6190928830226802,1.451380565898916,0.14720319591555733,1.4750755534743756
2003-06-17,0.02817051193116368,0.5634531753493206,-0.8042409368479223,-0.1669979687014449,-0.3173951354855021
2003-06-18,-0.3644141537750073,-0.1441177276693173,-1.3822439469267982,0.7756055251494949,-0.02440009714058298
2003-06-19,-0.027887774532134983,-0.8527070827274567,-0.6209716897497307,0.8541558163037565,-0.7059895423938017
2003-06-20,-0.2524745384748531,0.9452708903280096,-0.0006757764943564026,-0.6382997156269036,0.11198144642740854
2003-06-23,0.19669898941058314,-0.5616631682556885,-1.6360013659858206,0.06865290476129562,-1.708865472420254
2003-06-24,0.08433481446451212,-0.5809099850687593,0.3658627177020268,-1.0310511713981005,1.1240545585338289
2003-06-25,0.08428767201856141,-0.017255450422926765,-0.19804265798471415,-0.24554825985568426,0.3538665214307653
2003-06-26,-0.4768725740221966,0.8370620320759058,-1.678294269162319,1.168356980920714,-0.49763991281741965
2003-06-27,-0.30888711287637977,-0.48953865269650737,-0.26853082994554506,1.8753096013089132,-1.2480351577399678
2003-06-30,-0.027887774532134983,0.23720376308750302,0.19669110499600134,0.6185049428409937,-0.521996540018558
2003-07-01,-0.08412314308520487,1.0527813379332975,1.6346498129971077,-0.3240985510099013,0.8423950759847328
2003-07-02,-0.14039405240756375,0.9228274284888045,-0.1134568516317171,-0.716850006781143,0.6082168147500924
2003-07-03,-0.30936102351682065,0.43380340798962674,-1.1002912590834433,-1.5023529183235815,-0.11944770328275202
2003-07-04,-0.47886300789623726,0.09104647242930339,0.12620293303517047,0.22575348706979675,0.6387550729472851
2003-07-07,-0.31013454701681253,0.5949403849705425,-1.4950250220641588,-0.4811991333184248,-1.6490582247183108
2003-07-08,0.028585451138212214,-1.7121993706275436,-0.47999534582803766,0.11578307945386604,-1.7546864124625279
2003-07-09,-0.027887774532134983,-2.3591703387316696,0.408155620878494,0.25717360353146573,-0.28057593079703436
2003-07-10,-0.48000834236875994,-1.7171284963598679,-0.1839450235925167,-0.8739505890896219,0.4329687945789199
2003-07-11,-0.42412219299109366,1.1169753394893784,-0.3813119050829057,0.14720319591555733,-0.15264292408955504
2003-07-14,-0.4814482174799007,-0.36451297254915915,-0.2262379267690465,-0.27696837631737553,-1.1879724050861407
2003-07-15,0.3123547602490787,-0.05391127191090959,0.2812769113489984,0.021522730068747525,-1.3756892531353477
2003-07-16,0.42509561922902633,-0.9881799717691764,-2.552347601476716,0.7756055251494949,-2.2260778524423017
2003-07-17,0.31134620704769006,0.6241047908028389,1.3104042219772543,-0.16699796870142256,0.49398283200151866
2003-07-18,-0.197450895852808,-1.283429653469905,-0.3672142706907082,1.215487155613262,-0.32836239321730626
2003-07-21,0.14167534678853802,0.019332170557359165,1.1130373404868965,-0.009897386392943767,-0.1770722579628669
2003-07-22,-0.027887774532134983,0.9921689802208987,0.8310846526435419,0.41427418583996684,1.2391730523381905
2003-07-23,-0.48029558556065977,-0.25572699901711127,0.8169870182513443,-0.24554825985568426,0.14718060573476346
2003-07-24,-0.1977385042620482,1.9753812197510483,0.9297680933887364,-0.402648842164163,1.1365681629750417
2003-07-25,0.028741140235808614,0.12847521681808244,0.14030056742730534,0.5399546516867767,0.35035733684623244
2003-07-28,-0.19781055887698326,-0.18125611195099886,0.168495836211669,-0.08844767754720548,0.5426483231876913
2003-07-29,-0.08455273953777871,0.47444213036770977,-0.3813119050828744,0.30430377822403615,0.34928434860902674
2003-07-30,-0.027887774532134983,-0.7643018364278524,-0.5927764209654296,0.9012859909962823,-0.18546128237149084
2003-07-31,0.085430133634417,-1.3703947207495437,-1.4386344844954628,0.33572389468572744,-1.3977704268176023
2003-08-01,0.08538206665180505,-0.9902778662805175,-2.1012233009273356,0.46140436053253725,-0.8327744835371612
2003-08-04,-0.31115251583626885,0.0009455569701906099,1.944797769624795,-0.9525008802438836,0.9757785491082026
2003-08-05,0.028789217421506905,-0.017441056616977944,0.36586271770199547,0.8541558163037342,-0.14346293552760178
2003-08-06,-0.25466795511546453,0.5153493337093282,0.8310846526435419,-0.7168500067811207,0.4474698742933765
2003-08-07,-0.3684195697825073,-0.918246340498767,-0.5504835177888998,0.36714401114741874,-0.7884571593729386
2003-08-08,0.028897690134188452,1.2320283703757953,-0.3813119050828744,-1.4552227436310334,0.6199416499192588
2003-08-11,-0.42563984852132813,0.40409297521288584,-0.43770244265157043,-0.5126192497800938,-1.4360340007584644
2003-08-12,-0.1985344817479506,0.8969410795384509,0.23898400817249987,-0.3555186674716149,0.4493323024135777
2003-08-13,-0.0847942524432214,-0.9866272754374785,-0.4940929802202351,0.6970552339952331,0.12556645374955308
2003-08-14,-0.08480638214131167,0.9885183893778597,-0.09935921723951963,0.25717360353148805,0.3516088754617316
2003-08-15,-0.027887774532134983,-0.2547828376604073,-0.3249213675142097,-0.4811991333184024,-0.7149657801552333
2003-08-18,-0.312662939185195,0.658097167982708,-0.8324362056322546,0.5556647099176111,-1.00905404156967
2003-08-19,-0.1418829295556747,-1.1866169433066331,-1.734684806730984,-0.025607444623800574,-0.5675012466850022
2003-08-20,-0.1419316142271972,0.0741609215054456,0.6196201367610179,-1.10960146255234,0.4082150392572016
2003-08-21,0.08615606516292722,0.5677654023777505,-1.4104392157111305,-0.8739505890896442,-0.7199059796923882
2003-08-22,0.0861073804914047,-1.2804800913898875,-1.6219037315936544,-0.4497790168567111,-0.7871524947283685
2003-08-25,-0.027887774532134983,-0.017399854745339834,-0.08526158284735345,-0.3869387839333062,-0.341823351387438
2003-08-26,0.02909155921383508,-0.9729546461522177,-1.015705452730446,-0.08844767754718316,-0.9764225677917543
2003-08-27,-0.19886226330164475,-0.2936784326506946,1.282208953192922,0.1000730212229869,0.7285380542302068
2003-08-28,-0.0849036061968376,-1.4024451619432479,-1.1143888934756097,-0.16699796870142256,-0.5175462630618243
2003-08-29,0.08613171763021975,0.6295821144801711,1.3949900283302514,-0.716850006781143,1.5668859341444572
2003-09-01,-0.14190726669448972,1.3830480252450685,0.5350343304080208,-0.6382997156268813,-0.9191367105693462
2003-09-02,0.20010254590207738,-0.7722547625031538,-1.6360013659858206,0.06865290476129562,-0.3970905249499985
2003-09-03,0.0290794036225627,-1.0515645775576283,-0.9311196463774178,-0.6382997156269036,-0.4195648613528615
2003-09-04,0.19985948582943397,0.5184250868861798,0.49274142723152237,0.7756055251494949,0.9795429452393848
2003-09-05,0.08591305676067018,0.46223499745458263,1.4795758346832484,0.021522730068747525,1.0631372200656661
2003-09-08,-0.5403738726130644,1.0868115107339542,2.0857741135464565,0.7756055251494949,0.6908270418813438
2003-09-09,-0.25597546432279267,-0.054174134829366304,0.9015728246043727,-1.062471287859792,-0.5355577813178131
2003-09-10,-0.25617045275414324,1.8146203502330387,0.5209366960158547,0.2257534870697744,0.7338221330327555
2003-09-11,-0.3135158331983472,0.16528786977180526,0.6337177711531841,0.571374768148468,0.3859428906590096
2003-09-12,0.3148292520880331,0.0739579744248769,-0.6350693241418969,-0.18270802693227936,-0.22028150006390929
2003-09-15,-0.08497674248609084,0.49331959555328697,1.5359663722519443,-0.009897386392943767,1.184790649138826
2003-09-16,0.4284825934805309,0.6380193302887036,-0.6491669585340943,0.17862331237724863,-1.0841515335340415
2003-09-17,0.48459832354879445,-1.1285022549314188,-0.3249213675142097,-1.6280333841703691,0.6773414804431682
2003-09-18,0.767362983875204,0.8757246224103904,1.0989397060947306,-0.1355778522397536,1.7724575577976398
2003-09-19,-0.8800328863211926,0.8187628796147177,0.3094721801333308,-1.0153411131672438,0.9925440217811233
2003-09-22,-0.8256841537447139,1.9006428613672832,2.1985551886838173,-5.084246194957103,2.4346012813478612
2003-09-23,-0.2562680720426232,-0.3419274976321718,-0.0570663140630211,-0.009897386392943767,0.7481325261593579
2003-09-24,0.48569349699406944,-0.4507953109720848,0.02751949228997595,-0.08844767754718316,0.09158902100706429
2003-09-25,-0.1419316142271972,0.7414474243290788,0.3799603520941617,-0.402648842164163,0.28170632191262757
2003-09-26,0.25713055393243694,0.14522289499123744,-0.08526158284735345,0.14720319591553502,0.31308470938570837
2003-09-29,-0.14185860280399265,-1.4992843815426273,-1.0439007215147786,-1.1881517537066018,-1.335840058011449
2003-09-30,-0.027887774532134983,1.5192053318294612,3.368658843233735,-0.08844767754718316,2.717821338589589
2003-10-01,-0.9986088246909911,0.5593388545101677,0.26717927695683225,-0.009897386392943767,-1.6247724420002283
2003-10-02,-0.027887774532134983,0.4864508205712754,0.2953745457411646,-0.32409855100992363,0.6397996266581393
2003-10-03,-1.2893761040212957,-0.23271910086109393,-0.08526158284735345,-0.11986779400887446,0.6173535629363579
2003-10-06,-0.25789092965377364,0.0009455569701906099,-1.5091226564563252,0.25717360353146573,-0.5085301535508439
2003-10-07,-0.37326438649060795,0.2525769555433488,2.663777123625364,-0.16699796870142256,0.9532060622804822
2003-10-08,-0.4313925520348765,0.7904289845536416,0.18259347060380388,-2.130755247557519,-1.3923755637944357
2003-10-09,0.2027610384145208,0.5738256623830345,0.09800766425083812,-0.9525008802438836,0.37595179342271084
2003-10-10,0.26014336825421486,-0.733252484089939,-0.0006757764943564026,0.14720319591555733,0.017548220270954245
2003-10-13,-0.20066917595795844,0.18018240566053062,-1.4104392157111305,-0.009897386392943767,-0.5834965992594588
2003-10-14,1.3512432268668961,-1.094052594910307,-0.7619480336714237,0.06865290476129562,0.20750546933944913
2003-10-15,0.6590158752004253,1.113861561948044,0.49274142723152237,-0.1669979687014449,1.1019093576080374
2003-10-16,-2.4398209799709085,-0.3934922519382909,-0.7619480336714237,0.7913155833803516,0.15407832598036073
2003-10-17,0.31801077977504716,0.2520108555941013,-0.5081906146124013,0.36714401114741874,0.03851797381189204
2003-10-20,-0.027887774532134983,0.5203483566953622,0.7042059431140463,-0.24554825985566192,0.4057553778175558
2003-10-21,-0.25843701966467547,0.28713183436563827,-0.08526158284735345,0.14720319591553502,-0.5177628683700843
2003-10-22,0.31786149248508544,1.0004735904792545,1.000256265349536,-0.402648842164163,0.9613776530862488
2003-10-23,-0.25833753777734136,0.6595431322169069,1.296306587585088,-0.8268204143970738,1.0937561233193882
2003-10-24,-0.027887774532134983,-0.3904803911756199,-0.07116394845521859,0.8855759327654255,0.33013449836839664
2003-10-27,0.02974331376484884,0.0009455569701906099,-0.46589771143587144,-1.10960146255234,0.06951072339774844
2003-10-28,0.3176378030110509,0.3923715051160011,-1.0579983559069448,-0.9525008802438836,-0.420322451116211
2003-10-29,-0.5463439441443187,0.427379600343335,0.1543982018195028,-0.5283293080109506,1.4427838938681417
2003-10-30,0.029768200341031344,-0.17666234342663023,0.7324012118983474,0.508534535225063,-0.03449903871714472
2003-10-31,-0.027887774532134983,-0.07012677218004304,-1.6078060972014883,0.7127652922261123,-1.282953558224559
2003-11-03,0.029755754366712777,0.569057814366411,-0.46589771143587144,-0.009897386392943767,0.5174684087667021
2003-11-04,0.1449681900239507,-1.8314834500724497,-1.7064895379466516,2.2523509988492756,-2.1033086551223543
2003-11-05,-0.25838726798706846,2.1701877687823306,0.06981239546647447,-0.8268204143970738,-0.05591190208127486
2003-11-06,-0.20089305857994302,0.21347688682468877,-0.3390190019063759,0.44569430230165813,-0.25533009193623446
2003-11-07,-0.027887774532134983,-0.6548388963297769,-0.35311663629854206,0.35143395291658425,-0.9078605007427611
2003-11-10,-0.1432869321566358,0.7806377904137514,0.8310846526435419,-1.1096014625523622,0.7013301045919296
2003-11-11,0.08751138309236582,0.584400502269229,0.19669110499597003,-1.1096014625523622,-0.37149050154310775
2003-11-12,0.14511750951567304,0.08924986492980856,1.451380565898916,-0.08844767754718316,0.5430788287489476
2003-11-13,0.375355862901014,0.6359777925900586,1.1271349748790627,-0.5597494244726419,1.1074629401749643
2003-11-14,-0.25823814170590986,0.47634758829402984,1.197623146839925,-0.5911695409343555,0.7486893541327811
2003-11-17,0.31756330415955664,-1.3568056722329005,0.5209366960158234,2.2994811735418237,0.048740517778781266
2003-11-18,0.7190599756805532,0.23060371691318463,-0.3390190019063759,-1.031051171398123,-0.25387660630651093
2003-11-19,-0.027887774532134983,1.3576700680266598,1.8602119632717977,-1.10960146255234,1.038723813201764
2003-11-20,0.9457480476950766,-0.2452800686343449,-0.014773410886522578,1.215487155613262,0.5889324680621169
2003-11-21,0.7142692837623092,0.0009455569701906099,-0.14165212041604947,0.25717360353146573,-0.11758095043146262
2003-11-24,0.14308671423737476,0.2823299389775484,-1.072095990299111,-0.009897386392943767,-0.6376103746113368
2003-11-25,0.31373314189521806,-0.5092562594822959,-0.804240936847891,0.46140436053253725,0.13189594029368756
2003-11-26,-0.027887774532134983,-0.3866781487799053,0.8733775558200404,0.2257534870697744,0.15263935366060208
2003-11-27,-0.25558648505615894,1.0217945996558684,1.0425491685260344,-0.8425304726279306,1.521189887617383
2003-11-28,0.2567052893736077,-0.5794604130179336,1.296306587585088,0.7441854086878036,0.7197849785458751
2003-12-01,-0.9396552726717744,0.7218886821550944,0.3517650833098293,0.38285406937827554,0.4811910425008973
2003-12-02,-0.4277670932655212,0.7902544343534847,-0.6209716897497307,-0.7796902397045256,-0.6219587378679522
2003-12-03,-0.5428997887269924,0.5609831843968183,1.7897237913109356,-0.8111103561662393,1.1607701926350271
2003-12-04,-0.027887774532134983,0.29804493244649155,-0.3954095394750406,-0.716850006781143,-0.5898743144699962
2003-12-05,-0.027887774532134983,0.07080896394506936,0.18259347060383518,0.06865290476129562,-0.25065732768198207
2003-12-08,-0.3717817648651794,0.6986948213214629,1.8461143288796003,-1.10960146255234,1.3340678409947926
2003-12-09,-0.1426175922314447,0.1751320283880873,0.5632295991923533,-0.7954002979353825,0.8166187427243434
2003-12-10,0.2015225888795599,0.12281651634842833,-0.26853082994554506,2.346611348234372,0.16047316482169607
2003-12-11,-0.2572981379438299,-0.6263423775239145,-0.7337527648870914,-0.716850006781143,-0.023670795145006883
2003-12-12,-0.08527117361125801,0.7848527112829023,0.9438657277809026,-0.32409855100992363,0.4056586875181383
2003-12-15,0.14422544224629774,-0.2949587626464343,-0.3390190019063759,0.03723278829960434,-0.6167565374654096
2003-12-16,-0.027887774532134983,0.8183298609700864,1.535966372251913,-0.4497790168567111,0.46730714783888255
2003-12-17,-0.1426175922314447,-0.346607995528177,-0.02887104527868875,-0.402648842164163,0.4767569018561219
2003-12-18,-0.14266690657530715,-0.08600517573599963,0.9297680933887051,-0.08844767754718316,1.7666495270087839
2003-12-19,-0.027887774532134983,-0.4167657463398901,0.21078873938816753,0.28859371999317934,0.007014271406772265
2003-12-22,-0.027887774532134983,-0.8187447538644549,0.2248863737803337,-0.041317502854635056,-0.3785507869974619
2003-12-23,0.43093303695105506,0.2453406668323459,-0.5927764209653983,-0.009897386392943767,0.1186796937611128
2003-12-24,-0.027887774532134983,0.6284861828772043,0.21078873938813622,-0.22983820162482746,0.32146890663576266
2003-12-26,-0.14251909056045803,0.0009455569701906099,-0.0006757764943564026,-0.6854298903194517,0.4628546548181401
2003-12-29,0.430342533686329,0.6098106171432082,1.296306587585088,-0.041317502854635056,0.34082728901567755
2003-12-30,-0.14237165477970945,0.2962390122811233,-0.04296867967085493,0.1000730212229869,-0.013205522015566533
2003-12-31,-0.1997056763874423,0.9197229271113958,1.8884072320560987,-0.009897386392943767,0.8953099619909721
2004-01-02,-0.1424944915647608,0.467932669025211,-0.5363858833967023,-0.009897386392943767,0.11785380460913561
2004-01-05,0.14400386100556772,1.775832299671785,0.9156704589965389,-0.3240985510099013,1.3938399206020686
2004-01-06,-0.027887774532134983,0.6531408390715214,1.3949900283302514,-1.031051171398123,2.1341877335060455
2004-01-07,0.029384857663245605,0.15520740152856258,-1.0861936246912771,-0.025607444623800574,-0.6803061859877972
2004-01-08,-0.5437842147598696,0.03521530080677885,-0.6350693241418969,-0.15128791047056575,-0.17256389356490737
2004-01-09,-0.2574953953744225,1.2491451938435598,1.451380565898916,2.189510765925871,2.421677776859952
2004-01-12,-0.48769614744019507,0.5975781419204685,1.2822089531928906,-0.009897386392943767,1.5659697546972424
2004-01-13,0.02963158952164566,-0.08421575412763523,-1.1143888934756097,-1.6123233259395122,-0.7121865672441534
2004-01-14,-0.14293889504825627,-0.2717316442484413,-0.804240936847891,-0.4969091915492592,-0.8822160423923258
2004-01-15,0.08716334598398628,-0.4768309860074366,-0.8042409368479223,0.03723278829960434,-1.2227809977023802
2004-01-16,0.08711379769643064,-0.5117955214742476,-2.0025398601821727,-0.24554825985568426,-1.1982452921755102
2004-01-19,-0.25794046727682185,-2.196554104421777,-1.6923919035544854,0.6970552339952555,-2.560145070232265
2004-01-20,0.02964398193020564,-0.0852186493990593,2.2972386294289806,1.482558145537694,2.2045874152570435
2004-01-21,-0.20052024251239237,2.1135026781330133,1.000256265349536,-0.5126192497800938,2.256931098113896
2004-01-22,0.029668782773733436,0.5823145768239913,1.451380565898916,-0.4811991333184248,1.332567409393671
2004-01-23,-0.258188475816219,0.7005273850918986,-0.25443319555334754,-1.0781813460906486,0.38178074091581793
2004-01-26,-0.027887774532134983,0.0009455569701906099,-1.6500990003779867,0.021522730068747525,-1.941304515032689
2004-01-27,-0.027887774532134983,-1.3313561682139174,-0.8183385712400885,-0.11986779400887446,-2.114873768286767
2004-01-28,-0.14311265079123686,1.282113117986737,0.6478154055453503,0.06865290476129562,2.733635750804054
2004-01-29,0.029730878531407576,-0.9722472385831507,-1.3399510437502997,-0.1669979687014449,-0.905542813005484
2004-01-30,-0.25843701966467547,-1.1813286659099802,-1.1848770654364404,-0.21412814339397065,-1.387377927727547
2004-02-02,-0.027887774532134983,-0.4973328785406272,1.0848420717025644,-0.5754594827034987,1.1429712106605436
2004-02-03,-0.08555620075503917,-0.18827123102957208,1.7474308881344371,-0.13557785223973126,1.5738469247358706
2004-02-04,0.029780651690769204,0.5338903426464465,-0.8606314744165869,-0.22983820162482746,-0.012764489839026382
2004-02-05,-0.2586362413312775,-0.4287754194097982,0.8310846526435419,0.21004342883893995,-0.5275398586454367
2004-02-06,0.029818038028904686,0.41348939390594164,-0.7619480336714237,0.9641262239196872,0.0961773620919278
2004-02-09,-0.08559358709317465,2.1917401659359124,2.5932889516645328,-0.716850006781143,2.66881930944366
2004-02-10,-0.14333682370934353,0.49510355467574685,0.7183035775061811,-0.402648842164163,1.1038048800957423
2004-02-11,0.02984298919668706,0.08606379324799558,-1.1848770654364404,-0.009897386392943767,-0.12007211715054798
2004-02-12,-0.08561853826095701,1.2748572060126402,1.7192356193501046,-0.18270802693227936,2.169398294592849
2004-02-13,0.02984298919668706,0.6274406416192192,0.19669110499600134,0.06865290476129562,-0.04150512303687795
2004-02-16,-0.08561853826095701,-0.10056025758993067,-1.0579983559069448,0.08436296299215244,-0.7120552380540042
2004-02-17,0.20296043226957433,0.5081348233951597,1.6487474473892738,0.33572389468572744,2.187683615397227
2004-02-18,-0.027887774532134983,0.6758795827514539,-0.4799953458280689,-0.18270802693227936,0.21932871765170744
2004-02-19,-0.08558111959559611,-0.7077746788118894,-1.4104392157111305,1.6239486696153158,-1.7736722125126179
2004-02-20,-0.08559358709317465,-0.760242164274354,-0.8606314744165869,1.4040078543834544,-1.4335211941930515
2004-02-23,0.08751138309236582,-2.652747015317575,-1.227169968612939,2.032410183617392,-1.6960993661675985
2004-02-24,-0.027887774532134983,-0.06740447783184526,0.26717927695683225,-0.24554825985566192,1.6027653015269967
2004-02-25,-0.1432869321566358,1.3309972720046248,0.4786437928393249,-0.716850006781143,1.7199068144448344
2004-02-26,-0.20108007111501028,-1.226586888544798,-2.6087381390453808,1.0898066897664747,-3.498053394722706
2004-02-27,0.0875862366023538,-0.3922335442169797,-0.3672142706907082,0.14720319591553502,-0.7406535739049998
2004-03-01,-0.14336178566662378,0.6332014388780773,0.9297680933887051,0.38285406937827554,1.8431041198251734
2004-03-02,-0.027887774532134983,-0.32356153862673515,-1.1566817966521081,-0.3555186674716149,-0.9733574684472087
2004-03-03,-0.027887774532134983,-3.678241328654141,-3.6519630840658026,1.8281794266163651,-2.518454896430596
2004-03-04,0.3183845626269786,0.07012684434378376,0.0557147610743083,-0.08844767754718316,0.05655806601370814
2004-03-05,0.029780651690769204,-0.12013206680549982,0.6337177711532154,1.6396587278461727,-1.3138377016356493
2004-03-08,-0.37408529050848605,1.1578509270939823,2.3113362638211465,1.4354279708451458,3.3319939664199167
2004-03-09,-0.25893572023534167,1.0847659222929424,0.06981239546647447,-1.580903209477821,-1.2253605531287335
2004-03-10,0.08766118728257102,-1.2725115875428856,-0.8747291088087531,0.19433337060808312,-2.065682055927108
2004-03-11,0.08761120935636572,-2.4230420661949084,-0.6068740553575646,-0.716850006781143,-1.7002883584512132
2004-03-12,0.08756127464507356,-2.460121162059314,-0.2967260987298774,0.46140436053251493,-0.6446944907213852
2004-03-15,-0.14333682370934353,0.9458457705971949,0.6055225023688517,-0.402648842164163,0.9489979045303688
2004-03-16,-0.08563102193780171,0.5071780734712042,1.0143538997417334,-1.10960146255234,1.125265494690427
2004-03-17,0.02985547287353176,1.0977853750286084,-1.3963415813189644,-2.9948084502542196,-0.23223618111551536
2004-03-18,-0.2011549893841612,0.34831975266476084,0.14030056742730534,-1.6594535006320603,0.9627947662000118
2004-03-19,-0.027887774532134983,0.6252169913562073,1.1694278780555611,-0.009897386392943767,0.9694560786786351
2004-03-22,-0.4326156913754069,-0.6754066177994636,0.12620293303517047,0.2257534870697744,1.1141971814498728
2004-03-23,-1.3038980706708247,1.5422125602803598,-1.0861936246912771,-0.9682109384747181,-0.11140376097503485
2004-03-24,-1.0180889292319044,-0.3447240748005209,-1.1284865278677758,-0.041317502854635056,-0.4473849584325582
2004-03-25,-0.08624940662712019,-1.3509477841563295,-0.9029243775930855,-1.0624712878598142,-3.694978009598221
2004-03-26,-0.14464931840692374,-0.607639894479818,0.5773272335845194,0.06865290476129562,1.7745370474821212
2004-03-29,-3.6138640504161117,0.8179077183908993,-0.7760456680635899,-0.7954002979353825,-0.2718537210283608
2004-03-30,-0.027887774532134983,0.9195652103869352,0.9720609965652036,-0.009897386392943767,0.9321881106738641
2004-03-31,-4.383577284893895,1.4856335189485959,0.5209366960158547,-2.05220495640328,0.8598456757659872
2004-04-01,-0.027887774532134983,0.49995993960398516,1.3526971251537527,-0.4340689586258543,1.6655713382144262
2004-04-02,2.248321290425037,0.5163037011020319,-0.02887104527868875,0.17862331237724863,-0.4165649494494332
2004-04-05,-0.625011562229191,-1.2373902076866734,-3.666060718457969,0.2257534870697744,-2.7967918503430207
2004-04-06,0.6288750187923913,-0.8619980653716991,0.45044852405502384,1.8753096013089132,1.6154461220370577
2004-04-07,-1.3430326367695256,1.0706303536089394,0.15439820181947153,0.14720319591553502,0.056510882279347044
2004-04-08,0.3314309339836768,1.3413346905858166,-0.07116394845518728,-0.009897386392943767,0.2741452305233395
2004-04-09,-0.027887774532134983,0.0009455569701906099,-0.0006757764943564026,1.4040078543834544,-0.5275021515630629
2004-04-12,0.15159043089389257,0.0009455569701906099,-0.0006757764943564026,-0.11986779400887446,0.353576159971394
2004-04-13,0.6291688398218768,0.08666598243645916,-1.7064895379466516,-1.942234548787349,-1.0637567706220286
2004-04-14,-0.027887774532134983,-4.176002920870252,-0.7196551304949252,2.8179130951598306,-2.3271003847073612
2004-04-15,0.8060346190728445,-1.0785150898250304,-0.1698473892003505,2.4251616393886115,-2.215395962419127
2004-04-16,-0.08736737085490577,0.9587240777630516,0.2812769113489984,0.14720319591555733,0.79340545810103
2004-04-19,-0.20640609644817956,0.9383727670753531,1.5782592754284117,-1.1096014625523622,2.1832730623034022
2004-04-20,0.8041785680054968,-1.2321990517975445,-1.6641966347701216,0.38285406937827554,-1.405130854228202
2004-04-21,-0.027887774532134983,-1.6569283909947787,-1.2694628717894687,1.0898066897664747,-2.7475026359840786
2004-04-22,0.20937003457862013,-0.27917030203799836,0.5209366960158547,0.7441854086877812,-0.2567361653804732
2004-04-23,0.6826234559652828,0.9103765982542155,0.1684958362116377,0.10007302122300923,1.2222612865686082
2004-04-26,-0.027887774532134983,0.0009455569701906099,-0.47999534582803766,-0.716850006781143,0.6227533529822715
2004-04-27,0.09034718271817752,-0.1213189312482498,0.5068390616236885,-0.716850006781143,0.5811586352035963
2004-04-28,-0.027887774532134983,-0.36614428652109804,0.2812769113489984,1.0112563986122352,-0.3856944222970482
2004-04-29,1.3280647739456255,-2.440122058354418,-1.142584162259942,-0.009897386392943767,-2.7065647132479067
2004-04-30,-0.26321155850996,0.7230204291709921,1.7051379849579384,1.5611084366919332,1.5088006455100542
2004-05-03,3.4803778814942903,-0.05183086366136784,0.08391002985864064,-0.009897386392943767,-0.08408145000361782
2004-05-04,-0.027887774532134983,0.12407623769012598,1.5218687378597469,-0.009897386392943767,1.5214294104821464
2004-05-05,-1.2505447842483692,1.5971062992024465,0.9156704589965389,-0.009897386392943767,0.6305934205830556
2004-05-06,-0.43668731333518984,-0.06903890945299816,-0.14165212041601816,-2.1778854222500894,0.007014271406772265
2004-05-07,0.0889759676338366,-2.3000277742029818,-0.6068740553575646,2.550842105235421,0.20787363412679494
2004-05-10,1.3705023987484342,-3.5638933476132983,-3.2431316866929523,3.367765133239529,-2.4432187643906906
2004-05-11,2.2289925394034853,-0.2846336432044556,-0.5504835177888998,1.4040078543834544,-1.648627214655851
2004-05-12,0.4327137136854398,0.7143893666142657,0.7464988462905449,-1.3452523360150805,1.601884729930771
2004-05-13,-1.7592552830236492,-1.5529475935246029,-0.4799953458280689,2.1109604747716313,-0.652183372714361
2004-05-14,1.818506074995852,-0.6623291463701734,-0.2967260987298774,0.6185049428410161,-1.4589002475833472
2004-05-17,2.9455368711160737,1.040028394913532,3.1149014241747124,-1.1096014625523622,1.8483541832624748
2004-05-18,-2.886335606095178,-1.846784986044918,-0.564581152181066,0.9327061074579736,-0.33795250886697065
2004-05-19,-1.006772319114988,2.3133173062330403,0.08391002985867195,-1.6594535006320603,1.8083340671519639
2004-05-20,-0.25873598133384434,-0.6962837975487993,-0.9452172807696153,-0.009897386392943767,-1.033912560812358
2004-05-21,0.4336092452162301,1.3403499094525042,1.5359663722519443,-0.7954002979353825,2.1151702875655705
2004-05-24,0.20256198871307138,-0.6590870837661199,-0.8888267432009194,-0.402648842164163,-0.30468025987102887
2004-05-25,-0.08548157322125567,0.678796972702007,1.3385994907615553,0.8541558163037342,1.5820453043150002
2004-05-26,-0.14311265079123686,1.5649072194630793,0.6055225023688517,-2.05220495640328,1.2248497009464505
2004-05-27,0.6052346499677861,0.5322739960415497,0.8310846526435419,-0.5597494244726419,0.8821838135922131
2004-05-28,-0.37304117879473864,1.254722311069847,1.1412326092712288,-1.4238026271693422,0.8299648462090448
2004-06-01,0.3172656297304686,-0.510533658447062,-0.21214029237684903,-1.1881517537066018,0.29398329469441703
2004-06-02,-0.20040871081448125,-1.290407429739514,0.6337177711531841,1.6396587278461727,0.7872723050441321
2004-06-03,-0.6614198548187077,-2.884614486118069,-0.7055574961027591,-0.16699796870142256,-0.8424852861721663
2004-06-04,-0.7207322192236086,-0.28554522794795567,-0.3249213675142097,0.5713747681484456,0.06636519491451238
2004-06-07,-0.7805034284279964,1.6980263513304192,1.6346498129971077,-1.4552227436310112,0.2245270039454849
2004-06-08,0.14598112792339693,0.6415737804905972,-0.35311663629854206,-0.716850006781143,0.2539833756605402
2004-06-09,-0.6659613077292253,-1.2459670289151847,-1.9320516882213417,-0.4811991333184024,-0.7147455978982206
2004-06-10,0.4942857366253408,-1.1435980758962287,-0.0006757764943564026,0.8541558163037342,-0.5776852893729338
2004-06-11,0.08801224750747966,0.5916408991191584,-2.1294185697116994,0.06865290476129562,-1.0365753125088537
2004-06-14,0.9552366693521392,0.0009455569701906099,-0.07116394845518728,1.4040078543834544,-0.9505326050927215
2004-06-15,0.08753632347729118,-1.6487207722736332,0.7042059431140463,-0.05702756108549187,0.5958934540599587
2004-06-16,0.6060544920122832,1.6863746094490297,0.09800766425080683,-2.240725655173472,1.091704207786378
2004-06-17,0.83416068719847,-1.828358230956453,-0.183945023592548,0.9327061074579736,1.117208282573578
2004-06-18,0.4880086656955997,-0.35904053976752315,-0.04296867967085493,-0.8739505890896219,-0.3493550887734459
2004-06-21,1.0579648260667238,1.151398366433701,0.9861586309574011,-1.580903209477821,0.1852555160705598
2004-06-22,2.1306601564933385,-0.3401393188193762,-0.2967260987298774,0.14720319591553502,-1.6012468922067544
2004-06-23,-0.8211137030745099,0.6468864222976578,-0.0570663140630211,0.22575348706979675,-0.3516321290714874
2004-06-24,-1.3361817689848738,-0.10661564394055577,0.49274142723149106,-0.7954002979353825,-0.2922082310806399
2004-06-25,0.370967634329976,1.9490431901857646,0.2248863737803337,-1.4238026271693422,1.0230718418792248
2004-06-28,-0.36972735172954335,-0.6946416626107417,0.9861586309574011,0.7756055251494949,0.5235921700476835
2004-06-29,0.6553543378805435,0.5539783810975817,-0.5504835177888998,0.6970552339952555,-0.6985506776333513
2004-06-30,0.08581614312674415,-1.894261200212931,-0.19804265798471415,0.11578307945384372,-0.8799390510090638
2004-07-01,-0.596892137679485,1.8783282966455352,0.18259347060383518,-0.3712287257024494,0.5853468319794157
2004-07-02,0.427412670956336,0.7842118420020865,-0.28262846433771116,1.4040078543834322,-0.002946889664717352
2004-07-05,-1.224711158471018,1.7028922960647164,1.972993038409096,-0.6382997156268813,1.5071598145451959
2004-07-06,1.282639527065627,0.7072773809220056,0.2953745457411959,1.011256398612213,0.2942060692533392
2004-07-07,-0.19846181200712065,0.2125243307285123,0.6760106743296826,-0.8739505890896219,1.6846670232534036
2004-07-08,-1.2821044749671395,0.5468410178531804,-0.12755448602388328,0.06865290476129562,-0.31786427667305706
2004-07-09,0.14348905021018485,0.3174662393218098,0.33766744891769446,-0.6382997156268813,0.2728519583072122
2004-07-12,-0.7140559805750933,0.1942121694796405,0.3517650833098293,-0.7954002979353825,1.1266722223994656
2004-07-13,1.000704474911874,0.05363323916395692,-0.35311663629854206,1.2469072720749534,-0.4442401058893079
2004-07-14,0.6556458237415088,0.12384785444757723,0.12620293303513916,0.6656351175335418,-0.15011400344071332
2004-07-15,1.1641019990410817,-0.2800472882713297,-0.09935921723951963,0.33572389468572744,-0.6519175429655035
2004-07-16,0.08535804844900077,-0.0869181899688919,-0.2967260987298774,0.38285406937827554,0.5382145547504968
2004-07-19,-1.2762411370684972,1.8931553464385937,0.8310846526435419,-0.009897386392943767,1.3404141466554291
2004-07-20,0.5970183956593295,-0.6284785977099906,-0.3813119050829057,-1.7380037917862998,-1.0807996201095633
2004-07-21,0.14228768311509865,-0.8052266505801244,-1.2553652373972712,0.06865290476129562,-1.6869804141758449
2004-07-22,0.48198886691430665,-2.2359946112124622,-0.3954095394750719,1.9538598924631527,0.007014271406772265
2004-07-23,0.19841193950922842,-0.052095785429796815,-1.0861936246912458,-0.08844767754718316,-0.7150508520256685
2004-07-26,0.25471744455036555,-0.1936188665206702,-0.3954095394750719,-0.16699796870142256,0.600628338200223
2004-07-27,-0.027887774532134983,-0.06983613874819823,0.06981239546650578,0.35143395291656193,0.20460693812558992
2004-07-28,0.1979812569824118,-1.7739936915590337,-1.8897587850448432,1.7496291354621256,-2.373329213675237
2004-07-29,0.6485752764910664,-0.49790689271183575,-0.1134568516317171,1.0112563986122352,-0.4615096241935803
2004-07-30,0.08468964981120669,-0.03471821718634024,0.18259347060383518,0.6656351175335418,0.30616235364496525
2004-08-02,-0.5348603599479839,0.0009455569701906099,0.2248863737803337,-1.3138322195533891,1.3690854347097159
2004-08-03,-0.3664050139346569,0.4820525828482033,-0.46589771143590275,-1.0624712878598142,-1.1259257768361342
2004-08-04,0.36700730664780284,0.2145258693256121,-0.5504835177888998,1.0426765150739266,0.05680063909889343
2004-08-05,-0.2534705939346515,0.4098873679928798,0.8310846526435419,-0.08844767754718316,0.5441450240342727
2004-08-06,0.5357123641654729,-0.17678739740343974,0.3094721801333308,0.6656351175335418,-0.25147591821903725
2004-08-09,-0.30953915238568835,2.17984688751316,2.5791913172723353,-2.193595480480924,1.9300339140172644
2004-08-10,0.4226119469725985,-0.19327862968083054,0.45044852405502384,0.47711441876337174,-0.4576639187433998
2004-08-11,-0.5911312792558223,-0.38787682210025837,-0.649166958534063,1.1369368644590228,-0.8750217036391418
2004-08-12,-0.592321818092715,0.23076455604964535,0.32356981452549693,-1.0467612296289575,0.41368984613815685
2004-08-13,-0.027887774532134983,-1.2563494489642653,-0.5222882490045675,1.6867889025387208,-1.1948753582899505
2004-08-16,0.3109157979895341,1.6820642413732372,1.66284508178144,-1.690873617093774,2.316828291175899
2004-08-17,0.47951295224577767,0.4065542168432096,0.013421857897809772,-0.29267843454821,-0.5760792818511699
2004-08-18,-0.14056020092401778,-0.45760864423529796,-0.09935921723951963,-0.7954002979353825,-0.9840550987117194
2004-08-19,-0.25337535101884767,-0.28158706507396547,0.39405798648632784,-0.716850006781143,0.1162033741826576
2004-08-20,-0.027887774532134983,1.8327145771136737,-0.9311196463774178,-0.5597494244726419,-0.23127129078864306
2004-08-23,-0.5924411488461807,-0.43837325165185187,-0.6068740553575646,0.06865290476129562,-0.8186198258904768
2004-08-24,0.19807682248207373,-1.762729093323082,-1.5655131940249898,1.168356980920714,-1.1809799320915708
2004-08-25,0.19788577228219534,-1.0799603366988075,-0.8183385712400885,-0.716850006781143,-0.8346079200160789
2004-08-26,0.0849274559533718,-0.2654428741010654,0.26717927695683225,0.9012859909962823,-0.13350179819532987
2004-08-27,-0.25356591734323536,0.28508488994507336,-0.21214029237688034,-1.3923825107076286,0.5886948144586384
2004-08-30,0.14138871074804776,-1.7436059279654301,-0.5363858833967023,1.6396587278461727,-0.8559096476835921
2004-08-31,-0.027887774532134983,0.7854566600207858,0.9015728246043727,-0.9525008802438613,0.027112433301736693
2004-09-01,-0.08430134748672416,0.6413104414274945,0.8028893838592095,-0.6854298903194517,0.5792076827789879
2004-09-02,0.0849274559533718,-0.8175389759505461,0.0557147610743083,0.42998424407082364,-0.5953269225651128
2004-09-03,-0.1971284984314522,-0.46265630546200937,0.04161712668214212,0.11578307945384372,-0.3047025951638658
2004-09-06,-0.027887774532134983,-1.0537134212702377,-1.4668297532797951,1.1212268062281658,-0.8999368206604261
2004-09-07,0.2541205382841919,0.39463769249045744,0.112105298642973,-0.9525008802438613,-0.45767281548814365
2004-09-08,-0.19705702098006228,-0.6614667062796362,-0.564581152181066,-0.4340689586258543,-0.10422063946233509
2004-09-09,-0.2536136092641455,0.6097026495104767,2.1421646511151526,0.1000730212229869,0.895661547660276
2004-09-10,-0.19730745659485402,-0.8767702640896492,0.39405798648632784,0.9327061074579736,0.3898801659340725
2004-09-13,-0.31049299361463556,1.4326403666264622,0.23898400817249987,-0.9996310549364094,1.2727927103299856
2004-09-14,-1.1045235640533384,0.429137781104171,0.013421857897809772,0.5870848263793024,-0.4644738537578468
2004-09-15,-1.337018366597668,-0.016883706135626977,0.013421857897809772,-0.24554825985566192,-0.8074138626583574
2004-09-16,0.8266206237280984,-0.7309592622907979,-1.1284865278677758,0.38285406937827554,-0.023195168630388143
2004-09-17,-0.7112755987934095,0.6793562894787365,0.7464988462905449,-0.5597494244726642,0.9219237013684357
2004-09-20,0.5986178157111492,0.09009712056766282,-1.1143888934756097,-0.009897386392943767,-1.30091407664636
2004-09-21,-0.4833823780871769,0.17917000636246852,2.029383575977792,0.6185049428410161,1.15429537261149
2004-09-22,-0.4270839035713909,0.8371986932365638,-0.43770244265157043,-0.32409855100992363,-0.525787494304595
2004-09-23,0.8268029580621629,0.5335195653142578,0.9861586309574011,-0.009897386392943767,1.251987902440518
2004-09-24,-0.027887774532134983,0.9041779353962076,-0.08526158284735345,1.168356980920714,0.027049303724091662
2004-09-27,0.028994459485855373,-0.2644315579056741,-0.7760456680635899,0.10007302122300923,0.21729580418440042
2004-09-28,0.540269134668456,0.5491355678746996,1.1412326092712288,0.9012859909962823,0.9363718166982123
2004-09-29,0.5956917705904441,0.3540907621673763,-0.1698473892003818,-0.1669979687014449,-0.6322132687271741
2004-09-30,-0.027887774532134983,-0.31686659494438235,1.2117207812320598,-0.16699796870142256,-0.7840453148195061
2004-10-01,-1.3903072941661005,2.078334340983229,0.0557147610743396,-1.4552227436310334,-0.5048566746594982
2004-10-04,-0.08480638214131167,0.0009455569701906099,-1.5232202908484913,0.9955463403813785,-0.5158563643819556
2004-10-05,-0.312662939185195,-0.8775651094232215,-0.014773410886522578,0.22575348706979675,-0.5773391307484854
2004-10-06,0.19995664764173365,0.5459222414443141,-0.31082373312204353,0.35143395291656193,-0.19476934628823145
2004-10-07,-0.25573219670600367,0.0009455569701906099,0.26717927695683225,-0.08844767754718316,-0.03335986749844033
2004-10-08,-0.1988987612203773,0.5624755807354104,0.19669110499600134,-0.7482701232428343,0.672445979555454
2004-10-11,-0.3702386503824462,1.0510168608668276,1.0848420717025644,-0.009897386392943767,0.8315709401927533
2004-10-12,0.4854740880064185,-0.40115164260054403,-1.1284865278677758,-1.470932801861868,-0.7571267687199832
2004-10-13,-0.027887774532134983,-0.5418574570860789,-0.6350693241419282,-0.08844767754720548,0.27872377071862653
2004-10-14,-0.027887774532134983,-0.6481919780466617,1.5500640066441105,0.10007302122300923,1.0210829532877292
2004-10-15,-0.027887774532134983,0.9828841803991857,0.5209366960158547,-0.11986779400889679,-0.16341429850862849
2004-10-18,-0.1988987612203773,0.15846064872055812,0.8451822870357081,-0.5597494244726419,0.33775171438594037
2004-10-19,-0.027887774532134983,-1.1209455975173082,0.49274142723149106,0.25717360353148805,-0.003002350918115999
2004-10-20,-0.2560729168831486,0.474750199360335,1.1412326092712288,-1.2981221613225546,0.6673456997164229
2004-10-21,-0.14205350803143257,1.6098486190330528,0.2248863737803337,-1.2352819283991499,2.117629231509339
2004-10-22,-0.027887774532134983,-0.03393988190847136,-0.0006757764943564026,-0.3555186674716149,-0.3403442127516812
2004-10-25,-0.7139090807762654,1.3932388002533465,2.621484220448834,-1.3138322195533891,1.6111897870378153
2004-10-26,0.029348030335512473,0.5387434834637203,-0.11345685163168581,-0.08844767754718316,-0.5266927340376324
2004-10-27,0.3152696681781358,-0.38061909925928844,0.112105298642973,0.5870848263793024,0.1850294012901709
2004-10-28,-0.943956071173255,0.5731124515587614,-1.142584162259942,-1.5023529183235593,-1.519666032228282
2004-10-29,-0.6595126496994459,-0.4497622577644495,0.3658627177020268,-0.041317502854657386,0.8605997010158752
2004-11-01,-0.25794046727682185,0.20904788297644608,0.15439820181947153,0.17862331237724863,0.18534360480232676
2004-11-02,-0.027887774532134983,0.0009455569701906099,-0.6068740553575646,0.22575348706979675,0.20502516795536047
2004-11-03,0.4894523548382657,-0.2418543939822009,0.6901083087218801,-0.009897386392943767,0.4026174416516349
2004-11-04,-1.178896653949672,1.8172190437685392,1.6910403505657723,-0.24554825985568426,0.7078394667918017
2004-11-05,-1.1838793919008324,0.13888283870197693,-0.25443319555337884,-0.27696837631737553,-0.2987646081528048
2004-11-08,0.0300308129604255,0.5692738221527446,0.8592799214278742,-0.9996310549364094,1.4540512958643812
2004-11-09,-0.08580636202469547,-0.6880743942522523,-0.08526158284738476,0.2257534870697744,-0.4646677431192452
2004-11-10,0.2615796213878174,0.6383433422287509,0.9297680933887364,0.42998424407082364,0.5081501068740342
2004-11-11,0.2612661753102443,-0.11954038706461222,-1.2271699686129702,1.7182090190004344,-1.8645228898175334
2004-11-12,-0.027887774532134983,0.9120062595936217,0.4363508896628577,-0.5126192497801161,0.48100316574393465
2004-11-15,-0.027887774532134983,0.8065812340980086,0.4786437928393562,-2.083625072864971,0.8444106722062452
2004-11-16,-1.1283424899838839,0.15497208019276656,0.2248863737803024,0.16291325414639182,-0.02249839832761833
2004-11-17,0.08816335575479148,0.5479619863491753,0.7746941150748772,-0.07273761931634867,0.5966788072288332
2004-11-18,-0.027887774532134983,1.3641803756626836,-0.02887104527868875,-2.2721457716351634,-0.17957882160224506
2004-11-19,0.5516125539986331,-1.037965033419963,-0.0570663140630211,0.33572389468572744,0.007014271406772265
2004-11-22,-0.3174807392417874,1.1078571052054305,0.18259347060380388,-1.4080925689384853,-0.08141524927964576
2004-11-23,-0.1438129539464933,-0.4924076001931987,0.7887917494670433,-0.009897386392943767,1.3207593576158445
2004-11-24,-0.027887774532134983,1.1395475755937086,0.8028893838592095,0.14720319591555733,0.9346892899583232
2004-11-25,-0.20186995893889223,0.1705196897359531,0.9438657277808713,-0.8739505890896442,0.9704975766101124
2004-11-26,-0.027887774532134983,1.168426869041712,0.3517650833098606,-0.7168500067811207,0.4826689136170494
2004-11-29,-0.3761925803319167,-1.1834888971485213,0.12620293303513916,0.7756055251494949,-0.4200672329366046
2004-11-30,-1.3089064163433544,-1.56281665127694,0.6760106743296826,0.42998424407082364,1.7597253107879038
2004-12-01,-1.6672137089260481,-0.13541605264733608,-0.014773410886522578,-0.6068795991652123,1.7488472357572653
2004-12-02,-1.5001246418493381,-2.773667476235556,0.2812769113489984,-0.9525008802438613,0.9169281990225142
2004-12-03,0.09019033775542051,2.4173170270378925,-0.19804265798468285,2.032410183617392,-1.0756373325959037
2004-12-06,-2.4589869487070826,1.2104417986211609,1.9025048664482649,-2.05220495640328,1.653288891816027
2004-12-07,-0.8033685843933601,-0.7650759221147313,0.2953745457411646,1.3254575632291927,0.712334873951732
2004-12-08,1.2831481606451978,-1.9140500811503374,-2.199906741672499,0.06865290476129562,-1.759622009235152
2004-12-09,1.8086237447201765,-1.3398999844010713,0.06981239546647447,1.4040078543834544,-1.067946245598957
2004-12-10,2.206224457958825,-1.2074517019255828,-1.6078060972014883,2.000990067155701,-1.2072583564748898
2004-12-13,-1.554469507196389,0.3466940997571513,1.0848420717025644,-0.6854298903194517,0.8845156018168129
2004-12-14,-1.5632468939977187,1.121910555923244,0.6901083087218801,-0.16699796870142256,1.1695683940917867
2004-12-15,0.2088966759969071,-0.4986648334431666,0.9297680933887051,0.7756055251494949,0.8208143629826732
2004-12-16,-1.4517541825874245,1.4973113796405195,0.25308164256466603,-1.5023529183235815,1.494464728974367
2004-12-17,0.8036233626978556,-0.6861208344482022,-1.9320516882213417,0.27288366176234485,-1.6908405618969065
2004-12-20,-0.7404529647678001,0.32749641520244605,1.6064545442127753,-0.21412814339399297,1.1527628828436742
2004-12-21,-0.682747117877079,0.5158364942189954,0.2248863737803024,-0.7796902397045256,-0.9092101133086221
2004-12-22,0.44853277394231494,-0.5483025816366741,-0.14165212041601816,0.7598954669186381,-2.219622466732217
2004-12-23,-0.5639207011060294,0.4644392954774732,1.014353899741702,-0.009897386392943767,0.7575978541038502
2004-12-24,0.0913236768171455,0.3095478464017777,1.2117207812320911,-1.0781813460906486,0.5830233658134824
2004-12-27,0.1508296754766631,0.0009455569701906099,-0.21214029237688034,0.35143395291658425,0.007014271406772265
2004-12-28,-0.3854423647808194,0.0009455569701906099,1.4936734690754145,-1.1096014625523622,0.007014271406772265
2004-12-29,-0.2665237569796435,1.965184897891884,-0.35311663629854206,0.2257534870697744,-0.40567218411162226
2004-12-30,-0.2070048164099244,-0.6637614394038547,-0.0570663140630211,1.1997770973824275,-0.2139743515714468
2004-12-31,-0.8054529797011039,0.6316004746789086,0.23898400817249987,-0.009897386392943767,1.1197955002310724
2005-01-03,0.15175141595409605,0.0009455569701906099,-1.6078060972014883,-0.009897386392943767,-2.483657722682617
2005-01-04,-1.107540107491287,-0.033110350137310535,-2.0025398601821727,-2.1621753640192325,-0.9896604691062609
2005-01-05,2.007804591807582,-2.3925332671917743,-1.9884422257900063,2.5822622216971123,-1.6847707742589482
2005-01-06,0.5679037412245298,-0.1879173041819201,-0.5786787865732321,-0.6382997156269036,-0.5396447196746851
2005-01-07,-0.2660448887239546,-0.20522104309245262,0.23898400817249987,0.8855759327654255,0.8168610205076144
2005-01-10,1.1014715683166258,-0.7217445807017906,-1.368146312534632,-0.009897386392943767,-0.3634689283015074
2005-01-11,-1.2168195987405181,0.4141224536984373,0.5632295991923533,-0.9053707055513132,0.211815440575114
2005-01-12,-0.5646390036685695,-0.03346433349606666,-0.0570663140630211,-0.9525008802438613,-0.35392625716631804
2005-01-13,-0.2667906279417154,1.0143977292760311,1.310404221977223,-1.4238026271693422,0.8841703518871156
2005-01-14,0.9264438968732331,-1.253485359507818,-1.9884422257900063,0.7756055251494949,-1.407534362495891
2005-01-17,-0.8030222711640062,0.29353767112188117,-0.08526158284735345,-1.3452523360150805,-0.3061246537778904
2005-01-18,0.09151023621512201,-1.3784296201319999,-0.35311663629854206,0.6185049428409937,0.46681688166540475
2005-01-19,-0.027887774532134983,0.7259006667464412,0.32356981452549693,-0.24554825985566192,0.8951347998973945
2005-01-20,0.21074820791537352,0.7069702012883129,-2.0730280321430032,0.38285406937827554,-1.4290421779022198
2005-01-21,-0.027887774532134983,-0.5671888992612174,0.3799603520941617,1.2469072720749534,-0.07134969059232099
2005-01-24,-0.20684476542775437,2.0275682623212936,1.43728293150675,-0.92108076378217,1.5311786539885204
2005-01-25,0.3299063566033707,0.10363280540781902,-0.564581152181066,-0.3083884927790668,-0.3634946706102672
2005-01-26,-0.027887774532134983,0.0009455569701906099,-0.28262846433771116,1.2783273885366446,0.2508251915976146
2005-01-27,-0.3856819056676407,1.0429613141291443,0.2953745457411646,-0.32409855100992363,0.4161403987836711
2005-01-28,0.1510692163634844,-0.16963123853229795,0.12620293303517047,-0.16699796870142256,-0.03192443591634548
2005-01-31,-0.5651189425003973,-0.1526557303191234,-0.0006757764943564026,0.6185049428409937,0.11408271942156677
2005-02-01,-0.08764689900380472,-0.11857598332744937,-0.1134568516317171,0.03723278829960434,-0.10978969764209863
2005-02-02,-0.5663225529665848,0.1204670972678306,0.4786437928393562,0.02152273006876985,0.40589396541085015
2005-02-03,-1.4088405703604352,0.15454684425950463,-0.8465338400244208,0.9012859909962823,0.17223729329920623
2005-02-04,0.6334589808175296,-0.9560636940907684,-0.6068740553575646,0.41427418583996684,-0.5181483864882465
2005-02-07,-0.08794256992462418,0.46273820828658,-1.6078060972014883,-0.32409855100992363,-1.026727173025674
2005-02-08,0.8116527894937489,-0.9404879474078678,-1.1284865278677758,1.3254575632292152,-1.64903612672349
2005-02-09,0.2114969538143684,-0.5653222051563258,-0.02887104527868875,0.7756055251494949,0.6451136986702746
2005-02-10,0.8082728398409849,2.2426440502395883,0.21078873938816753,-0.08844767754720548,-0.2284227580930212
2005-02-11,0.031737914358470884,0.8692009519432308,1.0989397060947306,-0.009897386392943767,0.5756493604281162
2005-02-14,-0.44554745661750633,0.5614345873229635,1.5782592754284117,-0.9996310549364094,2.075726232092971
2005-02-15,0.21085488472109096,-0.08391038818756791,0.6901083087218801,0.35143395291658425,-0.03187722113161383
2005-02-16,0.3298264739871571,0.30631577482795136,0.33766744891766315,-0.32409855100992363,-0.1875240738734235
2005-02-17,-0.504946671557396,-0.2535082413057773,0.013421857897809772,0.38285406937827554,0.5513821821832715
2005-02-18,0.5683027981640579,-0.0329977717798997,-0.02887104527868875,0.38285406937827554,0.22058453826059254
2005-02-21,-0.14701945020306684,0.5096965422815369,0.2248863737803337,0.35143395291658425,0.307678606834919
2005-02-22,-0.624344682304653,0.47501012372015844,1.9447977696247636,-1.3609623942459372,1.505523267367206
2005-02-23,-0.027887774532134983,0.38980147537462706,0.14030056742733665,-0.27696837631737553,-0.1762442253199907
2005-02-24,-0.14733919526121972,-0.8111467939180035,0.8028893838592095,0.06865290476129562,0.23847880624326137
2005-02-25,-0.08763352857654717,-0.4737823714173387,-1.3399510437502997,0.9012859909962823,-0.24374759438116297
2005-02-28,-0.3268172209369924,0.8989099178414777,1.296306587585088,-0.9525008802438613,1.3066152318808888
2005-03-01,0.4502388466462193,-0.6087024129044327,-0.5786787865732321,-0.37122872570247173,-0.031406034971851196
2005-03-02,-0.14733919526121972,-0.6608939932830339,-1.6219037315936544,0.19433337060808312,-1.1384022950108843
2005-03-03,-0.32675030890383605,-0.2029886509899925,0.6055225023688517,0.41427418583998915,-0.0026309122897255344
2005-03-04,0.33070714943811835,0.13691694987104053,-0.40950717386720675,0.8541558163037342,-0.272840346292818
2005-03-07,-0.14736591817509948,1.205024562962299,1.155330243663395,-1.1881517537066018,0.7783511114289777
2005-03-08,-0.027887774532134983,0.5251728045696996,0.6901083087218488,0.5870848263793024,0.8050418669261518
2005-03-09,-0.1474193998883988,0.7266007364187465,1.4090876627224176,-0.60687959916519,0.40038493341204584
2005-03-10,-0.5664432107018755,-0.1845217567160797,0.8874751902122066,-0.9525008802438836,0.17953957264465786
2005-03-11,-0.027887774532134983,-1.0296210520040712,0.09800766425080683,0.05294284653046114,-0.8758980761638231
2005-03-14,-0.38752910375916116,0.5082197607911244,-0.6209716897497307,0.39856412760913235,0.0358487445478251
2005-03-15,0.15199343576422272,-0.5909570008359061,0.1543982018195028,0.649925059302685,0.12232254813321733
2005-03-16,0.3913644201712214,0.1194186333870438,-0.14165212041604947,-0.5126192497800938,0.21828981234481687
2005-03-17,0.03195169834284465,0.42368582912963204,0.06981239546650578,-0.27696837631737553,0.24690721069128949
2005-03-18,0.3308677383462018,0.05163476619999265,-1.3963415813189644,0.571374768148468,-0.9441659248014097
2005-03-21,-0.1474193998883988,-0.23567669121240203,-1.1284865278677758,-0.009897386392943767,-1.4693618433038578
2005-03-22,0.5692360131649211,-1.2019212518632447,-0.33901900190640716,0.6185049428409937,-0.11878817276498212
2005-03-23,-0.20688475135217335,-0.7128645219269942,-1.7628800755153162,0.49282447699422854,-1.8965658397911238
2005-03-24,0.5087436038527484,-1.1583252214827193,-0.9593149151617502,1.215487155613262,-1.0474409303586558
2005-03-25,-0.027887774532134983,0.0009455569701906099,-0.0006757764943564026,0.33572389468572744,0.007014271406772265
2005-03-28,-0.1470460302296236,0.0009455569701906099,-0.0006757764943564026,0.8855759327654255,0.007014271406772265
2005-03-29,-0.14709922588141547,-0.46058649626485026,-0.790143302455756,0.32001383645489295,0.5152094896351986
2005-03-30,0.1509094511550117,0.4453963647923967,0.23898400817249987,0.06865290476129562,0.601995803003005
2005-03-31,-0.4452676800055069,-0.2382930719773051,0.2953745457411646,0.14720319591553502,0.2212886568556991
2005-04-01,-0.027887774532134983,0.1889346696041193,-0.07116394845518728,0.11578307945386604,0.49339395118239876
2005-04-04,0.03177788242194485,-0.40936302652326884,-1.072095990299111,0.38285406937827554,-1.2983856372382543
2005-04-05,0.27024069964929087,-0.924285907006929,-1.0298030871226123,1.1997770973824053,-0.02228070253273114
2005-04-06,-0.3260162487135609,0.03526383327139259,0.7042059431140463,-0.7954002979353825,0.6507983834814626
2005-04-07,-0.14723242303810397,0.5666364918623477,0.8874751902122066,0.8541558163037342,-0.15866775913316566
2005-04-08,0.15110920228790337,-0.3760643264952945,-1.4668297532797951,0.27288366176234485,-0.9402237425926628
2005-04-11,-0.20688475135217335,0.9596856816602655,2.142164651115121,-0.37122872570247173,1.8594367261329163
2005-04-12,-0.2667372060084767,0.5133108101327253,0.19669110499600134,-1.2981221613225546,0.5797611616071217
2005-04-13,0.27064064849609587,0.4442954954760815,-0.8888267432009194,-0.3398086092407581,-0.22582650459909423
2005-04-14,-0.027887774532134983,-0.6643229268292961,-1.4386344844954628,0.508534535225063,-0.7413233344291964
2005-04-15,0.4490646123008593,-1.2139482533119088,0.6760106743296826,0.7441854086878036,0.06539803125557207
2005-04-18,-0.027887774532134983,-0.3421594980614492,1.3949900283302514,-0.92108076378217,1.4529954142101975
2005-04-19,-0.44517450441104944,0.4811838905359853,0.4081556208785253,-0.5911695409343555,0.8961289061378219
2005-04-20,-0.027887774532134983,1.0103907376282284,0.7464988462905136,-0.60687959916519,0.45051753106305065
2005-04-21,-0.0875534314862148,0.4106067470317736,0.12620293303517047,-0.24554825985568426,-0.1857271224615709
2005-04-22,-0.027887774532134983,0.3248682017980011,0.26717927695683225,0.021522730068747525,0.3249666261712574
2005-04-25,-0.2666838079618135,0.0009455569701906099,-1.5655131940249898,-1.533773034785273,-0.32057862859273706
2005-04-26,-0.14736591817509948,0.5287084123500689,0.21078873938816753,-0.041317502854635056,-0.5237263510146166
2005-04-27,0.0915903691108295,-0.8848572227068852,-0.8606314744165869,0.6499250593027074,-0.4860254985872006
2005-04-28,-0.027887774532134983,0.273776258097656,-0.21214029237688034,-0.4969091915492592,0.5386872209759493
2005-04-29,-0.3864826985023883,0.6649426950944826,0.7324012118983786,-0.009897386392943767,0.5858747019516639
2005-05-02,-0.5067646508418473,-0.15215541442085284,-1.3258534093581336,-0.9682109384747181,-1.558657294178654
2005-05-03,0.1517917073535054,-0.5951838091910618,-0.09935921723951963,-0.009897386392943767,-0.5362434517853844
2005-05-04,-0.38736772101837286,0.13730716658771733,1.3667947595458878,-0.009897386392943767,1.1601825867535072
2005-05-05,-0.808425127486468,0.3075349206422505,0.013421857897841075,-0.009897386392943767,0.2293501772696202
2005-05-06,0.15243883665653707,-0.016079046965603784,-0.09935921723955093,-0.9525008802438613,-0.5636796550096785
2005-05-09,0.3924013568869082,-1.0222856787743844,-1.734684806730984,0.9641262239196648,-1.4588829930337326
2005-05-10,-0.3880950862382935,0.06926861250935103,0.42225325527069146,0.5399546516867767,0.026480249051523096
2005-05-11,-0.5089212693275431,0.359388986192636,0.39405798648632784,-0.21412814339399297,-0.002718548645203036
2005-05-12,-0.4495040854438857,-0.47707333457706086,-1.5655131940249898,0.979836282150544,-1.437177518816764
2005-05-13,0.7545848704664736,-1.4033220963688708,-1.9179540538291442,1.011256398612213,-1.316835521609872
2005-05-16,0.332481573800671,-1.530602294594176,-0.26853082994554506,1.0112563986122352,-1.7876734553331606
2005-05-17,-0.38825712286494096,0.27685154480211027,0.2812769113489984,-0.4811991333184024,0.24433433282963538
2005-05-18,0.752298735197662,-0.2404584357850196,-0.21214029237688034,0.8541558163037342,-0.7848342685175362
2005-05-19,-0.6878971235533816,0.552443689192405,0.2953745457411646,-0.9053707055513355,0.9174476296789689
2005-05-20,0.27231871755585985,-0.10238388815547901,-0.4940929802202351,0.571374768148468,-0.3093233261074324
2005-05-23,-0.027887774532134983,-0.36098533155139667,-0.8324362056322546,0.7756055251494949,-0.8449140592365221
2005-05-24,-0.08790207899587407,0.7071709420360315,0.9720609965652349,-0.4811991333184024,0.49273221680275237
2005-05-25,0.09212734954976778,0.0009455569701906099,-0.7478503992792576,-0.5440393662418074,-0.6771977289295183
2005-05-26,0.03209956629905089,0.12135623791293747,-0.5786787865732321,0.9641262239196872,-0.062491827696577566
2005-05-27,-0.027887774532134983,-0.27434922182975285,0.39405798648635915,-0.009897386392943767,-0.29106413859478497
2005-05-30,0.09204649498329695,0.34502495495838453,-1.1143888934756097,-0.08844767754718316,0.007014271406772265
2005-05-31,0.8699063467054637,-1.0324673932170998,-1.9884422257900063,0.2257534870697744,-0.4904876892991345
2005-06-01,0.1513094002413619,0.06994954734744935,-1.452732118887629,0.41427418583996684,-0.5512369347371872
2005-06-02,0.21085488472109096,-0.8281416197770858,0.49274142723149106,0.22575348706979675,0.3161833902873663
2005-06-03,-0.6251451172024572,0.881775412638763,0.3658627177020268,-0.92108076378217,0.22621817777483136
2005-06-06,-0.3868844406398963,0.5351029938858456,-0.24033556116121269,-0.41835890039501983,0.18623566276214806
2005-06-07,-0.447328122435031,1.1007514391751343,0.18259347060380388,-1.2038618119374362,1.1493463295865245
2005-06-08,-0.027887774532134983,0.3438175902383659,0.5491319648001871,-0.1355778522397536,0.3933604459947475
2005-06-09,0.092019567665449,-0.15329883172223507,-1.1989746998286066,0.6185049428410161,-1.1138641966707261
2005-06-10,0.03204571165540967,-0.3764272671870717,-0.14165212041601816,0.42998424407082364,0.09645203549887701
2005-06-13,0.3314309339836768,0.0009455569701906099,-2.3549807199863895,1.718209019000412,-2.2275096569054886
2005-06-14,0.15159043089389257,-0.11922627481593223,0.676010674329714,1.278327388536667,0.8270754354234924
2005-06-15,0.0319114971515544,-0.05057125464782677,-0.5786787865732321,-0.3555186674716149,-0.19277980877673884
2005-06-16,-0.32701813692830883,0.7042514132240189,0.6478154055453503,0.1000730212229869,1.4224818083954605
2005-06-17,-0.14763380639848134,0.719716015630814,0.8733775558200404,-0.5597494244726419,0.2952128500460167
2005-06-20,-0.32748799286361396,0.9055380911323179,0.46454615844719,-0.33980860924078043,0.1559664549551
2005-06-21,0.3914584756656903,-0.35715483514150026,-1.664196634770153,0.9169960492271391,-0.8082245345654774
2005-06-22,-0.6871564546947417,0.49535386698495226,0.26717927695683225,-1.3138322195533891,0.2956011683836419
2005-06-23,0.15207425401598829,-0.16944892659631394,-0.6350693241419282,0.30430377822403615,-0.18202637808906338
2005-06-24,0.15195305385299362,-0.9208446350402726,0.2248863737803337,0.46140436053251493,0.24578130395601427
2005-06-27,-0.447704935929126,-0.39252221390053305,1.155330243663395,0.47711441876337174,0.8708459040024434
2005-06-28,0.391929386864856,-0.2216755600312462,-0.9734125495539163,0.7284753504569468,-0.8866521337313503
2005-06-29,-0.08782126071967963,-0.9083606719505904,-0.5786787865732321,0.49282447699420623,-1.228939384321864
2005-06-30,-0.2677563256596786,0.13837436461247973,0.5350343304080208,0.5085345352250854,-1.5958498824690626
2005-07-01,0.09207343439782464,-0.9968288229361397,-0.07116394845518728,0.9798362821505217,-1.3727509594912544
2005-07-04,0.15195305385299362,-1.398021008766053,-2.721519214182741,0.9327061074579736,-2.1517312200528194
2005-07-05,0.032032263099992055,-0.08562249410304307,-0.15574975480821562,-0.18270802693227936,-0.40024244084296584
2005-07-06,-0.027887774532134983,-0.9876828295948774,0.42225325527069146,0.11578307945384372,0.06814046576364885
2005-07-07,0.39117643570000876,-0.6077097725819648,0.6196201367610179,1.0112563986122352,-0.9623840271160705
2005-07-08,-0.08771384100561438,-0.3474073828642114,-0.7478503992792576,0.14720319591553502,-1.1401728021440949
2005-07-11,-0.4470459559229264,0.9058312648500593,1.43728293150675,-0.6382997156268813,0.9599192276753423
2005-07-12,-0.2077286029172636,1.266721999023462,2.254945726252482,-0.9053707055513355,2.501975439907157
2005-07-13,-0.08786164263090873,0.7613322912573185,0.25308164256466603,-0.3712287257024494,-0.205972580302301
2005-07-14,0.03208609356663877,-0.6210469930940997,-1.6500990003779554,1.4354279708451234,-0.7854979177119937
2005-07-15,-0.08786164263090873,0.07011894513298617,0.08391002985864064,0.08436296299215244,0.12908498234475296
2005-07-18,0.09204649498329695,-0.3797037099986916,-0.26853082994554506,-0.009897386392943767,-1.4000147999437578
2005-07-19,0.09199265243633546,0.2778288170612851,-1.2553652373973025,0.30430377822403615,-0.7298977433050103
2005-07-20,-0.14776820150060543,0.17386915899967467,1.3808923939380853,1.0269664568430696,0.11972335301842209
2005-07-21,-0.20780938487875278,1.1742153110375997,1.7474308881344371,-0.7796902397045256,0.7844972967481284
2005-07-22,-0.7487889455642986,1.1525336200189857,-0.6209716897497307,-2.444956412174499,0.1193664904813325
2005-07-25,0.6330125768818651,-0.5141496790144657,-1.1002912590834433,1.011256398612213,-0.9545396967021325
2005-07-26,0.09210038591721456,-0.44617993023695346,-1.100291259083412,0.46140436053253725,0.08897703111208548
2005-07-27,-0.027887774532134983,0.0009455569701906099,0.04161712668214212,1.2469072720749534,-0.18768638155192818
2005-07-28,-0.027887774532134983,-0.8435122486186178,1.5500640066440792,-0.402648842164163,0.9076519222793797
2005-07-29,-0.20789023944522364,0.7421267623602388,-0.09935921723951963,-0.37122872570247173,0.9455098899720423
2005-08-01,-0.26807996215639074,0.0009455569701906099,1.7756261569187695,-0.041317502854635056,1.368363480626779
2005-08-02,0.03218052998099541,0.7231433984415109,-0.02887104527868875,-0.6382997156269036,0.30076743358521585
2005-08-03,0.2722512326608931,-0.05058293944540859,1.2822089531928906,0.06865290476129562,0.745103626963935
2005-08-04,-0.027887774532134983,1.4404403625364421,0.1543982018195028,-1.3452523360150805,-0.0838782101170598
2005-08-05,-0.08788859415029865,0.0009455569701906099,0.9438657277808713,1.168356980920714,-0.01318805602649165
2005-08-08,0.27198159621357226,-1.2496542669971922,-0.22623792676901522,1.0112563986122352,0.9549551245690081
2005-08-09,-0.027887774532134983,0.13824977619397621,-0.04296867967088623,-0.9210807637821923,-0.5068966978792108
2005-08-10,-0.14779511672971896,-0.46270583699882745,0.14030056742733665,-0.9839209967055526,1.1544599581004726
2005-08-11,0.27177968659611745,1.2015427111509185,0.39405798648632784,-1.4238026271693422,0.8695373032222676
2005-08-12,0.09188511224250864,0.5482090580415855,0.7324012118983786,-0.716850006781143,1.3058167473129791
2005-08-15,-0.027887774532134983,-0.204162406254437,-1.1707794310442743,-0.4497790168567111,-0.6216548087862851
2005-08-16,-0.38736772101837286,-0.7523074411013605,-0.8606314744165869,-0.3869387839333062,-0.13288141817136742
2005-08-17,-0.027887774532134983,-0.41071058627167967,-0.24033556116121269,0.25717360353148805,0.22681905718085263
2005-08-18,0.09199265243633546,-0.7896292016184376,-1.1707794310442743,1.0112563986122352,-0.6429066638123107
2005-08-19,0.09193885821098882,-1.413477704690448,-0.4236048082594042,0.4771144187633494,-0.7548068862892153
2005-08-22,0.03200538408774972,0.2083473216278598,0.676010674329714,-0.4183589003949975,0.5184645339662973
2005-08-23,0.4507745030177209,0.43257700372414765,0.02751949228997595,-0.32409855100992363,-0.3438806477687287
2005-08-24,0.27084102559762574,-0.6035108305412431,-0.31082373312204353,0.9327061074579736,-0.3543645027867671
2005-08-25,0.21085488472109096,1.0019603928621097,0.8592799214278742,-1.1881517537066018,0.8595231827744826
2005-08-26,-0.20692475514927747,0.06985927935786995,0.49274142723149106,0.571374768148468,0.15718857227766098
2005-08-29,0.270440540026547,1.3587888367679268,-0.25443319555334754,0.11578307945384372,0.007014271406772265
2005-08-30,1.3994669642540007,-3.049813792532839,-1.5232202908484913,1.0112563986122352,-1.9616268113767095
2005-08-31,0.09071477975474074,-0.2590112047998144,0.23898400817249987,0.5399546516867543,-0.14421742405002805
2005-09-01,0.4459963721719712,1.402069118501485,2.6778747580174986,-0.7954002979353825,2.776715378719021
2005-09-02,-1.0358987398970931,1.4127961074159598,2.1562622855073186,-1.4238026271693198,2.7100909818017613
2005-09-05,-1.278354231391803,0.9956130077211571,-0.04296867967085493,-1.1881517537066018,1.092819669963251
2005-09-06,0.6873813493399981,-0.3931008267749463,-0.7760456680635899,0.30430377822401383,-0.43667121741303094
2005-09-07,-0.027887774532134983,0.12092699060227878,-0.4518000770437053,0.979836282150544,-0.4966786958343846
2005-09-08,-0.027887774532134983,0.3434880173666369,-0.46589771143590275,0.46140436053251493,-0.29959437250594
2005-09-09,-0.3256837757168732,0.30890292763996463,-0.04296867967085493,0.41427418583996684,-0.3197440760587771
2005-09-12,0.03169799980573124,0.27442284939670397,-1.4386344844954628,-1.533773034785273,-0.5979969956184894
2005-09-13,0.32934792635461285,-0.3922557345384484,-0.5222882490045675,1.231197213844119,-0.30095102418158337
2005-09-14,0.21000413125684722,-0.13593983899817372,0.5350343304080208,0.42998424407082364,-0.02280676383636456
2005-09-15,0.09097875161819972,-0.13600172558787574,-1.2835605061816349,-0.1669979687014449,-1.4081516839187322
2005-09-16,-0.4441523118067578,0.035188182537802065,0.2812769113489984,0.38285406937827554,0.22673301565588677
2005-09-19,0.15059077500211035,-1.0967430339196924,-1.4668297532797951,-0.009897386392943767,-0.8628802111151849
2005-09-20,0.03157857613941962,0.9787680190373304,0.21078873938816753,0.8541558163037342,0.26726534387976714
2005-09-21,0.031565336386353164,0.120811685792934,1.000256265349536,0.8541558163037565,0.476856566444901
2005-09-22,-0.14680723612217775,-0.05041983310546228,-0.014773410886522578,-0.32409855100992363,-0.803204925871263
2005-09-23,0.15047156411744722,-1.5268700774743105,-1.4950250220641277,-0.009897386392943767,-1.5902505851276125
2005-09-26,0.09095230156700229,-0.32621788008792374,-1.227169968612939,1.0426765150739266,-1.244991360870701
2005-09-27,0.15027323280202645,-0.7407843438041333,-0.36721427069073953,0.508534535225063,-0.7529668744384681
2005-09-28,0.5651252308672825,0.6220524304008944,0.45044852405502384,0.5399546516867543,0.007014271406772265
2005-09-29,-0.5615401824686169,0.4143104002611917,0.36586271770199547,-0.13557785223973126,0.02730716603454715
2005-09-30,-0.027887774532134983,0.27620906470562945,-0.2967260987298774,0.27288366176234485,0.027305698830957566
2005-10-03,0.5649935671255252,0.0009455569701906099,-1.5373179252406262,1.2783273885366446,-1.2538367620040634
2005-10-04,0.2088966759969071,0.37902491161804525,0.06981239546647447,0.32001383645489295,0.30239859630826776
2005-10-05,1.0350516295337122,-0.6179756843023694,0.12620293303517047,-0.41835890039501983,0.7491945470190371
2005-10-06,-0.32272455681673357,-0.360676701062294,1.606454544212744,-0.11986779400889679,0.5851634036424351
2005-10-07,0.32587732015915233,0.4486047586459983,1.1694278780555611,-0.5911695409343332,-0.23627179388752295
2005-10-10,1.7339416642203453,0.0009455569701906099,-0.7901433024557248,-0.009897386392943767,-0.8359796060198507
2005-10-11,1.8386721825111154,0.0009455569701906099,-0.9311196463774492,0.9641262239196648,-0.5835723513551423
2005-10-12,-0.027887774532134983,-1.568764635882118,-0.19804265798468285,0.8541558163037565,-0.7585225616985205
2005-10-13,-0.31867909869176625,0.03553225093891176,-0.3954095394750719,0.06865290476129562,0.35431640518192836
2005-10-14,-0.027887774532134983,0.018237423134354832,0.26717927695683225,-0.24554825985568426,0.007014271406772265
2005-10-17,-0.4355283566082399,0.27748125158320164,0.32356981452549693,-0.9525008802438613,0.8937471815328045
2005-10-18,1.6568726820813113,-1.0200331959828934,-1.1989746998286066,2.2209308823875844,-1.2065793337890809
2005-10-19,1.1855096564400724,0.018278981795284425,0.18259347060383518,0.6656351175335418,1.2409596338690085
2005-10-20,-0.7205824472345711,0.278145544696474,0.04161712668214212,-0.4497790168567111,0.8401681694887382
2005-10-21,-0.6644402728346682,0.31249262620742807,0.8310846526435419,-0.5911695409343332,0.8275866010296025
2005-10-24,0.2616423921677807,-0.4838217751499087,-0.9593149151617815,1.168356980920714,-0.6918402930723254
2005-10-25,-0.14366217330518893,0.38189946528942237,1.0284515341338996,-0.402648842164163,1.1001051666974255
2005-10-26,-1.072122352803945,1.0202356316925827,0.5914248679766856,-0.8268204143970961,-0.22541707793758015
2005-10-27,0.6687221333572813,0.08716862704899384,1.0002562653495672,0.5242445934559199,0.9255102330092815
2005-10-28,0.14598112792339693,-0.0852775131086126,0.112105298642973,-0.27696837631737553,-0.2954545744184043
2005-10-31,0.08796196550062715,-1.312675912555763,-1.6219037315936544,0.6185049428410161,-0.4574053503185466
2005-11-01,-0.027887774532134983,0.0009455569701906099,-0.21214029237684903,1.3254575632291927,-0.8329095820793996
2005-11-02,0.3771909738829821,-0.9011416914534476,-0.2262379267690465,0.38285406937827554,-0.4088172570942758
2005-11-03,0.49202646635264646,-0.3467276696615122,0.6901083087218488,-0.009897386392943767,1.2526650346749626
2005-11-04,0.7788610160912397,-0.591016295137354,-1.52322029084846,1.0112563986122352,-1.2792384279995688
2005-11-07,1.4639241869248099,-0.9066514229989705,-1.5373179252406575,0.6970552339952555,-1.683167212281232
2005-11-08,1.796820732967274,-0.5239077546270352,-1.1707794310442743,-0.10415773577803998,-1.3340269615227858
2005-11-09,-1.1098040184178066,0.787884887382308,-0.04296867967085493,-0.8268204143970961,0.24292850233188618
2005-11-10,0.029164601838520925,-0.27862092844786623,0.33766744891766315,0.6342150010718729,1.1631993143003254
2005-11-11,-0.25617045275414324,-0.05150189627284578,-0.9170220119852517,0.021522730068747525,-0.8724807821323809
2005-11-14,-0.5994497362945201,0.2106809058019985,0.2248863737803337,0.35143395291658425,0.4266522130793207
2005-11-15,-0.027887774532134983,-0.9089582988062037,-0.649166958534063,1.2783273885366446,-1.2435133408923678
2005-11-16,0.8289970550502018,0.38623849975181185,0.14030056742730534,0.6970552339952555,-0.6615326746717354
2005-11-17,-0.3132106423520866,0.15842425323806977,0.21078873938816753,-0.5597494244726419,-0.6837742363810757
2005-11-18,-0.19922794504793548,0.15834242486527658,-0.183945023592548,-0.009897386392943767,-0.6440878656534438
2005-11-21,0.20054136393762137,0.1407852572775862,1.8602119632717977,0.6185049428409937,0.7200474273091735
2005-11-22,0.37139362552657507,0.17565444718001108,-1.5514155596328236,-0.29267843454821,-0.7784568977687543
2005-11-23,-0.6555983130606013,0.5070322481069008,1.0566468029182319,-0.009897386392943767,0.9472532240937043
2005-11-24,-0.027887774532134983,0.17526233996389776,0.09800766425080683,-0.8268204143970961,0.4090115330740986
2005-11-25,-0.027887774532134983,-0.38268386739280313,-0.28262846433771116,1.0426765150739266,-0.570392928281153
2005-11-28,1.1123088620772608,-0.45306195879769184,-0.5222882490045362,0.869865874534591,-0.840623944636677
2005-11-29,-0.14168860582494017,1.1346910001742376,0.9438657277808713,-0.9682109384747181,1.5144495398691913
2005-11-30,0.08591305676067018,-0.17320085776583102,-0.3390190019063759,0.6342150010718505,0.16143008415018423
2005-12-01,0.2564023051112935,-0.06874105182595534,-0.3390190019063759,0.28859371999317934,0.16134517030875806
2005-12-02,0.709853084815105,0.7318565831481413,-0.6773622273184267,1.0898066897664747,-0.2090727576995831
2005-12-05,0.8773118942596535,0.5392984708663692,0.9861586309574011,1.2940374467675015,0.9729691945441562
2005-12-06,-0.5932778790114618,0.9364426879637728,0.2248863737803024,-0.5911695409343332,-0.27010070218360893
2005-12-07,-0.08449268128091242,-0.3451980819407176,-1.0298030871225812,0.1000730212229869,0.017282669870490003
2005-12-08,0.8763540091806469,-0.6231115228743902,0.7605964806826797,-0.5597494244726419,1.2160551118957152
2005-12-09,-0.6492249374547758,1.0749122826034674,0.2953745457411959,-0.32409855100992363,0.5381629993955388
2005-12-12,-0.14101365912479868,0.0009455569701906099,1.972993038409096,0.5399546516867543,1.3609733126810437
2005-12-13,-0.8211137030745099,0.7435635300105794,-0.0006757764943564026,-1.5023529183235593,0.4028044822116773
2005-12-14,-1.2791659373201714,-0.3442316958667976,1.3385994907615866,-1.738003791786322,0.30095839943331587
2005-12-15,-1.9732882758960784,0.10454004000744338,-0.2967260987298774,-2.444956412174499,0.21967834004515052
2005-12-16,-0.027887774532134983,0.0009455569701906099,-0.2262379267690465,-2.4135362957128077,-0.32724451303675156
2005-12-19,-1.5251689911087856,-1.5046531718181357,-0.08526158284735345,0.9798362821505217,-0.2769117748589182
2005-12-20,-1.2433892941442095,-1.2159122391268025,-0.31082373312204353,-0.16699796870142256,0.0374486620000983
2005-12-21,1.9373037754791778,-0.7664461293569911,-1.1707794310442743,1.0898066897664747,-1.7636586846609354
2005-12-22,-0.31598106667618914,-0.17373310852944268,-0.7055574961027591,0.9327061074579736,-1.1386675226052114
2005-12-23,-0.951880553152842,-0.5236956436046627,0.5209366960158547,-0.009897386392943767,-0.1878073114350266
2005-12-26,-0.2593863989895357,0.0009455569701906099,-0.0006757764943564026,-1.6908736170937517,0.007014271406772265
2005-12-27,0.4349089558435366,0.0009455569701906099,-0.09935921723951963,0.9641262239196648,-0.5371512881185826
2005-12-28,0.3186841710496059,-0.5947483723736829,0.9015728246043727,0.5242445934559199,0.6537343641865286
2005-12-29,-0.6057578260321468,0.3164588531356516,-1.2835605061816036,0.6813451757643987,-1.5868077178323168
2005-12-30,-0.549042188956012,0.8232397908926097,-0.3954095394750719,0.13149313768470053,0.0379484938223135
2006-01-02,-0.14383812224509365,0.0009455569701906099,0.4081556208785253,-0.009897386392943767,0.007014271406772265
2006-01-03,-0.6083959305143808,0.6990164206217382,0.6901083087218488,-0.009897386392943767,0.7895460795644478
2006-01-04,-0.6096606551651439,0.8712779148534224,2.931632177076521,-3.183329149024389,2.55565712283736
2006-01-05,-1.0782837177751428,0.834118550397666,0.06981239546650578,0.38285406937827554,-0.08470332026009861
2006-01-06,-0.08636443010094662,-0.051060669520114836,0.06981239546647447,-0.1669979687014449,0.23115993484182765
2006-01-09,-2.2595432902283554,1.0566544497491732,-0.21214029237688034,-0.009897386392943767,1.0236080318518097
2006-01-10,0.5612005883259532,-0.6909071173455611,-0.19804265798471415,-2.444956412174499,0.3416837303715914
2006-01-11,-0.027887774532134983,0.19136262298501225,0.33766744891769446,-0.009897386392943767,-1.1609901013819897
2006-01-12,-1.3847390030373374,0.8477158266824879,0.3517650833098293,-0.5597494244726419,1.1040614940127964
2006-01-13,0.6219013111588807,-0.7766118104762121,-1.0439007215147786,0.6185049428409937,-0.15524089919380982
2006-01-16,-0.5594157216263154,0.8820265978263845,1.0284515341338996,-0.7954002979353825,0.2503618635867891
2006-01-17,0.798476954846644,-0.36154219603099014,-0.5222882490045675,1.7182090190004344,-0.8761264784815604
2006-01-18,1.1482147502352447,-1.0371303919894896,0.704205943114015,0.6970552339952555,0.6062289750294143
2006-01-19,-0.9094786927534384,-0.22444056514354813,-0.7337527648870601,-0.6225896573960468,-1.060273986157359
2006-01-20,-0.027887774532134983,0.05297262584950024,-0.07116394845518728,0.5242445934558975,0.4852546725149052
2006-01-23,-1.2670252490538254,1.22965172063938,2.945729811468687,-1.2981221613225324,2.315493213844114
2006-01-24,0.32673863427692557,-0.552220635357565,-0.07116394845518728,0.021522730068747525,0.05742664649181606
2006-01-25,0.4442160330119971,0.13933183792139914,0.3094721801333308,0.46140436053251493,0.8525910063551876
2006-01-26,-0.027887774532134983,0.0009455569701906099,-0.564581152181066,0.8384457580728997,-0.5262076927558392
2006-01-27,-0.8546179908853275,0.10469379366727269,-1.1566817966521081,0.9484161656888304,-1.04226171764181
2006-01-30,-0.08703798998880315,-0.5181513348038758,-1.2694628717894687,1.718209019000412,-1.0563456627211714
2006-01-31,-0.44230655322237966,0.32981019562860187,0.5068390616236885,0.5556647099176111,0.5442614268473766
2006-02-01,0.44568121961477786,0.0009455569701906099,-0.3672142706907082,-0.7639801814736688,0.5432349441573335
2006-02-02,0.9167380934434792,0.17388890477315289,-0.36721427069073953,1.5925285531536246,-0.1446423775892251
2006-02-03,-0.49978300948814647,0.1219471768712601,-0.07116394845518728,0.35143395291658425,0.05757559400390327
2006-02-06,-0.20506370489822726,-1.089813057754748,-1.1284865278677758,0.25717360353148805,-2.3078952799358334
2006-02-07,0.38534001349237534,-0.6762595949689606,-0.11345685163168581,0.46140436053251493,-0.4317178085973466
2006-02-08,-0.44111556255664536,-0.7649027898370659,-0.35311663629854206,-1.4238026271693422,-0.5858524441758441
2006-02-09,-0.027887774532134983,0.31448122487563207,0.33766744891766315,0.7756055251494949,0.017246729071960877
2006-02-10,0.031183931623415137,-0.06870099514408029,-0.02887104527868875,-0.16699796870142256,0.5079482317911793
2006-02-13,0.26727490234982004,-0.4521477792451155,-1.1566817966521081,-1.0624712878598142,-0.7908125338849499
2006-02-14,-0.26399180988457494,0.07069635238486092,0.14030056742730534,-0.4811991333184024,-0.4645643644876267
2006-02-15,0.26720966580731015,0.5931797321273885,0.08391002985864064,0.1786233123772263,0.3966361313711497
2006-02-16,0.14901428333684674,-0.31244594000812226,-0.649166958534063,0.38285406937827554,-0.4133902585605881
2006-02-17,0.9136157008861924,0.0009455569701906099,0.06981239546647447,0.38285406937827554,0.0583168458263655
2006-02-20,-0.20416700631871465,0.43612401507552667,0.9720609965652349,0.17862331237724863,0.8368120812622509
2006-02-21,-0.2042834519277902,-0.5561949894722946,-0.3672142706907082,0.38285406937827554,0.09906276235530945
2006-02-22,0.6183275034277639,0.08806634489525504,-0.43770244265157043,0.27288366176234485,-0.4535303835373228
2006-02-23,0.2653302702884344,-0.4872539059029875,1.155330243663395,-1.4238026271693422,1.2742471738613939
2006-02-24,-0.6733930031483889,0.7503571422554419,-0.8606314744165869,-1.7380037917862998,-0.24801612669351086
2006-02-27,-0.20420580443568023,-0.27768871857974525,-0.6209716897497307,-0.5597494244726642,-1.0461621336818283
2006-02-28,0.08967051333934563,-0.06875307781701118,0.32356981452549693,-0.08844767754718316,0.7129770048246741
2006-03-01,-0.5573081086010709,0.8362725681021081,1.1130373404868965,-0.6854298903194517,0.965912007909181
2006-03-02,-0.0867771002945227,0.41774681358031723,-0.46589771143590275,0.6342150010718729,-0.9314472361067415
2006-03-03,0.08987789290563435,-0.1205622443290033,1.3949900283302514,0.25717360353148805,0.8945529960286105
2006-03-06,-0.26347106867152237,-0.016416679898633248,-0.04296867967085493,0.9327061074579736,0.037569049892907415
2006-03-07,0.031027536592111524,-1.147168004953262,-1.4668297532797951,0.9012859909962823,-1.9757413214973676
2006-03-08,0.5017659130050797,-0.6620689400382725,0.013421857897809772,0.17862331237724863,0.191571971556904
2006-03-09,0.7353176269666046,0.2977367113799665,0.08391002985864064,0.06865290476129562,0.0275131927934549
2006-03-10,-0.32117022750288826,-0.24344955289196468,-0.014773410886522578,0.9327061074579736,-0.16727430399049537
2006-03-13,0.1481203477934107,-0.20869302255977826,0.04161712668214212,0.7913155833803516,-1.0512902814801015
2006-03-14,-0.38002010677365233,0.03589539725919682,0.3658627177020268,-0.5283293080109506,0.890921945653306
2006-03-15,-0.027887774532134983,0.9779074627205397,1.0989397060946993,-1.6280333841703691,1.1131091643970676
2006-03-16,-0.38048507037560286,-0.24299967689320476,0.605522502368883,0.25717360353148805,0.08877407172454142
2006-03-17,0.030910782699318188,-0.31298726581364517,1.6346498129970763,-1.533773034785273,0.9251745207990346
2006-03-20,0.08967051333934563,-1.8719562175931905,-0.15574975480818434,-0.8582405308587874,-0.24772908145699418
2006-03-21,-0.38071801294217733,-0.8606195577220465,-0.4236048082594042,-0.009897386392943767,-0.37043074870016957
2006-03-22,0.5011829146184414,-0.49247984927873095,-1.0579983559069135,1.781049251923817,-0.2278698224797678
2006-03-23,0.4415188883545899,0.05385102657434403,-0.19804265798471415,-0.716850006781143,-0.6066537557092724
2006-03-24,0.6162020262686959,-1.1828167932943534,-1.2130723342207728,1.7653391936929825,-0.9057385456894095
2006-03-27,-0.027887774532134983,-0.5660700221309862,0.788791749467012,-2.099335131095828,1.4414704102311018
2006-03-28,-0.027887774532134983,0.4263067157901323,0.8310846526435419,0.32001383645487064,0.18070009044800228
2006-03-29,0.14750378946615259,-1.454844477989131,-1.0157054527304148,1.4982682037685284,-1.0777264647249243
2006-03-30,-0.027887774532134983,1.4567355919295122,1.1835255124477275,-0.11986779400887446,0.15052244707959292
2006-03-31,-0.027887774532134983,0.99113818848714,0.112105298642973,-0.5597494244726419,-0.3724167576307639
2006-04-03,-0.49585485436319443,-0.15797440289862333,-0.5786787865732321,1.011256398612213,-0.763680057761895
2006-04-04,-0.027887774532134983,-0.370192245778043,2.170359919899485,-0.6382997156268813,1.771344862900751
2006-04-05,0.4400793052989245,1.535564829705965,0.6337177711531841,-1.2667020448608635,0.7830828665031323
2006-04-06,-0.027887774532134983,1.300162736990549,0.7042059431140463,1.0112563986122352,0.5571302252256338
2006-04-07,-0.3787861779650138,0.246117780349612,-1.8756611506526768,0.5556647099176111,-0.7981506217751597
2006-04-10,0.615074145478685,-0.4019422344069941,-1.1284865278677758,0.44569430230168045,-0.4219904259157764
2006-04-11,-0.027887774532134983,0.6138231421634791,0.08391002985864064,0.46140436053251493,-0.26912115817967264
2006-04-12,1.0790494023927482,0.31565754938203383,0.2812769113489984,-0.9053707055513355,1.1099295660494555
2006-04-13,2.1146467430552995,-0.5587686855700835,-0.4377024426515391,0.8855759327654478,-0.14590946555216572
2006-04-14,-0.027887774532134983,0.0009455569701906099,-0.0006757764943564026,0.33572389468572744,0.007014271406772265
2006-04-17,-0.89441199598088,0.0009455569701906099,-0.0006757764943564026,-0.6697198320885949,1.9683001165633538
2006-04-18,-0.027887774532134983,1.5550961213404584,2.2267504574681496,-0.6540097738577381,0.0880159986682329
2006-04-19,-0.08575615629237336,0.6968513606108965,1.324501856369389,-1.329542277784246,1.2797172732365583
2006-04-20,0.0299806072281034,0.3135823265853927,-0.0006757764943564026,0.8855759327654255,-0.32575526168462976
2006-04-21,-0.37528632299228903,-1.1643963979848349,-0.4377024426515391,0.10007302122300923,-0.14437514119037548
2006-04-24,-0.20175667698766692,1.2183622833405454,0.704205943114015,-2.9319682173308146,0.9543764257821479
2006-04-25,-1.3646571069013416,0.0009455569701906099,0.8451822870357081,-2.0679150146341363,-0.4561889372800536
2006-04-26,1.1348993734303143,0.1744635003348805,-0.0006757764943564026,0.8227356998420429,-0.18453211672595676
2006-04-27,0.14609440987462224,1.0572579718482773,-0.15574975480818434,-0.402648842164163,0.08768131686029389
2006-04-28,-0.5501747647386739,0.3292099577561335,1.7333332537422708,-0.716850006781143,2.496261364457564
2006-05-01,-0.027887774532134983,1.2416765619056307,-0.0006757764943564026,-1.8951043740948008,0.007014271406772265
2006-05-02,-0.43481841300971436,-0.9118764028374325,1.4936734690754145,0.8541558163037565,2.5833154703948633
2006-05-03,-0.260698291970419,1.9438419580174002,-0.2967260987298774,-0.009897386392943767,0.3335767516216058
2006-05-04,0.6118533813837285,0.01808382201466885,-0.4236048082593729,-0.009897386392943767,0.4122148008427169
2006-05-05,-0.5511983000499879,0.10375478935728942,1.3526971251537214,-0.009897386392943767,0.7664231795361102
2006-05-08,-0.027887774532134983,0.0009455569701906099,0.9579633621730688,-3.1833291490244116,1.3727139618868474
2006-05-09,0.437327755306335,0.13797027650155427,-0.8324362056322546,-0.4183589003949975,-0.7487032179292318
2006-05-10,-0.20224863386921668,0.5313316524837275,1.155330243663395,-0.3083884927790668,0.596059996263447
2006-05-11,0.784823951106786,-0.11873789550209117,-0.8888267432009194,-0.1355778522397536,0.27168203275489405
2006-05-12,-0.14383812224509365,0.9570917127459097,2.790655833154859,-1.5023529183235593,3.1055748215385033
2006-05-15,1.9364534036585568,-1.1091488410461576,-1.2412676030051364,-0.7954002979353825,-1.5964586711192716
2006-05-16,1.235499576725747,-1.3021912979946746,-0.12755448602385197,0.5399546516867543,0.1434227679171968
2006-05-17,-1.5792441460273345,1.0986963047679186,0.9156704589965389,-0.7954002979353825,1.5612779514875657
2006-05-18,0.7776441985721665,-1.5783249602496132,-1.579610828417156,1.8753096013089132,-0.9925554311542909
2006-05-19,-0.14281510429722294,0.568370509875053,-0.04296867967085493,0.06865290476129562,-1.0644332724135233
2006-05-22,1.2336005549570255,-2.1713286044829894,-0.19804265798468285,2.1109604747716313,0.0850758065963575
2006-05-23,-0.9447423974357587,0.5368405878228663,1.2399160500163922,-1.4552227436310112,0.611256107067481
2006-05-24,1.1748395301942602,-0.4138580209611866,0.14030056742730534,1.8595995430780563,0.2016538052372068
2006-05-25,0.6569605938039498,0.10469971638449001,-1.3540486781424346,0.5870848263793024,-1.2605623278815896
2006-05-26,-0.027887774532134983,1.2087921349377921,0.5914248679766856,-1.6751635588629172,-0.0027585407324878792
2006-05-29,0.655208688155994,-0.22300494379490615,-0.5504835177888998,1.0269664568430696,-1.0308384901039989
2006-05-30,1.219935274535056,0.6894956413666025,1.1412326092712288,0.46140436053253725,1.6793930381890507
2006-05-31,1.3267563307582166,0.3274593629321443,0.408155620878494,-0.6540097738577604,0.1727308304280163
2006-06-01,-1.2128250761523838,-2.551781046445946,-1.8615635162604793,0.5242445934559199,-1.5565580451797172
2006-06-02,-0.3107923953222758,-0.41504480199841276,1.1130373404868965,-0.05702756108549187,0.2323146045955173
2006-06-05,-2.0166569693601315,1.0052793756942524,2.0152859415856255,-1.4238026271693198,1.822393101939387
2006-06-06,0.5418449924487037,-1.1074751760528756,-1.5655131940249898,1.168356980920714,-1.5147661093126685
2006-06-07,0.029018703378951446,-0.8156417324891977,-0.8183385712400885,1.0898066897664522,-0.6098976202888479
2006-06-08,0.7107949830590385,0.6960528907414092,-0.7619480336713924,0.7441854086878036,-1.3392235076553114
2006-06-09,-0.8234770100343948,-0.016412700130284476,-1.072095990299111,0.571374768148468,-0.6635971171615322
2006-06-12,-0.2556350348937039,0.0009455569701906099,-1.227169968612939,0.2257534870697744,-0.0028596263401839505
2006-06-13,0.8819381365886286,-0.6072209625810232,-0.014773410886522578,0.5085345352250854,-0.0917438169446608
2006-06-14,-0.36870932250554844,-0.5561629680423477,-0.1134568516317171,1.058386573304761,-0.022619933000756747
2006-06-15,-0.42606348492709284,-0.016480605292545115,0.6619130399375165,-0.10415773577803998,0.7075191793296826
2006-06-16,0.02903083307704171,0.7841320626891446,0.5773272335845194,-0.5597494244726419,0.5681288853401378
2006-06-19,-0.19868000714507253,-0.9565577317424705,-0.8465338400243895,1.4040078543834322,-0.9288009757309528
2006-06-20,0.08598585047162585,0.43654956866275124,-0.6350693241419282,-0.8739505890896219,-0.368187298622142
2006-06-21,0.02903083307704171,-0.033879720769762915,1.2117207812320911,-0.5283293080109506,0.12555317679696337
2006-06-22,0.4838344770920967,0.1402226514170698,-0.7055574961027591,0.10007302122300923,-0.9129745022238719
2006-06-23,1.049205137888268,-1.0626633177934781,-1.1284865278677758,2.000990067155678,-0.9955412712032109
2006-06-26,0.7629888459377588,-0.4185493958669943,0.8310846526435419,0.46140436053253725,-0.07254935153123954
2006-06-27,0.08490363013837639,0.35056501573775106,0.08391002985864064,-0.27696837631737553,-0.04272444960617456
2006-06-28,0.19755221064955367,-0.331183341671897,0.04161712668214212,0.06865290476129562,0.05675299241971909
2006-06-29,-0.366119164384335,-0.611825758014726,-0.5786787865732321,0.44569430230168045,-0.8996130693350891
2006-06-30,-1.4985279693465197,2.6010496370723066,2.5932889516645328,-2.507796645097904,2.1938625241735537
2006-07-03,-0.5956822614464978,-0.1728611183564648,1.084842071702533,-0.7639801814736911,0.9855639631992148
2006-07-04,0.14257737430631556,0.33109301793449364,0.013421857897809772,0.19433337060808312,0.09580438000321892
2006-07-05,0.08569523295972849,0.40011690446661013,0.041617126682173426,0.49282447699422854,0.0760538292418238
2006-07-06,0.6525975712177918,-0.763146557170827,-0.8324362056322546,0.9798362821505217,-0.9709843080195286
2006-07-07,-0.19784660911468338,0.7476933288436802,0.6055225023688517,-0.6225896573960468,0.5507675121124151
2006-07-10,-0.3681303093133487,0.9534126596435475,-0.36721427069073953,-2.382116179251094,0.21435154435744183
2006-07-11,0.8219070868745895,-0.5528527172866884,-0.22623792676901522,0.7756055251494949,-0.4374675983368279
2006-07-12,-0.027887774532134983,0.9866953424768435,-0.19804265798471415,0.30430377822401383,0.41201513488412717
2006-07-13,0.42423279330449,0.2080636952609453,-0.4236048082593729,1.6396587278461952,-0.3979865920705826
2006-07-14,0.7614859109798031,-0.8629825440569625,-0.36721427069073953,0.6970552339952331,0.21452674971639069
2006-07-17,0.028406870261081203,0.052850786075938676,-1.7628800755153162,-0.009897386392943767,-2.1347625956587826
2006-07-18,1.599515760098164,-0.3279378744939258,-0.14165212041601816,1.6396587278461952,0.8716412317511265
2006-07-19,1.2001119282382715,-0.6752517618453476,-0.6914598617105928,0.5399546516867543,0.007014271406772265
2006-07-20,-0.6411817308173546,0.8502839296272832,2.2690433606446483,-0.6382997156269036,2.043733240174205
2006-07-21,-0.08371167911240436,-0.12024278849450991,0.5209366960158547,0.14720319591555733,0.9216834109970776
2006-07-24,0.5298268112143882,0.3470694196304506,-0.6632645929262292,-0.6382997156269036,-0.5630746189667364
2006-07-25,-0.6972851919305014,0.830032733717467,0.04161712668214212,0.38285406937827554,-0.10123679708095812
2006-07-26,0.19543119862333444,-0.03355447330043574,-0.6914598617105928,0.41427418583996684,-1.0283983301217352
2006-07-27,-1.20240146575468,0.9654641899012336,2.1139693823308203,-1.266702044860841,2.211295031236314
2006-07-28,-0.4766839248579575,0.0009455569701906099,-1.0298030871226123,-0.5911695409343332,-0.5719001274593658
2006-07-31,-0.30876888445931516,0.7394791586812318,1.451380565898916,-1.738003791786322,0.6937299132707136
2006-08-01,0.7578360063562709,-0.47975548658748834,-0.11345685163168581,-0.24554825985566192,0.30080737442544586
2006-08-02,-0.5327304454933606,0.721711357858664,0.5491319648001871,-0.33980860924078043,0.769440107445296
2006-08-03,0.8689515120908721,-0.5480537151032325,-0.24033556116121269,0.47711441876337174,-0.13944531369089017
2006-08-04,-1.03704405401491,-0.37706945833009775,0.15439820181947153,0.6185049428410161,1.6430120711185348
2006-08-07,-0.30888711287637977,0.0009455569701906099,0.8169870182513757,-0.9525008802438836,1.8361839259069286
2006-08-08,0.5338155175351649,0.035330058448595665,-0.15574975480818434,0.8541558163037342,-0.3211645012945635
2006-08-09,-0.36476794526837797,-0.721949902260822,0.5632295991923533,0.8855759327654478,0.335193044108108
2006-08-10,-0.5903008859428706,2.113143386615247,-0.31082373312204353,-0.4811991333184024,-0.7561096735397917
2006-08-11,0.47833729951464476,-0.2729799829305394,-1.1566817966521081,-0.041317502854657386,-0.5933498060015567
2006-08-14,0.1967934727047768,-0.1703837832583812,-0.8042409368479223,1.4511380290760025,-0.6432133508466368
2006-08-15,-0.027887774532134983,-1.3731889932845462,0.09800766425080683,0.41427418583996684,-0.1387656985826563
2006-08-16,-0.08404036575725841,0.7918344278074988,0.9579633621730688,-0.7639801814736911,0.24022589004566014
2006-08-17,-0.5337931609395229,0.5670529713431409,1.2117207812320598,-0.7482701232428343,0.6667300693607677
2006-08-18,0.08461850334329378,-1.1151267457471434,-1.0861936246912771,0.6499250593027074,-1.1777004519214243
2006-08-21,-0.19666497171540226,-0.20554897953784712,1.6487474473892738,-0.3712287257024494,1.0657266951773292
2006-08-22,0.3657598751713031,0.0009455569701906099,-1.5091226564563252,0.5556647099176111,-0.293681238721288
2006-08-23,0.1967934727047768,0.5684671559621318,-0.0006757764943564026,0.2257534870697744,-0.0026909497433281093
2006-08-24,-0.3649805774545241,-0.23969133455265013,0.26717927695683225,0.17862331237724863,0.20105495572315113
2006-08-25,0.5897910020753856,-0.20546689766009363,-0.9734125495539163,0.41427418583996684,-0.4103391800278021
2006-08-28,-0.3084737482172664,-0.3089370945556826,0.5350343304080208,0.7913155833803516,0.007014271406772265
2006-08-29,-0.2525690217690468,0.6375830046246413,0.112105298642973,-0.3555186674716149,1.0056861187868933
2006-08-30,-0.08408763722240338,0.0009455569701906099,0.14030056742733665,-0.21412814339399297,0.13280804059449297
2006-08-31,0.19684074416992176,0.06969114942381444,0.4645461584471587,0.7284753504569468,0.6447912339017567
2006-09-01,-0.1402283931799675,0.3959302264426479,-0.47999534582803766,-0.11986779400887446,-0.37934417697494216
2006-09-04,-0.5340062411496543,0.9262817030656539,0.49274142723149106,-1.1881517537066018,0.2678645554114245
2006-09-05,-1.2691197209456,-0.05038791561959578,-0.5927764209653983,-1.031051171398123,-0.6020139596920505
2006-09-06,-0.08444472626044935,-0.2901085568528483,-0.24033556116118138,0.7756055251494949,-1.2053017933036905
2006-09-07,-0.6508061171193921,-0.3418294772862832,-0.8747291088087844,0.5399546516867767,-0.7131523700712257
2006-09-08,0.5384616351907728,-1.6842819526540973,-0.25443319555334754,-0.7954002979353825,-0.9300182245477207
2006-09-11,0.36784332914302925,-0.7587477094356907,-0.0006757764943564026,0.869865874534591,-0.39413206179961197
2006-09-12,0.36725774226259456,0.07008736632051134,-0.05706631406305241,1.309747504998336,0.80873438015299
2006-09-13,-0.705638510409365,-0.32761868861592036,-0.4518000770437053,0.49282447699422854,-0.05157058061284452
2006-09-14,-0.4240382183034116,0.13933183792139914,0.6478154055453503,-0.5911695409343555,1.0499462853733457
2006-09-15,-0.14118164410903966,0.7781925661817007,-0.6773622273183953,0.28859371999317934,-0.29474503866004614
2006-09-18,-0.08455273953777871,-0.6379783649818053,-0.14165212041604947,-0.009897386392943767,-0.5681997705486703
2006-09-19,-0.08456476648577686,0.5536071216686264,-0.15574975480818434,0.28859371999320166,0.5140441871069422
2006-09-20,-0.3682025783505801,-0.5171451031656773,0.3094721801333308,-0.9996310549364317,0.14336596259987175
2006-09-21,-0.9944750094050905,0.7260246190664167,0.7746941150748459,-0.32409855100992363,1.5315812789757084
2006-09-22,0.31366031712223913,-0.10253096377484337,1.2117207812320911,-1.10960146255234,0.626125472605842
2006-09-25,-0.4833823780871769,-0.6725148209185018,-0.6914598617105928,-0.1355778522397536,-0.20565119245247687
2006-09-26,0.5982171936301064,0.4846071237199891,-1.0298030871225812,0.03723278829960434,-0.4962910812451059
2006-09-27,-0.31229897043213956,-0.7421384460153981,-0.15574975480821562,1.0898066897664747,-0.5554316681864273
2006-09-28,-0.027887774532134983,-0.08557798483565653,0.4081556208785253,0.6970552339952555,-1.0725438776602128
2006-09-29,0.19966541059476703,-0.3800519113523712,-0.7478503992792576,0.46140436053251493,-0.9593509609216593
2006-10-02,-0.027887774532134983,0.0009455569701906099,0.3517650833098293,0.6970552339952555,0.3099714771125873
2006-10-03,-0.7111298869448134,-0.051045792320438724,0.7324012118983786,-0.9053707055513132,1.5654855379683794
2006-10-04,-0.8844061393228394,-0.6931265011806914,-0.7478503992792576,0.5713747681484456,-0.8977936164588045
2006-10-05,0.08647353196412536,0.43492692787274706,0.5209366960158547,-0.5911695409343332,0.5716453019724378
2006-10-06,-0.6001847072320693,-0.2593686463220039,-0.8042409368479223,0.49282447699420623,-0.9671978029929769
2006-10-09,0.6015714502810176,-0.2943478983407421,-0.8606314744165869,-0.009897386392943767,-0.7845840366020966
2006-10-10,0.08640011361827676,0.36567800976523596,-0.9170220119852517,1.718209019000412,-0.8064524783474668
2006-10-11,0.08635122040256649,-0.2595328024024854,0.06981239546647447,0.9012859909963046,-0.21882206892999562
2006-10-12,-0.94317109251766,0.591041946263794,-0.1698473892003505,-0.1355778522397536,-0.1796833500657308
2006-10-13,-0.6589698412659863,0.6937080440573443,0.26717927695680094,-0.4811991333184024,0.5274927111422412
2006-10-16,-0.20026022586701037,-0.15478792388368556,-0.4940929802202038,0.6970552339952555,-0.11074539992381077
2006-10-17,-0.6032675416122466,0.7960768176161787,0.12620293303513916,-1.0624712878598142,0.8498687602585064
2006-10-18,-0.6045099951077637,-0.05084725591969736,0.26717927695683225,-0.6225896573960468,0.32976436099849177
2006-10-19,0.3182349525885603,0.15629743597939652,0.25308164256466603,0.28859371999317934,-0.25702636969358666
2006-10-20,-0.08554374940530131,0.7592988224724458,0.8028893838592095,-0.8739505890896219,1.3636898454824968
2006-10-23,0.4905683950800488,0.06979271118406415,-0.8747291088087531,0.7284753504569468,-0.9781197267331229
2006-10-24,-0.027887774532134983,-0.48131345389511077,-0.21214029237688034,0.9327061074579959,-0.22758633373268472
2006-10-25,-0.027887774532134983,0.6724535967917604,0.5491319648001871,-0.26125831808654104,0.8077580321397998
2006-10-26,-0.6040123703672229,0.25882201522106624,1.0284515341338996,-0.7011399485502862,0.5817491426897582
2006-10-27,-0.4896840791376081,0.3101077962188762,0.4222532552706602,-0.5597494244726419,0.7165017227746797
2006-10-30,-0.7800142398355608,0.9094284872754491,0.4786437928393562,-1.6594535006320603,0.9856857964253444
2006-10-31,-0.43375812215218235,-0.10176490418297024,-0.2967260987298774,0.38285406937827554,-0.25427675209418127
2006-11-01,-0.5506291745906232,0.8045802738412055,0.8592799214278742,-1.078181346090671,1.0893033256892541
2006-11-02,-0.027887774532134983,-0.30657758157376946,0.14030056742730534,0.46140436053251493,-0.16664380173318089
2006-11-03,-0.5516544934560742,0.37676479308061817,-0.09935921723951963,-0.009897386392943767,0.12279825871176094
2006-11-06,0.08859364349240569,-0.7511597715646101,-0.8183385712400885,1.215487155613262,-1.240173977511871
2006-11-07,-0.20262896077893916,0.633522607613631,0.7464988462905449,0.27288366176234485,0.7714537901422704
2006-11-08,-0.9033130365204709,-0.34082393144576656,0.2953745457411646,-0.9525008802438836,0.3450255522759531
2006-11-09,-0.20331774684665643,-0.8380230152460799,0.2812769113489984,0.36714401114744105,-0.0412481373690576
2006-11-10,-1.2003754829802118,0.17235245688613954,0.9579633621730375,-0.4340689586258767,0.7974716213051156
2006-11-13,2.6030068719038875,-0.06760556421603817,-0.4799953458280689,-0.3555186674716149,-0.9379385828678446
2006-11-14,1.4804531489917776,-0.4621807354107484,-0.08526158284735345,0.571374768148468,-0.766741555458477
2006-11-15,1.0113796212844037,0.13824199691782313,-0.4518000770437366,-0.08844767754718316,-1.0798403094468805
2006-11-16,-1.0093118588288288,0.15532970330488638,0.168495836211669,0.46140436053251493,0.2111203697936391
2006-11-17,-0.9548876955854578,0.01809449492302517,-0.4236048082593729,0.46140436053251493,-0.30406381526013787
2006-11-20,-0.8998826059608536,0.3951034075748174,0.9438657277808713,-0.5911695409343332,0.9489101839634622
2006-11-21,0.728005469594953,0.13792380381228705,-0.3813119050828744,0.2257534870697744,0.27831484534818146
2006-11-22,-1.425058504554579,0.44569755135268396,1.014353899741702,-0.37122872570247173,0.9738095799550818
2006-11-23,-0.027887774532134983,0.0009455569701906099,0.9438657277808713,-0.009897386392943767,0.614389721967169
2006-11-24,-0.027887774532134983,0.0009455569701906099,1.7615285225266346,-2.2878558298659977,1.8308616858209197
2006-11-27,-0.6707089871261185,1.2461929464785133,0.5068390616236572,-1.1881517537066018,0.3799212840297637
2006-11-28,0.5565590479317201,-0.13527041629711015,0.46454615844719,0.7127652922260899,0.5988227153136552
2006-11-29,-0.553832319056312,0.6644206110546826,0.14030056742733665,-0.5440393662418074,0.6356356008888117
2006-11-30,0.6147927922171559,0.42548699359664605,0.6055225023688517,0.979836282150544,0.6057512673477325
2006-12-01,-0.5536022217646658,0.7805505422635483,0.6196201367610179,-1.1096014625523622,1.1344886428720218
2006-12-04,-0.49605996824414816,-0.507264839265673,0.9156704589965389,-0.19841808516313617,0.9604054978864512
2006-12-05,-0.20366418016870474,0.22127475682744,0.3094721801333308,-0.402648842164163,-0.2758332674814264
2006-12-06,-0.32110581935270444,-0.06683097526953266,-0.8042409368479223,-0.7325600650119775,-0.8810918008767734
2006-12-07,0.8508022140682058,0.2719607429279739,0.32356981452552824,0.35143395291656193,0.07324676595984678
2006-12-08,0.14750378946615259,0.0348054122981375,-0.2967260987299087,0.22575348706979675,-0.7129191465067749
2006-12-11,0.3809117642709199,-1.2034031580356013,-1.396341581318933,2.2680610570801325,-0.9335720124574961
2006-12-12,0.32201441126548574,0.5273769847137855,0.9438657277808713,0.19433337060808312,1.2604301016085964
2006-12-13,0.03038470722381088,0.4417643351863807,0.2953745457411646,0.25717360353148805,0.9245298274970744
2006-12-14,-0.5527984643108153,-0.27025160999956593,-1.0298030871226123,0.8070256416111861,-0.7778909931031067
2006-12-15,-0.49534285510836373,-0.7461010455277182,-1.2130723342207728,0.6342150010718729,-0.6376806210868705
2006-12-18,0.7313117320782512,-0.06705921750830299,-0.15574975480818434,0.1786233123772263,-0.6867369403767898
2006-12-19,0.20527848921238798,-0.1691332040666828,0.8874751902122066,-0.009897386392943767,1.3265198841916481
2006-12-20,-0.5527984643108153,0.7316076459820076,0.6337177711531841,0.14720319591555733,0.7164093525655113
2006-12-21,-0.08627492827679525,0.20453709512528395,-0.35311663629854206,0.35143395291656193,-0.7592099549457978
2006-12-22,-0.8466512395069049,0.03486418031323444,0.19669110499597003,-0.07273761931632634,0.25319083478084164
2006-12-26,-0.3209127645275888,0.0009455569701906099,-0.0006757764943564026,0.9641262239196648,0.007014271406772265
2006-12-27,-0.9088969754863812,-0.11778624498897017,-0.46589771143587144,-0.009897386392943767,-0.4002407228945396
2006-12-28,-0.20443895226087766,0.20445730447106356,0.19669110499597003,-0.29267843454821,-0.04037933739614724
2006-12-29,-0.7942946160342226,0.7798097206112017,-0.04296867967085493,0.25717360353148805,0.23443063816030343
2007-01-02,-0.20506370489822726,0.4402888729537861,1.4090876627224176,-0.009897386392943767,0.6787107378384976
2007-01-03,0.739027014320904,0.5913647727001932,-0.5504835177888998,-0.009897386392943767,-0.9774272313623527
2007-01-04,0.5017659130050797,-1.0964648484986643,-1.7628800755153162,0.6342150010718505,-1.3999022143255457
2007-01-05,-0.7343264050288965,-1.4741458299439825,-0.31082373312204353,-1.5651931512469641,-0.46034758943987275
2007-01-08,0.6785508559646266,-0.3902246557423018,-1.1002912590834433,-0.009897386392943767,-0.6141589665243229
2007-01-09,0.26591096407987974,0.528056651779668,0.168495836211669,0.8227356998420429,0.8667346827146035
2007-01-10,0.3242445577093824,-0.5431844026609409,-0.4236048082594042,0.7441854086877812,-0.3556576092361105
2007-01-11,0.14800441313413212,0.4601196149229233,-0.0570663140630211,0.38285406937827554,-0.031188993254002838
2007-01-12,0.2650086534148644,-0.4241917274820967,-1.2835605061816349,1.5139782619993851,1.122316784047336
2007-01-15,-1.7901047720670835,0.9524257461382498,0.676010674329714,-0.5754594827034987,1.4588310124416026
2007-01-16,0.031040537874553756,-0.4404414460671825,0.1684958362116377,0.47711441876337174,0.18678212985962084
2007-01-17,-0.3226594642364171,0.10286119706642206,-0.6209716897497307,0.44569430230168045,-0.1159723488065792
2007-01-18,-0.1458876202822746,0.7811616896882619,0.18259347060383518,-0.3555186674716149,0.5364192528757379
2007-01-19,0.5027013876239048,0.40721846747532475,0.5068390616236885,1.058386573304761,0.1958457218147119
2007-01-22,-0.027887774532134983,-0.11749443102893818,-0.31082373312204353,0.05294284653046114,0.17685401524182195
2007-01-23,-0.7946331728069953,-0.16833480143603616,1.4654782002910822,0.5556647099176111,1.1460548153312002
2007-01-24,0.09021644967840717,-0.863858878394943,-0.4940929802202351,-1.266702044860841,-1.1414591179123885
2007-01-25,0.03114475507439345,-0.7131049027116081,-0.3813119050828744,-0.716850006781143,-0.3800056185857973
2007-01-26,-0.027887774532134983,0.0009455569701906099,-1.0861936246912771,1.7024989607695775,-0.9486591454519696
2007-01-29,0.14913155351975468,-0.9708231183569112,0.2812769113489984,0.6970552339952331,-0.3913544719615981
2007-01-30,-0.027887774532134983,-0.11860967889386263,0.7183035775061811,-0.6225896573960468,0.7937221204859014
2007-01-31,-0.6184091266133205,-0.2041161221567225,-0.25443319555334754,0.11578307945386604,-1.1786285881017422
2007-02-01,-0.027887774532134983,0.5304045865797316,0.9297680933887051,-1.486642860092747,1.5142873706383604
2007-02-02,-0.38282842925445393,-0.3576191011397138,-0.0006757764943564026,0.05294284653046114,0.025922223484348375
2007-02-05,-0.027887774532134983,0.052195073283757616,-1.3399510437502997,0.021522730068747525,-1.1012490015277299
2007-02-06,-0.027887774532134983,0.2741299645953573,0.42225325527069146,-1.0781813460906486,1.0774603662370874
2007-02-07,-0.14630624502592623,0.3591266046128798,0.4504485240549925,0.11578307945384372,0.33774192841857004
2007-02-08,0.1497202443780662,0.7670531422566913,0.0557147610743083,0.9012859909962823,-0.36153566019220834
2007-02-09,-0.3832220206932191,-0.15212102998965316,0.2248863737803337,0.869865874534591,-1.9668012144821696
2007-02-12,0.6823085126725732,-1.1409878694465594,-0.7196551304948939,-0.009897386392943767,-0.031080096642596203
2007-02-13,-0.08699870926985007,-0.1527769865211392,0.9297680933887051,0.16291325414639182,-0.393289089552101
2007-02-14,-0.08701179704473239,1.194514147790787,0.8451822870357081,-0.27696837631737553,1.2062155094796179
2007-02-15,-0.44212287723564775,0.6638993473730425,0.7746941150748772,-1.8636842576331096,0.24434302925482346
2007-02-16,-0.027887774532134983,0.11978382993285608,-0.25443319555337884,-1.1410215790140537,-0.8197572986467765
2007-02-19,-0.14635878205977282,0.49277947135843614,0.18259347060380388,0.10007302122300923,-0.44064781571359857
2007-02-20,0.7412359222682883,-0.13465301972145224,0.18259347060383518,0.42998424407082364,0.4451590642392885
2007-02-21,-0.08697255109529907,0.1026501797886335,-0.0006757764943564026,0.8070256416111861,0.24484985841123064
2007-02-22,0.32642494430539987,0.6273706088627583,-0.5504835177888998,1.1997770973824053,-0.078583322940943
2007-02-23,0.14909244618709797,-0.43910966383776767,0.39405798648632784,0.7127652922261123,0.7195311121038146
2007-02-26,-0.6773895015824138,0.5931787590992073,0.3658627177020268,-0.92108076378217,0.49996620000788017
2007-02-27,0.14940578952454023,0.35573048134744023,0.9861586309573698,-1.1096014625523622,0.15851775770334356
2007-02-28,0.6211833907899688,-1.0138301507264718,-0.26853082994554506,-2.7120274020989306,-0.7513223471964069
2007-03-01,-0.26373115182972834,-0.33806988462722165,0.19669110499600134,-0.29267843454823234,0.6233187680590443
2007-03-02,0.031092600436958377,-0.1687045541284307,-0.8747291088087531,-1.0310511713981005,-1.4267939533284257
2007-03-05,1.2077003236025765,-1.3937810222771518,-1.1284865278677758,-3.2304593237169597,-2.517511027352344
2007-03-06,0.3827076992496025,-0.5109290628654974,0.23898400817249987,1.3254575632292152,0.6786114495693166
2007-03-07,-0.37978808452394786,0.46167162202552325,0.49274142723149106,-0.1669979687014449,-0.03131944660821026
2007-03-08,-0.3802524351886407,0.13732251484753386,0.23898400817249987,-0.7482701232428343,0.5623413661367651
2007-03-09,-1.0287867507693589,0.30756940376183267,0.04161712668214212,2.3780314646960856,-0.23221612698954885
2007-03-12,-0.32298521487158016,0.39229155188021775,0.013421857897841075,1.3254575632291927,0.7527397022022976
2007-03-13,-0.027887774532134983,0.7482015806836814,0.8733775558200404,-1.2352819283991499,-0.9781456549299473
2007-03-14,0.5030530431049035,-0.644303304489938,-0.4940929802202351,-2.0050747817107317,-0.42448325849688573
2007-03-15,-0.5588285921691735,0.714035463607179,0.6055225023688517,1.5611084366919332,1.1084142976739468
2007-03-16,-0.3233116862738754,0.9829371048330513,1.3949900283302514,-0.11986779400889679,1.1421915359060888
2007-03-19,-0.027887774532134983,0.6088602194880942,-0.31082373312204353,0.13149313768470053,-0.3168538332223154
2007-03-20,-1.153488838868841,0.4729260326816414,-0.09935921723955093,0.9484161656888304,1.1768893910241787
2007-03-21,-2.113865937125055,0.6403164596335855,-0.04296867967085493,-0.009897386392943767,0.18729265274446638
2007-03-22,0.15155022970260232,0.6557417187498042,0.8169870182513757,-0.5283293080109506,0.9823024694751735
2007-03-23,0.2111754881558767,-0.08292360917975945,-0.3390190019063759,0.7756055251494949,-0.399732846453469
2007-03-26,-1.8862504311929273,-0.1668624720561815,-0.8747291088087531,-0.041317502854635056,-0.2676367787359134
2007-03-27,-0.027887774532134983,0.738606519250757,1.155330243663395,0.30430377822403615,0.24379839407088486
2007-03-28,-1.536045214967285,-0.6863632347361803,0.013421857897809772,-1.2352819283991499,0.016481482275859133
2007-03-29,1.9610866251346395,0.35317658724182255,0.0557147610743083,-0.402648842164163,0.01648116292850152
2007-03-30,0.6917182659465007,0.0009455569701906099,-0.47999534582803766,0.7756055251494949,-0.6089988625263258
2007-04-02,-0.027887774532134983,1.1554007264152146,0.6760106743296826,0.46140436053251493,1.4643043761929841
2007-04-03,-2.7969720433236995,0.08443100948680304,-0.11345685163168581,-0.29267843454823234,0.21458222670258362
2007-04-04,-1.4232729493696732,-0.3999946279049803,-0.08526158284738476,1.7653391936929825,-0.20055368388903907
2007-04-05,1.4884913518938991,0.7856227381863792,0.2953745457411646,-0.37122872570247173,-0.23849139821253937
2007-04-06,-0.027887774532134983,0.0009455569701906099,-0.0006757764943564026,0.11578307945384372,0.007014271406772265
2007-04-09,-1.6659500411759987,0.0009455569701906099,-0.0006757764943564026,0.9484161656888304,0.007014271406772265
2007-04-10,-0.14962638917183582,1.099412558542232,0.7464988462905449,-0.4969091915492592,0.1109082657074125
2007-04-11,0.0329884702515129,0.2002395597392593,-0.11345685163168581,0.14720319591555733,0.48820271564092943
2007-04-12,-0.08876401931578286,0.017547473361886917,0.6901083087218488,0.25717360353146573,-0.058982373831177874
2007-04-13,-0.7594872638997617,1.2930995921587847,0.9156704589965389,-0.60687959916519,0.9107608704142267
2007-04-16,-2.7276994784505306,-0.14786813575449392,0.25308164256466603,0.869865874534591,0.5516209025302647
2007-04-17,-3.56645352754605,0.13322800481677124,-0.014773410886522578,0.14720319591553502,0.9061163661450616
2007-04-18,0.9701368269198901,0.6614926550126454,0.39405798648632784,-1.3923825107076286,0.8846028532520764
2007-04-19,1.5859885491595835,-0.6761336881877633,0.33766744891769446,-0.6697198320885949,-0.9828046768692407
2007-04-20,-1.0198876024753123,0.33141718635451567,0.06981239546647447,0.5399546516867767,0.30619557239582335
2007-04-23,-2.0230118560760446,0.0009455569701906099,-0.6914598617105928,0.46140436053251493,-0.25475192053056905
2007-04-24,-0.21569716915981135,-1.52221814773069,0.3517650833098606,-0.7639801814736911,0.016367269344159878
2007-04-25,-4.2570872298996365,0.0009455569701906099,0.9438657277808713,-0.11986779400887446,0.37153827884734675
2007-04-26,-1.2395052048666428,0.0009455569701906099,-0.7478503992792576,0.33572389468572744,-0.6288733062245538
2007-04-27,1.819221737232694,0.0009455569701906099,0.6619130399375478,1.5296883202302196,0.08189939828186338
2007-04-30,1.3648940042713524,0.29955912943535884,-0.5363858833967337,-0.009897386392943767,-0.3676113366201088
2007-05-01,-0.027887774532134983,0.3986396168739116,-0.0006757764943564026,-0.08844767754718316,0.8959349337100065
2007-05-02,-0.027887774532134983,-0.7451596367540052,-0.24033556116121269,0.508534535225063,-1.341505307053273
2007-05-03,-0.7233706140919721,-0.0322573659446345,0.3517650833098293,-0.009897386392943767,0.24159755507995484
2007-05-04,-1.8064248212337075,-0.9135639670665999,-0.7337527648870601,-0.009897386392943767,-0.4905352836311723
2007-05-07,-2.1393424887428485,0.9486580039218062,0.7605964806826797,0.06865290476131795,0.7108350453242974
2007-05-08,1.3176955353716713,0.9953446514094504,-0.8042409368479223,-0.1355778522397536,-0.18049875259359893
2007-05-09,0.8017072064015441,-0.23078908363694586,-0.3249213675142097,-0.11986779400887446,-0.08678924314710333
2007-05-10,0.5449411471437449,0.49730288692542873,-0.11345685163168581,0.41427418583996684,-0.26519335356675117
2007-05-11,2.1251103680725723,-0.36297027097962037,-0.5786787865732321,-0.24554825985566192,-0.8771331473667744
2007-05-14,-2.626313287451749,0.5466554771778395,0.8874751902122066,0.46140436053251493,0.2612567615645547
2007-05-15,-0.41027492329324367,-0.11472896821505756,-0.15574975480821562,0.21004342883893995,-0.5582821448703056
2007-05-16,-0.21928688432991153,0.0009455569701906099,0.5068390616236885,-0.18270802693227936,0.779301079472594
2007-05-17,-0.027887774532134983,-1.1416447449494922,-0.8183385712400885,0.9169960492271167,-0.6709773596872065
2007-05-18,0.35477335603900484,-0.8130842200695134,-0.5504835177888998,0.7441854086878036,-0.5686797408811026
2007-05-21,-1.9467006769103214,0.3500833641908025,-0.46589771143587144,-0.07273761931632634,-0.08747456275664212
2007-05-22,0.2287519824514692,-0.21513991606322205,0.14030056742730534,0.33572389468572744,0.21484773037241622
2007-05-23,-0.6056744693062434,0.017572990236215964,0.5068390616236885,0.33572389468572744,0.9215400175801487
2007-05-24,0.10061735142584242,0.16716970944233975,-0.5927764209653983,-0.1669979687014449,0.3926721684959317
2007-05-25,0.16475403730039187,-0.4813560080144542,-0.09935921723951963,-0.7639801814736688,-0.07759695419785728
2007-05-28,-0.027887774532134983,0.0009455569701906099,0.1684958362116377,0.8541558163037342,-0.19051117903271148
2007-05-29,-0.992489593756703,-0.41544890203537155,0.7887917494670433,-0.27696837631737553,0.3831335123172025
2007-05-30,1.1933538016760372,0.23419696920425406,-1.2553652373972712,0.05294284653046114,-1.1134245958425788
2007-05-31,0.5486514488979092,0.932159227625595,0.4645461584471587,0.11578307945384372,0.24277202840421802
2007-06-01,-1.2464894534480024,0.8465315647945295,-0.24033556116121269,0.47711441876337174,0.10126194929596424
2007-06-04,-0.4782518196319469,0.6294589465484813,0.6478154055453816,0.1000730212229869,0.835031919243757
2007-06-05,0.5510123243550812,0.3477232313053272,0.704205943114015,-0.402648842164163,0.5889269078165841
2007-06-06,-0.09214806760782446,1.351240903446082,-0.26853082994554506,-0.60687959916519,-0.058625152473410005
2007-06-07,0.48576210077006926,0.4934559881351689,-0.6068740553575646,-0.6854298903194517,-0.30263567642588357
2007-06-08,2.2077855237711597,-0.6887934859040326,-1.7064895379466516,0.32001383645489295,-2.312114820774663
2007-06-11,-0.4735275313421713,0.0009455569701906099,0.08391002985864064,0.7441854086877812,0.14897454989655692
2007-06-12,-1.1772452731234453,0.18174335500346955,-0.14165212041601816,0.06865290476131795,0.72517815406997
2007-06-13,1.2488712754201485,-0.3772093544287565,-0.8183385712400885,0.7284753504569468,-0.512525780092802
2007-06-14,-0.6016740330910202,-0.4271031528643632,0.23898400817249987,1.011256398612213,0.11099925191133325
2007-06-15,-0.027887774532134983,-0.29575059659075525,0.14030056742730534,0.39856412760913235,0.09206424405048277
2007-06-18,-0.538957110604081,0.9888046739979722,1.2681113188007558,0.6813451757643987,1.0161941394544376
2007-06-19,-0.41183269558265473,0.148846950877627,-0.014773410886522578,0.16291325414639182,0.4491543877013007
2007-06-20,0.7394508183903238,0.5098316394771056,0.33766744891766315,-0.4340689586258543,0.67360995196271
2007-06-21,-0.4752339425993014,-0.16311785247231525,-0.4236048082594042,0.46140436053251493,-0.20875184987434806
2007-06-22,-0.2838510307346702,0.2306094572914016,0.6196201367610492,0.47711441876337174,0.5227010544998392
2007-06-25,0.6115609184545384,0.26320554343832575,0.2812769113489984,-0.11986779400889679,0.25046402634169523
2007-06-26,0.8647756766713572,-0.22851951088755285,-0.014773410886522578,-0.7639801814736688,0.044449343168428496
2007-06-27,0.3537706705051012,-1.0173515825655397,-0.31082373312204353,-0.6540097738577604,-0.2738705552898069
2007-06-28,-1.110673275289828,0.11608616589589778,0.408155620878494,-0.025607444623778248,0.5965480611159297
2007-06-29,-0.6029096067993085,0.0009455569701906099,0.5350343304080208,0.38285406937827554,0.24995339455057192
2007-07-02,-0.6041505132860568,1.8536135063656283,1.1694278780555611,-0.37122872570247173,0.5295546033811912
2007-07-03,-0.5411674070244393,0.5724899347743595,0.18259347060383518,-1.031051171398123,0.39828203604856616
2007-07-04,-0.606509120294348,0.1803512921882329,0.23898400817246856,0.06865290476131795,0.2861576528649716
2007-07-05,-0.22104051104579386,0.04985595812846457,0.3094721801333621,0.6185049428409937,-0.3559262938283807
2007-07-06,-0.027887774532134983,-0.30895378048334304,-0.620971689749762,0.22575348706979675,-0.3097788603261237
2007-07-09,-0.3501197993790114,0.47382255113091176,0.3517650833098606,1.058386573304761,0.3703644830197163
2007-07-10,-0.027887774532134983,-0.2435538230400048,0.6337177711531841,-0.60687959916519,0.10010526754388228
2007-07-11,-0.22141379816415138,0.5060269331129338,1.225818415624226,-2.444956412174499,1.464509402151521
2007-07-12,-0.027887774532134983,-0.015334251995573983,0.49274142723152237,0.9327061074579736,0.24765403311113207
2007-07-13,0.552270044326952,1.0573174328806332,-0.08526158284735345,0.22575348706979675,-0.15030375938393722
2007-07-16,-0.6725854478655222,0.9566269818554956,-0.014773410886522578,-0.009897386392943767,0.7373342933218373
2007-07-17,-0.0924432315339526,0.1302976526472251,-0.14165212041604947,-0.8268204143970738,0.47747923150106925
2007-07-18,0.2302404684651031,0.6307472154137111,0.112105298642973,0.021522730068747525,0.40306893095472807
2007-07-19,-0.09239644656637024,-0.015186856712900374,0.5773272335845194,-0.009897386392943767,-0.039009889896230464
2007-07-20,-0.41526740714948873,0.46843707883616403,-0.24033556116118138,0.41427418583996684,0.3014385662713801
2007-07-23,0.03671453534810833,0.3551136372769641,0.25308164256466603,-2.036494898172423,0.5123354853624543
2007-07-24,-0.6746152560355663,0.290411748996238,0.1684958362116377,-0.5283293080109729,0.30060120378921695
2007-07-25,0.3603366407165945,0.3543623259474264,-1.2694628717894374,-1.0310511713981005,-0.764307426530339
2007-07-26,-0.22192943009992414,-0.32032537037135084,-0.2967260987298774,1.058386573304761,-0.3610281819427499
2007-07-27,1.3274520724089582,-2.257542679705251,-1.00160781833828,-2.7277374603297653,-1.5162833013022707
2007-07-30,0.3580920275583871,-3.4841894908562456,0.112105298642973,-0.6068795991652123,-0.6974167492421557
2007-07-31,-0.6714977428555561,1.2921878182418691,0.676010674329714,0.6656351175335642,0.6744140226527179
2007-08-01,0.6799979545030009,-1.9297805454853936,-0.6209716897497307,-0.716850006781143,-0.6325454468248936
2007-08-02,-0.800219901029108,1.4909798680801893,0.013421857897809772,0.46140436053251493,0.6280565224516543
2007-08-03,-0.4794485841818935,0.5394818494460305,0.4222532552706602,0.6970552339952555,0.42336204803511857
2007-08-06,0.552550280180533,0.0009455569701906099,1.7474308881344371,-2.602056994483,-0.5945754066572169
2007-08-07,-0.5437703722429852,0.13135574753194523,-0.3390190019063759,1.6867889025387433,-0.21543752470901922
2007-08-08,1.32418421069693,-0.3415010125391713,-0.0006757764943564026,0.41427418583996684,0.29431464191091694
2007-08-09,-1.1863869737657797,1.5470322025641206,-0.9170220119852517,1.1369368644590228,-0.1412330651963554
2007-08-10,1.707981696307994,-4.084768738224015,-1.1143888934756097,-2.806287751484027,-1.032915524595115
2007-08-13,-0.7337322591470808,1.232456666947798,0.013421857897809772,0.49282447699420623,-0.4025861805467242
2007-08-14,0.8060918596562071,-1.609234303863155,-0.8465338400244208,-0.4654890750875456,-1.122479150560414
2007-08-15,-0.027887774532134983,-1.6509659671003687,-1.6219037315936544,-0.8425304726279306,-0.9955952915067279
2007-08-16,2.5219873806279667,-3.8329907810864308,-1.0016078183382486,-2.2093055387117806,-0.8014258455451305
2007-08-17,3.0001661785840232,-4.1711356514339775,0.6901083087218488,-5.665518349498492,-0.3697993359262046
2007-08-20,-0.027887774532134983,2.5245772275857656,0.3094721801333308,3.1321142597768103,0.9011218904371907
2007-08-21,-3.2463400577019788,1.414450832770975,0.45044852405502384,0.508534535225063,-0.17157951906417424
2007-08-22,-0.34552031654733883,-0.5367551719163306,-0.21214029237688034,-0.5597494244726642,0.41103789366905963
2007-08-23,-0.9830586269413054,2.329682830504292,1.1412326092712288,2.3780314646960856,1.6079818764368106
2007-08-24,2.005695754392055,1.01728413549478,0.5773272335845194,0.38285406937827554,-0.2918882211547985
2007-08-27,-1.2970614877968991,1.8912390935139394,0.6055225023688517,0.1314931376846782,0.9679721258369867
2007-08-28,0.8611668046707015,-1.540248493883515,0.08391002985867195,-1.0938914043215056,-0.19796270194320884
2007-08-29,0.7318101677037987,-2.5852659252543106,-0.46589771143590275,-2.3664061210202596,0.28649122397941024
2007-08-30,-1.2952543993087928,1.25509567772431,-0.2967260987298774,2.660812512851352,-0.6922006315532159
2007-08-31,-0.5365234456237262,1.033803427171939,1.3385994907615866,0.6970552339952555,1.2457633972021027
2007-09-03,-0.5374941249740769,0.183827250822842,-1.0298030871226123,-0.3555186674716149,-0.1975145609123132
2007-09-04,0.16332859352924967,0.7147891676557449,-0.7337527648870601,-0.05702756108549187,-0.4304336899202831
2007-09-05,0.1631917660627614,-0.5135165981386444,0.112105298642973,-0.18270802693227936,-0.20730474059770315
2007-09-06,-0.6015370748143217,-0.06550034742534304,1.1412326092712288,-0.7011399485502862,1.1419730369155474
2007-09-07,-0.9226878105124652,0.0009455569701906099,0.3799603520941617,-0.4811991333184248,-0.08584264202005286
2007-09-10,-0.5405515203577728,-0.5311470481140911,1.3949900283302514,-2.994808450254197,0.82310262581808
2007-09-11,-0.34880314375018817,1.1471073432131451,0.4081556208785253,0.6185049428409937,0.016274379716847517
2007-09-12,-0.606509120294348,1.4564525269104986,0.8592799214278742,0.7756055251494949,0.38641588336349963
2007-09-13,-0.34988666388920886,0.5614327386670632,0.1684958362116377,0.30430377822403615,-0.807943056471363
2007-09-14,0.03654307306893719,0.09974749275736308,-0.5222882490045675,1.0898066897664747,-1.2012468091529287
2007-09-17,0.10092730109040207,0.6752309771577253,0.23898400817249987,-0.009897386392943767,-1.4310740824061923
2007-09-18,0.7437004721655531,-2.2249516124764153,-0.14165212041601816,-0.08844767754718316,-0.620955302228258
2007-09-19,-2.155143523354882,3.6199881934277545,1.5218687378597469,1.4354279708451458,0.6256214867743014
2007-09-20,-2.3027409213716368,1.1760299569394277,0.7746941150748772,0.03723278829960434,0.9230441202079439
2007-09-21,-0.28910926426748895,1.5606671688882316,0.26717927695683225,-1.5023529183235815,0.6688057739716139
2007-09-24,-0.35477439459998117,-0.323334813844998,0.9015728246043727,-0.009897386392943767,0.9735905882346404
2007-09-25,-0.09331314459787142,-0.24249274709805715,-0.09935921723951963,-0.402648842164163,-1.3322103757973307
2007-09-26,-0.7486267993549456,1.2161853536947305,0.2953745457411646,0.1786233123772263,0.10022275203133786
2007-09-27,0.29996204760441786,0.824532551758547,0.7464988462905136,1.1526469226898794,1.1787964861350493
2007-09-28,-0.09342554552915194,0.7096963020013294,-0.014773410886522578,-0.8111103561662393,0.6744140226527179
2007-10-01,-0.09344163434030138,0.0009455569701906099,0.7464988462905449,-0.24554825985566192,0.8113438366396261
2007-10-02,-0.027887774532134983,0.5314224489792243,-0.945217280769584,0.7756055251494949,-0.1592097203715993
2007-10-03,0.36519420997188023,0.3219951529478334,0.4222532552706602,0.9327061074579736,0.17323826318514385
2007-10-04,-1.5378546427501376,0.0009455569701906099,-1.2130723342207728,0.9955463403813785,-0.8436112528530746
2007-10-05,-0.4891428000412367,-0.12743345128697725,0.3799603520941617,-0.3083884927790668,0.8391753242904392
2007-10-08,-0.423884357118516,2.5264111879903264,-0.6632645929262292,-0.009897386392943767,-0.19617513151163454
2007-10-09,0.7635190183887716,-1.6430112321583936,-0.7337527648870914,1.0898066897664747,-0.7516267071625453
2007-10-10,-1.4143927013987487,0.9596748442568781,1.5359663722519443,0.06865290476129562,1.4208748565068359
2007-10-11,-0.22654889708909495,0.14449358846097352,0.7464988462905136,-0.10415773577803998,-0.5281210899428078
2007-10-12,0.10456939414972956,-0.19046693941418613,-0.3672142706907082,0.39856412760913235,-1.131229481809294
2007-10-15,-0.16034494321399953,1.1635057694138433,0.7464988462905449,0.42998424407082364,1.5420941013617562
2007-10-16,-0.027887774532134983,-0.9383118326450464,-1.072095990299111,-0.4811991333184248,-1.1573982226472306
2007-10-17,2.411997065828613,-2.528791750080886,0.704205943114015,-1.5494830930161074,0.3216970504020283
2007-10-18,-1.409950398342951,1.5085234532521063,1.3949900283302514,0.1786233123772263,1.0134780275581392
2007-10-19,2.0752677417340855,0.03294030381256028,-0.15574975480818434,-2.240725655173472,0.36625020573554284
2007-10-22,-0.027887774532134983,-0.8641010055642572,-1.7205871723388177,-2.05220495640328,-1.1737425902514924
2007-10-23,-0.6833462444900228,0.5298786098433935,1.2399160500163922,1.215487155613262,0.4688388491764918
2007-10-24,-0.8165675895457298,0.9443180453785616,-0.3390190019063759,0.33572389468572744,0.7627652805145025
2007-10-25,-0.22542222806260484,0.7503488857087005,1.1130373404868965,-1.219571870168293,0.15424088859617038
2007-10-26,-0.2255684596269313,1.5575932414882243,1.0566468029182006,0.41427418583996684,0.02541216925211532
2007-10-29,-0.8861991589698046,1.9434439450487877,0.09800766425083812,-0.21412814339397065,0.92537481789491
2007-10-30,0.10433983232284699,-1.2136310404831536,0.2248863737803337,0.5399546516867543,0.3735187081892798
2007-10-31,-0.5571915089577539,0.8059497324801569,0.5632295991923533,0.35143395291658425,0.7933818077407943
2007-11-01,-0.027887774532134983,1.4006528124854583,-0.33901900190640716,0.9012859909962823,0.7911846052246386
2007-11-02,0.3030499882205988,-2.1563534201275405,0.7887917494670433,-1.0781813460906486,0.3073361112805745
2007-11-05,-0.3588255372848688,0.5693169087669364,0.12620293303517047,-0.08844767754720548,-0.347946083694822
2007-11-06,-0.22664747599528337,0.3162472045173456,0.8310846526435419,-0.24554825985566192,0.5438315793034617
2007-11-07,-0.16047647963306477,2.386572413707084,2.4664102421349745,-0.716850006781143,1.213374819717298
2007-11-08,0.43588495737780614,-2.0697075109117797,-0.790143302455756,-1.9736546652490403,0.11560422539491487
2007-11-09,-0.027887774532134983,0.6456197281759333,0.23898400817249987,-0.32409855100992363,-0.219262232490764
2007-11-12,-0.09409172840723039,-5.7230388311253435,-1.4668297532797951,-3.858861652950897,-2.585515590537969
2007-11-13,0.36908996942253347,-0.527735722802743,0.39405798648635915,-0.08844767754718316,-0.19411007730252336
2007-11-14,-0.42486551848680343,2.1579230936877316,1.310404221977223,1.8753096013089132,-0.2125586170246219
2007-11-15,-0.35915397082667816,-0.3973376485009384,-0.8606314744165869,0.22575348706979675,-1.958476524410024
2007-11-16,0.4357699200554177,-2.319481485697634,0.168495836211669,-2.1307552475575413,-0.5927162968407278
2007-11-19,-0.42525934575906044,1.2193858668280366,0.04161712668214212,1.482558145537694,1.3431197654402962
2007-11-20,0.30329625227687634,-1.5389531991118923,1.8461143288796003,-1.9736546652490403,0.8881213568201224
2007-11-21,0.30288601554743805,0.499060844610821,0.4081556208785253,-1.1881517537066018,-0.3139023599419487
2007-11-22,0.10430710271581844,-1.834879852941454,0.21078873938816753,-0.08844767754718316,0.4928309625495816
2007-11-23,1.0273218834280486,-0.27377368683954045,-0.28262846433771116,-0.009897386392943767,-0.4421076551845782
2007-11-26,0.6951576179839436,1.6616154431977674,0.5068390616236572,-0.716850006781143,0.895396596913063
2007-11-27,1.0857093237018036,-0.8524367519940677,0.4081556208785253,-0.402648842164163,0.03444523230776418
2007-11-28,-1.1414848727660738,-0.4508703925846507,-1.7910753442996799,0.38285406937827554,-0.5146330102415593
2007-11-29,0.5622420713613572,1.1613992010364702,-0.12755448602385197,2.3151912317726806,-0.09376620983264446
2007-11-30,-0.6836681792288837,0.5634531753493206,0.32356981452549693,0.49282447699420623,0.345859399301922
2007-12-03,-0.7511111914914766,-1.0928848521032464,-1.3399510437502997,0.46140436053251493,-0.23105037524896074
2007-12-04,-0.8851393826276177,-0.8866687386031055,1.0566468029182319,-0.6382997156268813,-0.08460285230734704
2007-12-05,0.10417634615543131,-0.5814499202465397,-0.2967260987298774,0.06865290476129562,-2.2192889848040966
2007-12-06,0.1041110648275638,0.47018513148406044,-2.340883085594192,1.1055167479973091,-1.2519264118260733
2007-12-07,-0.4240802011975809,0.6308479595730072,1.3385994907615866,0.5870848263793248,0.7852618827705462
2007-12-10,-0.22620463963488735,-0.16044304797098666,0.9720609965652036,0.39856412760911003,0.7369736232415722
2007-12-11,-0.16018088924546348,1.964036219830569,-0.649166958534063,0.46140436053253725,0.7166711987539515
2007-12-12,-0.027887774532134983,-2.026724631867382,0.04161712668214212,-1.580903209477821,-0.4535975710001006
2007-12-13,0.038266975363290275,1.080840695199545,0.112105298642973,1.6239486696153158,-0.011425935740731565
2007-12-14,-0.16021366752109173,-0.9659444445452023,-2.4536641607315213,0.869865874534591,-1.7689108640821087
2007-12-17,0.10443811845682176,-2.4135987004318054,-1.6360013659858206,1.0426765150739266,-0.6246637992981536
2007-12-18,1.291777113348704,-0.3897804120057005,0.32356981452549693,-0.27696837631737553,-0.32798001150102185
2007-12-19,-0.15956117295323116,0.5543253801731051,-0.43770244265157043,0.38285406937827554,-0.9910301652859541
2007-12-20,0.10378562388896119,-0.8131985267776469,-0.50819061461237,0.06865290476129562,-1.473254073737961
2007-12-21,-0.027887774532134983,0.701241114148153,0.43635088966282637,-0.402648842164163,-0.11512829671708497
2007-12-24,-0.027887774532134983,0.0009455569701906099,0.25308164256466603,-0.009897386392943767,-0.5291623176497834
2007-12-26,-0.027887774532134983,0.0009455569701906099,-0.0006757764943564026,1.796759310154674,0.007014271406772265
2007-12-27,-0.9509679658741376,2.189086052933928,1.66284508178144,0.06865290476129562,0.7592530909926495
2007-12-28,0.03815245001303532,-0.3545639978345058,2.480507876527172,-0.402648842164163,1.0474172769242087
2007-12-31,-0.22605746569548613,1.3239112693689334,0.408155620878494,-0.009897386392943767,0.34361567012869515
2008-01-02,0.10424169208604585,-0.3050813769649954,-0.46589771143587144,-0.009897386392943767,-1.774067867533861
2008-01-03,0.10417634615543131,0.5644397953553569,0.9156704589965389,-0.009897386392943767,-0.6237570004034736
2008-01-04,-0.8874743545112714,-0.4175500142291311,-0.36721427069073953,-7.6292756283545895,-0.04011510662487187
2008-01-07,-0.2929335993559106,-1.2418477377161732,-0.0570663140630211,-0.27696837631737553,-0.341989322915819
2008-01-08,-0.09419035627243749,0.6794648352866759,-0.25443319555337884,0.42998424407082364,0.1485545278729119
2008-01-09,0.1047009305687948,0.8067298836185535,-0.35311663629854206,0.6027948846101593,-1.0231406072097595
2008-01-10,-0.027887774532134983,0.306582450934998,-0.25443319555337884,0.6185049428409937,-0.2866575148538299
2008-01-11,-0.027887774532134983,1.8123371902065677,1.8320166944874654,-0.7954002979353825,-0.4483104807986463
2008-01-14,-0.027887774532134983,-0.015037045088587938,1.451380565898916,-0.009897386392943767,0.6613115470694333
2008-01-15,-0.16047647963306477,0.7990444152789066,-0.12755448602388328,-2.7277374603297875,0.07330711040191634
2008-01-16,-0.027887774532134983,-2.51218280028157,-1.3258534093581023,-1.6908736170937517,-0.6756038864103775
2008-01-17,0.1047009305687948,-0.7232392451415147,-1.4245368501032967,0.46140436053251493,0.5759779733317169
2008-01-18,-0.16047647963306477,-0.5635087147468157,-0.24033556116121269,0.06865290476129562,-0.3816527625858178
2008-01-21,0.7005367596025803,-0.04748521544865996,-2.707421579790575,-0.6382997156268813,-0.9051465453706155
2008-01-22,2.2766950489982682,-3.0006804994519385,0.168495836211669,-1.266702044860841,0.49196881656479996
2008-01-23,-1.1447726582461224,0.9939614237130283,1.1271349748790627,1.7967593101546515,0.03551492975068401
2008-01-24,-0.8851393826276177,1.7511274358278444,1.2540136844085583,-0.7954002979353825,0.7754400337675746
2008-01-25,-0.2261064993980862,1.6285895556750847,0.5914248679766856,0.9012859909962823,1.4621945564734837
2008-01-28,0.43439391038108127,0.0009455569701906099,0.7042059431140463,-0.4811991333184024,0.4402190719843968
2008-01-29,-0.4901694594453513,0.3703777477009823,0.25308164256466603,-0.05702756108549187,0.9370843319596199
2008-01-30,0.17033095033381623,0.1774713716100574,0.5209366960158547,-0.009897386392943767,0.15703972422247844
2008-01-31,-0.2922121183982692,0.04907111228637587,0.8451822870357081,-0.7011399485502862,0.03513511770022644
2008-02-01,-0.22630287710026242,1.0737622081896099,0.26717927695680094,0.005812671837913042,-0.2461748390940146
2008-02-04,0.10440534018119352,1.5156196195698282,-0.8465338400243895,0.6656351175335418,-1.4037665105600736
2008-02-05,0.3025585571887982,0.36652010509851674,-1.9884422257900063,-0.11986779400887446,-0.663236203173102
2008-02-06,1.0925808549615739,-1.7834150297064932,-0.9452172807696153,-0.29267843454823234,-0.9302404756223781
2008-02-07,-0.8183184846344252,-0.5108083525339756,-0.7337527648870601,-0.32409855100992363,-0.7526565902104403
2008-02-08,0.4334810989973528,0.4168114424230769,-0.790143302455756,1.5453983784610987,-0.32598943374718314
2008-02-11,1.1548419243564287,1.0381192336070157,0.408155620878494,-0.009897386392943767,0.15929356574564646
2008-02-12,-0.5528987995609339,0.3989147991860839,-0.0570663140630211,-0.6382997156269036,0.13068038724738668
2008-02-13,0.16911234254527496,-0.06269439608673161,0.6760106743296826,0.36714401114744105,1.2406875649736724
2008-02-14,-0.22488789160954495,0.0009455569701906099,0.5632295991923533,1.6239486696153158,0.4611570790603275
2008-02-15,0.037795080696839664,0.08049340937952071,0.676010674329714,-0.5911695409343555,-0.7218630261046365
2008-02-18,-0.027887774532134983,1.4292462014623333,-0.5363858833967337,-0.009897386392943767,-1.1041367227828327
2008-02-19,1.3477332188927131,0.9967638527133427,1.4936734690754145,0.5085345352250854,0.13069296367606628
2008-02-20,1.7953190409216677,-0.6467545455254855,-1.2130723342207728,-0.4497790168567111,-0.8217216293692394
2008-02-21,-0.5475350250437868,0.459218211248495,1.1271349748790627,0.30430377822401383,1.3109301519099248
2008-02-22,-0.6137022250254079,0.3165921915332581,1.5782592754284117,-0.9839209967055526,1.1158014676279322
2008-02-25,0.427856704277186,0.5367911194564906,-0.4377024426515391,-0.29267843454823234,-0.3336846870724629
2008-02-26,-0.9401558780549799,0.740115855807192,0.8028893838592095,1.168356980920714,0.6313134284135106
2008-02-27,-1.205402087892513,1.0358938909817021,2.3959220701741435,-1.5651931512469641,1.3737230301443364
2008-02-28,0.49609305895930617,1.1883403193389106,1.0848420717025644,-1.2038618119374584,-0.32227208876793134
2008-02-29,0.6909111698160383,0.6240256192016158,0.6478154055453503,-2.47637652863619,0.21403936518225355
2008-03-03,2.18169990782813,-2.028768470515129,0.5068390616236885,-2.649187169175548,-0.04943197427449197
2008-03-04,0.16620089294924356,-1.019034542905418,0.04161712668214212,0.5399546516867767,0.42069000988553995
2008-03-05,-0.027887774532134983,-0.2663860379350914,-0.14165212041601816,-0.009897386392943767,-0.8209478587227391
2008-03-06,-0.027887774532134983,1.5388033913028984,1.7333332537422708,0.5870848263793024,1.548074163278316
2008-03-07,1.5197638694157756,-0.986780621559344,1.3808923939380853,-1.4866428600927248,1.8470472979858432
2008-03-10,0.8707839996657968,-0.14042147035838187,-1.0861936246912771,-1.329542277784246,0.4442302378312903
2008-03-11,-1.3126323580342971,-1.3058918278961515,0.5491319648001871,-0.60687959916519,-0.23476569871943884
2008-03-12,-0.7371409048673399,1.857173391219323,1.3808923939380853,2.236640940618419,-0.030201141554217895
2008-03-13,0.4881194325794607,0.6589015018857228,1.4090876627224176,-4.173062817567855,1.9726622454839917
2008-03-14,0.03654307306893719,1.2034987818709224,-0.2262379267690465,-0.37122872570247173,-1.1224782267613354
2008-03-17,2.02573366416107,-2.613267425143008,2.945729811468687,-4.989985845572007,-1.9852735607071157
2008-03-18,-0.9885566842059055,-0.7861619055833411,0.013421857897809772,0.30430377822403615,1.0142356069965308
2008-03-19,-1.1208403035515695,1.6985426870024372,-1.1143888934756097,3.681966297856509,-1.6268790708401903
2008-03-20,-0.027887774532134983,-2.691327962579101,-3.7929394279874646,-0.009897386392943767,-1.3916660766585283
2008-03-21,-0.027887774532134983,0.0009455569701906099,-0.0006757764943564026,-0.009897386392943767,0.007014271406772265
2008-03-24,-0.7374835810189103,0.0009455569701906099,-0.0006757764943564026,0.44569430230168045,0.007014271406772265
2008-03-25,-1.4527614499633537,-0.6006010262523778,2.057578844762124,1.3411676214600496,1.0871459320346248
2008-03-26,0.10196082836069266,0.7605955236289844,1.9870906728012934,-1.3452523360151027,0.4285454654918611
2008-03-27,0.037012856869457135,0.6483080428504847,1.0707444373103983,-1.6594535006320603,1.7984675650361275
2008-03-28,-0.352548783019609,0.31623079537329046,0.14030056742730534,1.0898066897664747,-1.709566381612785
2008-03-31,-0.873858362818424,-0.7089082736938916,0.2248863737803337,0.9327061074579736,-0.9866729732966503
2008-04-01,-0.027887774532134983,0.0009455569701906099,-2.1435162041038343,-0.4340689586258543,-0.6134786903894605
2008-04-02,0.037282121236703145,-1.5983648213014956,-0.3954095394750719,3.037853910391714,0.10111658337378047
2008-04-03,-0.22344519563918575,0.9837008124051114,-1.4950250220641277,1.529688320230242,-0.05885403380476806
2008-04-04,0.10249975080607766,-0.3790976927763535,2.7624605643705267,-0.402648842164163,1.845508265349177
2008-04-07,-0.2887265220970523,1.470964602293268,-0.40950717386723806,-0.16699796870142256,-1.3519356788453247
2008-04-09,0.5586415202824386,1.448172262008514,0.46454615844719,-0.11986779400889679,-1.755334305579004
2008-04-10,-0.4839658471200039,0.14215149478420677,2.099871747938623,-1.942234548787349,0.9885095278710947
2008-04-11,-0.09310541964503204,0.11072690680318784,-0.5927764209653983,1.2469072720749756,-0.4455570543715878
2008-04-14,-0.027887774532134983,-1.413570783567297,0.5068390616236885,-0.7639801814736911,0.41247678757707473
2008-04-15,0.10253159147298882,1.038902936200554,-0.5786787865732321,-0.465489075087568,-0.9179183586436466
2008-04-16,-0.027887774532134983,-0.3446451997961325,1.4090876627224176,1.1212268062281658,0.705714477896333
2008-04-17,-0.1583071405372588,1.6780810102265766,-0.790143302455756,0.22575348706979675,0.4969542385241569
2008-04-18,-0.027887774532134983,0.07908973237676169,-1.2976581405737697,0.8541558163037342,1.509179474503468
2008-04-21,-0.027887774532134983,0.25087153273977897,1.66284508178144,2.110960474771654,-1.3539808950547898
2008-04-22,-0.027887774532134983,0.25066549316508296,0.4645461584471587,-1.3452523360151027,0.3549303900589455
2008-04-23,0.037329870580762085,1.2620031438200658,0.12620293303517047,-0.041317502854635056,0.3638851479656384
2008-04-24,0.5583553733053728,-0.3565991257023077,-2.411371257555054,0.49282447699420623,-1.3760374452410018
2008-04-25,0.8814955057590123,0.0009455569701906099,-2.4395665263393553,1.529688320230242,0.9110034548086977
2008-04-28,-0.28739571195040625,-1.6367062898346056,0.4504485240549925,0.571374768148468,0.2701302255971391
2008-04-29,0.49087615081114194,-0.20242867666470996,-0.8042409368479223,-0.009897386392943767,-1.2827302242121041
2008-04-30,1.5223844843920973,-0.29653954400958854,-0.4377024426515391,-0.9839209967055749,-0.7015688571370996
2008-05-01,-0.027887774532134983,0.6268904311515349,-0.0006757764943564026,-0.60687959916519,1.789229028558162
2008-05-02,1.193059915060246,-0.9227768625230449,-1.1566817966521081,1.4511380290759803,0.11978957316112566
2008-05-05,-0.6697958879327951,1.36206104057831,0.02751949228997595,-0.009897386392943767,0.007014271406772265
2008-05-06,0.8703521527318966,0.6091210220273646,0.9579633621730375,-0.009897386392943767,-1.7177526065397057
2008-05-07,3.2189554147910187,0.2967944017040956,-1.3822439469267982,0.35143395291658425,-1.0823042822139797
2008-05-08,3.6796632879952975,-0.9811383500699097,-1.1707794310442743,-0.07273761931634867,0.16831052675943903
2008-05-09,-2.5988550359043994,0.2662661557724358,1.5641616410362769,-2.083625072864971,-0.7718592129510161
2008-05-12,1.8557338136788688,-0.6862448217868496,-0.3954095394750719,-0.9996310549364094,0.7764023064157543
2008-05-13,2.9585401456292373,1.436024425399035,0.6055225023688517,1.6082386113844813,-1.0573899047713742
2008-05-14,1.0218469550339688,-1.3090735933386608,-0.47999534582803766,1.4511380290759803,-0.7653013339184016
2008-05-15,0.4031593676317272,-0.703187928743737,0.49274142723152237,0.6813451757643987,0.5125968702562348
2008-05-16,1.4447279791931795,1.7660071450261219,0.33766744891766315,-0.8425304726279306,0.378465925605881
2008-05-19,-0.027887774532134983,1.5854028658571764,1.1130373404868965,-1.015341113167266,0.7579387638365374
2008-05-20,0.15561949182651433,0.5427276106291224,0.8733775558200404,0.06865290476131795,0.7748690119009652
2008-05-21,0.27767770861854546,0.01641081444423164,1.606454544212744,-1.5023529183235815,0.15844112209249023
2008-05-22,2.5856409525068393,0.8811625935019886,0.02751949228997595,-0.5597494244726642,1.3002726559062738
2008-05-23,-1.909482795481089,-0.9875448668885083,-0.1839450235925167,2.000990067155701,0.06351733835445808
2008-05-26,-1.73886436133557,0.541925891638739,0.26717927695683225,-1.3138322195533891,-0.162529067970765
2008-05-27,1.987470067828013,0.3096439433804185,-0.014773410886522578,0.08436296299215244,-0.1626315523651096
2008-05-28,-0.2713650164624909,-0.35408473338973706,-1.4668297532797951,1.0740966315356177,-0.11557151881784143
2008-05-29,-0.5155092687841677,0.016390312381994364,-1.4809273876719926,1.2469072720749534,0.025877109238972754
2008-05-30,-1.1283027105655021,-0.8342001948797954,-0.6068740553575646,1.2626173303058101,-0.20998494433118703
2008-06-02,-2.180652544668356,-0.572616182505499,0.18259347060383518,-0.3398086092407581,-1.0236612304440407
2008-06-03,1.7570619972478554,0.0009455569701906099,1.014353899741702,-1.8951043740948008,0.5086412096666298
2008-06-04,0.584856061529601,0.6983779787215414,-1.7910753442996485,1.4040078543834544,-0.9686689475695145
2008-06-05,1.3761099440867914,-0.2623402183614173,-0.9029243775930855,0.38285406937827554,-1.0006411027692765
2008-06-06,-0.4544105180614948,0.666461570244344,2.7483629299783607,1.0898066897664522,1.0051803475960308
2008-06-09,0.5812220848885483,0.0009455569701906099,2.635581854841,-1.3452523360150805,1.7759564404143087
2008-06-10,-0.027887774532134983,-1.6267330798102926,-3.6378654496736367,2.2680610570801325,-1.8283619688260968
2008-06-11,-0.027887774532134983,-0.6681601739249248,-0.15574975480818434,1.1369368644590228,-0.04994173743027598
2008-06-12,-0.5150644598766091,-1.028937854229503,-1.3822439469267982,-0.24554825985568426,-0.858238617456712
2008-06-13,0.33757803970466344,0.3602419609907615,-1.142584162259942,0.9641262239196872,-0.30741901192686266
2008-06-16,0.15465773554174725,-0.12397877326675968,1.7333332537422708,0.5399546516867543,1.8694108534422536
2008-06-17,0.09373994179850377,0.5159266840662483,0.25308164256466603,-0.6382997156269036,-1.2078436881464822
2008-06-18,-0.14951549086277374,-0.18621902266164253,0.2248863737803024,0.06865290476131795,-0.05006142941315544
2008-06-19,0.15453303177926284,0.0009455569701906099,-0.1698473892003505,-0.402648842164163,1.8277038794514948
2008-06-20,0.21514627781814433,1.5881703473535853,1.817919060095268,0.35143395291656193,0.677309838988911
2008-06-23,-0.027887774532134983,0.4042055705312821,-1.2553652373972712,-0.8268204143970738,-1.3351816057434633
2008-06-24,-0.2101425739541803,-0.24715091183521792,0.6619130399375165,1.1526469226898572,0.14909912479565746
2008-06-25,-0.7581534436589545,0.6208061415160144,0.4363508896628577,-0.4654890750875456,0.9335359750548192
2008-06-26,-0.5769006051090543,0.38771527351349216,1.8602119632717664,0.24146354530063124,0.9493020642691183
2008-06-27,0.3382461675450822,0.12460763888715928,0.23898400817249987,-1.6594535006320603,0.3078794071752515
2008-06-30,0.9460222052674085,0.40249901921583897,0.2248863737803337,-0.8268204143970738,0.48585243054223964
2008-07-01,1.9093405563952128,-1.127846651451575,0.15439820181947153,-0.29267843454823234,0.6909915568293109
2008-07-02,0.3940140232228418,0.7127293035027585,0.4363508896628577,-0.3555186674716149,-1.2591871878965775
2008-07-03,-0.26889288708942466,0.3870841828633726,1.1130373404868965,-0.009897386392943767,0.2325346766829625
2008-07-04,-0.5709458804151838,-0.06080355453677947,-3.017569536418262,1.168356980920714,-0.5853637407196913
2008-07-07,-0.5720525319112522,-0.21527551560133293,-0.28262846433771116,0.8541558163037342,-1.2855050435817166
2008-07-08,1.4809513996417818,-0.9739637994016337,0.5068390616236885,-0.3869387839333062,0.47942673916828527
2008-07-09,-1.4762094081440362,-0.43335670558800204,0.39405798648632784,0.6342150010718505,0.073088605456738
2008-07-10,0.153582600503026,1.3638040019799464,-0.09935921723951963,-0.9053707055513132,0.13911628965238843
2008-07-11,-2.7018929250177743,-0.014507077413865518,1.7897237913109356,0.1786233123772263,0.280456522702631
2008-07-14,0.5821962161936172,1.2346719969930129,0.168495836211669,-0.5126192497800938,0.7505600849978403
2008-07-15,2.0964961153824877,1.0456766621106273,2.0152859415856255,-1.3452523360151027,2.4309906483421804
2008-07-16,-0.027887774532134983,0.5525831819172757,-1.4386344844954628,-1.6751635588628948,-0.6834167354181063
2008-07-17,-1.4220059953199382,-0.19814105252881498,-0.5504835177888998,0.16291325414639182,-0.2079256138762744
2008-07-18,-1.0020198045231623,-0.7506361136218475,-0.46589771143590275,2.4251616393886115,-0.5919471032352744
2008-07-21,-0.45519053484125666,0.46131891492579813,0.5914248679767169,-0.009897386392943767,0.18496438395917536
2008-07-22,-0.027887774532134983,0.0009455569701906099,0.8592799214278742,0.03723278829960434,0.6336236285619576
2008-07-23,-2.3595382894830643,-1.0281869349522155,-2.5100546983002174,1.3254575632291927,-0.5166228840498183
2008-07-24,-2.317911062621671,-1.5416063606388297,-0.9029243775930855,0.8070256416111861,-1.1935521530296616
2008-07-25,1.6451443735721312,-0.04545258441618499,0.8028893838591782,-0.8425304726279306,1.020330400278637
2008-07-28,0.4041556633210286,-0.664876636441514,0.168495836211669,1.026966456843092,-0.7808041023826557
2008-07-29,1.448119557368632,0.6513001237822459,-0.5786787865732321,-0.92108076378217,0.16663229661492626
2008-07-30,-0.45754779737664997,-1.6275664872887572,-1.6360013659858206,1.0898066897664522,-0.9426398497984858
2008-07-31,0.09494279184107887,-0.6840902859679623,0.3094721801333308,-0.18270802693227936,0.07293562224816458
2008-08-01,-0.7657201018930154,-0.9356979396344839,-0.5222882490045675,-0.5911695409343332,-0.4830573160379697
2008-08-04,0.15676152169524762,0.0009455569701906099,-0.11345685163168581,-0.11986779400889679,-0.6729622615794407
2008-08-05,-0.7672522891155162,-2.400687472773091,-1.1143888934756097,1.0112563986122352,-1.243904453304877
2008-08-06,-1.7610746898659664,-0.661670912925641,-0.12755448602385197,0.33572389468572744,-0.08797988485531995
2008-08-07,-0.7118723404727801,-1.1066464930657613,-0.09935921723955093,1.529688320230242,-0.2781612705883641
2008-08-08,1.895234265930319,-2.4820698394187244,-5.597436630184923,0.30430377822401383,-2.5918876034245257
2008-08-11,-1.267025249053944,-1.5693714392290985,-0.8747291088087531,0.5085345352250854,-0.18503468574429102
2008-08-12,2.4446636553850776,-1.83605178824906,-1.4809273876719926,0.35143395291656193,-1.8337041696700351
2008-08-13,1.628235245551829,-1.3760321097548163,-0.0570663140630211,-2.146465305788376,-2.576781878430212
2008-08-14,0.8877616993442976,0.763106749028794,0.0557147610743083,0.9327061074579959,-0.3445071151976325
2008-08-15,-0.027887774532134983,-1.0373639053269332,-2.510054698300186,1.4040078543834322,-1.4918831595187634
2008-08-18,2.458985284060423,1.5894127039024875,-0.35311663629857337,-0.21412814339397065,0.8603100670272115
2008-08-19,-0.027887774532134983,-1.0030346446023297,-0.3813119050828744,-0.27696837631737553,-0.2771294938481234
2008-08-20,2.914165298071214,0.7461524902457074,0.8028893838592095,-0.21412814339397065,-0.6407321467251758
2008-08-21,-0.8651720108316362,0.13035982455093179,1.1271349748790627,-0.27696837631737553,0.6449574957769172
2008-08-22,-1.228580654423221,1.195413674264244,-0.08526158284738476,-1.6594535006320603,-0.37557762490847146
2008-08-25,1.1728051053589508,-2.750154939658115,-0.5786787865732321,2.535132047004542,0.007014271406772265
2008-08-26,2.8911928683014105,-0.8618849014082071,-2.3831759887706907,-1.2981221613225324,-2.4975798956847766
2008-08-27,-2.0499785024300956,0.04985069370940843,2.3818244357819776,-0.27696837631737553,1.271965663543432
2008-08-28,-0.027887774532134983,1.4319947295862687,0.0557147610743396,-0.4497790168567111,-1.0995060498994718
2008-08-29,0.33006622891715287,-0.5186540608884902,-0.5081906146124013,0.14720319591553502,-0.6074049506924432
2008-09-01,2.464444352872511,-1.6612518072312792,-1.6078060972014883,-0.9525008802438613,-2.584331617449659
2008-09-02,0.26727490234982004,-1.1778862163476884,-1.4809273876719613,-0.402648842164163,-2.103604967090624
2008-09-03,-0.027887774532134983,-3.4803458460842207,-1.0579983559069448,1.0112563986122352,-0.9833998566729442
2008-09-04,1.0907643487241587,1.342101182060195,0.6619130399375478,-1.2667020448608635,0.5935997998914397
2008-09-05,-0.49832814564495836,-2.8373806645254778,-3.3982056650067802,-2.130755247557519,-1.9293197385111376
2008-09-08,-0.6760995266756052,3.070475786870831,-0.46589771143590275,2.7393628040055913,0.4644230746425954
2008-09-09,3.663475391795252,-4.975686033029628,-0.9875101839460826,-1.580903209477821,0.1999188252271375
2008-09-10,1.307138127899306,0.25256700196534654,-0.7055574961027591,-0.5597494244726419,-0.8671927812741876
2008-09-11,1.818506074995852,-1.7310799987160668,-2.256297279241195,0.38285406937827554,-0.6249215474334929
2008-09-12,1.8629280511883817,1.4477843437365954,1.8602119632717977,-0.3869387839333286,1.9593750671499943
2008-09-15,0.9409686915614605,3.4885613040750734,1.1976231468398937,-0.009897386392943767,2.0666231065188057
2008-09-16,3.8688339295788223,-5.896282538447891,1.6346498129971077,-4.502974040415691,-0.9098659231832807
2008-09-17,-1.658718525421369,1.4355420572903725,-0.6068740553575646,2.975013677468332,0.5514583119374646
2008-09-18,2.0510801011893305,-0.9096577193588269,3.918466584528247,-2.602056994483,3.7689569997848698
2008-09-19,-2.2196947166220005,3.209574992943177,-3.750646524810966,3.83906688016501,-2.5187345799144327
2008-09-22,-5.2707142049104325,3.126330283972012,4.7220317448818445,-0.7954002979353825,4.424608502201248
2008-09-23,1.807402244233031,1.8805384733875636,2.254945726252482,-0.009897386392943767,1.719444715502229
2008-09-24,0.6000911599843884,-1.0363348002244548,-0.5786787865732321,-1.580903209477821,-0.5036527494047764
2008-09-25,2.3563570521497446,0.09988733980272833,0.14030056742730534,0.46140436053251493,-0.09129754260198193
2008-09-26,0.9874505079940119,-1.0064716784728953,-0.8465338400244208,0.14720319591555733,-1.3927429074448814
2008-09-29,2.8281142796181022,-0.5123074547280682,-4.103087384615152,1.2469072720749534,-3.7034168356413426
2008-09-30,-0.027887774532134983,-4.742040053749039,-0.6491669585340943,-3.7803113617966577,-0.28353002031124347
2008-10-01,0.083492267369329,-0.5718867526436786,-3.130350611555592,2.503711930542873,-1.8132118564582178
2008-10-02,-0.027887774532134983,-0.9110793491458239,-2.510054698300186,-0.1669979687014449,-2.03843597134196
2008-10-03,-0.4736869541769086,-1.7633217292842147,-0.9734125495539476,-1.2038618119374362,0.8695409294912654
2008-10-06,3.187420222991392,0.0009455569701906099,-2.8202026549279045,-2.1150451893266844,-1.2928611805298966
2008-10-07,2.9857587721892203,0.0009455569701906099,-0.02887104527868875,-1.1881517537066018,-1.5546839295517239
2008-10-08,3.9202259070990926,-13.089108957005012,1.3949900283302514,-4.801465146801815,0.2116522421788739
2008-10-09,-0.027887774532134983,0.0009455569701906099,-0.6914598617105615,0.9327061074579736,-1.3669179686248323
2008-10-10,-0.13528115888221864,-9.014369747207878,-1.452732118887629,-2.3664061210202596,-3.707390391988272
2008-10-13,-3.16123375991772,0.9328935389805741,0.8451822870356768,-0.009897386392943767,3.2893952910527107
2008-10-14,-2.3748516413493737,8.652258700549366,1.5923569098206092,5.959924741329585,3.2616249175171363
2008-10-15,3.890344854493483,-1.7774325062929446,-1.7910753442996485,-2.2093055387117584,-0.16602272578308636
2008-10-16,2.2850377144290994,-5.434020836017203,-1.664196634770153,-1.8951043740948008,-3.6206829073520224
2008-10-17,-0.9936524676816284,3.933963161311678,-1.452732118887629,2.189510765925871,0.892640919139118
2008-10-20,0.7771584987268219,0.0009455569701906099,0.2812769113489984,0.9327061074579959,1.2176462508156287
2008-10-21,-0.027887774532134983,0.8958595423618798,-3.3841080306146143,-0.6382997156269036,-4.097376042191092
2008-10-22,2.4258945220126282,-5.172203659638861,-4.807969104223554,-3.387559906025416,-6.785374103554123
2008-10-23,2.6139387450679497,0.01912471769270964,-0.46589771143590275,-3.387559906025438,-1.4762481240756486
2008-10-24,0.8120064396726127,-2.719850958606754,-3.017569536418231,-3.1519090325626977,-7.4303184500015345
2008-10-27,0.704858873450605,-5.926312471591548,-1.9179540538291755,-2.3664061210202596,-1.678977884516736
2008-10-28,-0.027887774532134983,-1.3488239194352707,0.9297680933887051,-0.6382997156269036,3.8599507853480413
2008-10-29,-1.705701401603131,4.736053819787577,3.439147015194566,6.117025323638086,3.4956916787080248
2008-10-30,-0.027887774532134983,8.626151641790639,3.735197337430118,1.5611084366919332,4.525036980058144
2008-10-31,-2.777021068279158,-3.0526658474814172,-3.9198181375169914,-0.32409855100992363,-3.339815487665951
2008-11-03,-1.57344158536796,2.442689534668634,0.9156704589965389,-0.009897386392943767,0.2320965032655226
2008-11-04,-1.8513823045417137,-3.095268100136657,-0.02887104527868875,1.0898066897664747,-3.496785701802249
2008-11-05,-7.892023613430388,4.30171834572861,0.704205943114015,1.168356980920714,1.8236701896789171
2008-11-06,2.674179407308291,-2.738711363842968,-1.4104392157111305,-2.9162581590999577,-1.8096416468653727
2008-11-07,0.4654517518686472,-0.10770881094872553,-0.19804265798468285,-0.7954002979353825,-1.526808158896978
2008-11-10,-2.4484812858656597,2.615910654740839,1.9025048664482649,2.503711930542851,0.6498467523991867
2008-11-11,1.460075720070514,-2.505365172881542,-2.030735128966505,-1.580903209477821,-2.2109755381434484
2008-11-12,6.486775148567633,-2.4167505560517704,-3.059862439594761,-0.716850006781143,-3.3254350904875274
2008-11-13,-0.027887774532134983,-3.7453097805855147,-0.07116394845518728,-3.073358741408459,-4.186804665004251
2008-11-14,3.5414929152886434,3.217461715459466,2.1139693823308203,2.346611348234372,-0.7489249615979664
2008-11-17,-2.5267773671199976,-1.7593127551413255,-0.21214029237688034,-0.16699796870142256,0.8530789812878811
2008-11-18,3.6327082626677654,-0.18300432750034484,-0.09935921723951963,-0.5597494244726419,1.232099008442707
2008-11-19,0.28806609382554266,-0.38571319379138036,-0.26853082994554506,-0.24554825985568426,0.50003281291716
2008-11-20,4.045851397774295,-1.6617765912621485,-1.297658140573801,-2.3664061210202596,-2.523262111958147
2008-11-21,-2.5797645686301096,-3.071287423647596,0.8451822870357081,-1.266702044860841,1.6177852744861405
2008-11-24,0.28590033042049023,2.3126796302079606,2.410019704566341,-0.009897386392943767,0.018245916534049153
2008-11-25,-0.6558331469988543,2.202996953509242,0.5350343304079895,3.83906688016501,1.3292024654685477
2008-11-26,-0.6573132788862206,0.535162723320438,1.7474308881344682,-2.602056994483,2.5442388093113824
2008-11-27,-0.027887774532134983,0.8280424541605056,-0.4940929802202351,0.14720319591553502,1.1236705532177131
2008-11-28,-0.080406930289499,1.2647906748421989,-2.4395665263393864,0.22575348706979675,-1.0874868311875299
2008-12-01,1.282002258046034,-1.6669758905216516,-1.678294269162319,0.06865290476129562,-3.2238861024656496
2008-12-02,2.2102009146132144,-1.343728084105867,1.2540136844085896,-3.3090096148711767,-2.7405112329866554
2008-12-03,-3.260906389067178,0.8489694941266884,-1.0439007215147786,0.06865290476129562,-0.6840905602959384
2008-12-04,-0.6055987113299292,-0.2200492963016157,-0.04296867967085493,-0.402648842164163,-1.939466945620797
2008-12-05,-0.5541663181291893,-0.01747796068586761,0.6337177711531841,-0.7954002979353825,1.2151945742477162
2008-12-08,-2.51538597008122,1.1961495390586239,2.663777123625364,0.46140436053251493,2.6783893203063007
2008-12-09,-0.027887774532134983,1.209731097221024,-0.2262379267690465,-0.009897386392943767,-1.6992805429943694
2008-12-10,-0.5601455680269589,0.7859004310594084,1.225818415624226,-0.32409855100992363,0.6410232152310923
2008-12-11,-3.2439079382190044,-0.8936998001024581,4.087638197234273,-0.3240985510099013,1.3495464147488268
2008-12-12,0.994715366769765,0.31163215168283914,1.7615285225266346,-4.880015437956076,-0.004240795971799416
2008-12-15,-4.1965666120739025,2.076180252067427,2.3959220701741435,2.660812512851352,0.3219856665359396
2008-12-16,-0.6834535209429795,0.0009455569701906099,2.5368984140958366,-0.7954002979353825,3.25970867210083
2008-12-17,-2.721610808931077,5.341640660549434,5.201351314215525,-2.3664061210202596,2.0223487682043824
2008-12-18,-0.3042915323513874,0.8908641283389798,7.851706579943079,-2.3664061210202596,0.7673021491863778
2008-12-19,-1.136372747717568,-3.3588015650870746,-9.530676625599755,2.660812512851352,-6.189993217953983
2008-12-22,1.6883082528020374,-0.7007148614539709,0.42225325527069146,1.215487155613262,-1.6968108680150238
2008-12-23,5.974347173226191,0.0009455569701906099,0.112105298642973,-0.009897386392943767,-0.19678246122360446
2008-12-24,2.656429628226367,-0.7745686300992856,0.379960352094193,0.6499250593027074,-0.18559640020444912
2008-12-26,-5.969415473685465,0.0009455569701906099,-0.0006757764943564026,-0.009897386392943767,0.007014271406772265
2008-12-29,4.682204384593195,1.7475573659689123,3.735197337430087,0.2257534870697744,-1.0831574614350628
2008-12-30,-1.426817996188631,0.7720065868623265,-2.4254688919472205,0.30430377822403615,-1.9339488588983114
2008-12-31,-0.297755050241963,0.25156573061219273,-2.552347601476716,-0.009897386392943767,0.9449195365130799
2009-01-02,2.3376361402900785,0.715862729636207,-0.7196551304948939,-0.009897386392943767,-0.9194342250746304
2009-01-05,-2.825767414791449,2.5430637055103715,-4.004403943869988,1.9538598924631527,0.0757450634027778
2009-01-06,1.6436054254266557,0.23099279751947044,-3.5250843745363074,1.718209019000412,1.0816049472959042
2009-01-07,-0.40440823697573114,1.7471358691490846,3.7070020686457545,1.2469072720749756,3.904846395425912
2009-01-08,-0.027887774532134983,-2.9505066174633834,0.3094721801333308,-1.738003791786322,1.4212706758147722
2009-01-09,1.635544318851459,0.2494800441170409,0.9438657277809026,-2.602056994482978,2.4926874640167274
2009-01-12,-1.7451518702322981,-2.8695872842215895,-4.088989750223017,-0.009897386392943767,-3.656710458885785
2009-01-13,1.6358786456234342,-2.391055313291878,-1.8615635162604793,-2.6806072856372394,-4.149843562786795
2009-01-14,-1.1538218948732664,-0.7040647784433287,-1.2553652373973025,0.06865290476129562,-0.6784753409037342
2009-01-15,2.0060524196138236,-2.8356200666656597,-1.241267603005105,-0.4811991333184024,0.8065895489391526
2009-01-16,-1.68598885443632,2.728902263899782,2.6073865860566676,1.718209019000412,3.6560011469521796
2009-01-19,-1.1569957848541104,1.4278532354219606,-1.241267603005105,1.1369368644590228,-3.1747056372184
2009-01-20,2.278996849366427,-3.788768684200213,-3.5532796433206397,-0.9996310549364094,-8.32569630977277
2009-01-21,0.6656372193580734,-1.1874053804615268,-0.28262846433771116,-0.7954002979353825,-1.9352130827083367
2009-01-22,-1.0421097404191006,0.9885183893778597,1.0425491685260657,-1.1881517537066018,-0.05205144123489462
2009-01-23,1.3590260126159963,-1.3165350213709197,-2.6651286766140454,-0.9525008802438836,-1.9967530882571904
2009-01-26,-0.027887774532134983,0.0009455569701906099,2.748362929978329,0.508534535225063,3.272082382089462
2009-01-27,-1.8429975188755745,2.1025304418104827,2.5932889516645012,0.8855759327654478,2.279502255054336
2009-01-28,0.07922560299204684,0.5649736040627104,1.2117207812320911,-0.5597494244726642,2.954785078379093
2009-01-29,0.1327017742110641,-1.1281627339707763,-2.101223300927367,2.063830300079106,0.21474129213487766
2009-01-30,0.6135064007333134,-3.0061786273281452,-4.159477922183816,-1.2981221613225546,-0.2930852450391794
2009-02-02,-0.08127848681378007,-2.1813345530600428,-0.790143302455756,0.22575348706979675,-1.9631232545358441
2009-02-03,-1.1515657332731803,1.1865058392746828,1.2540136844085583,-0.08844767754718316,1.318116260319428
2009-02-04,-0.8334197476365549,1.7154843657618377,-0.4377024426515391,-0.4811991333184024,1.5768986606118842
2009-02-05,0.8848650980603067,-0.7353014250412543,0.15439820181947153,-0.009897386392943767,1.3391287646689585
2009-02-06,-0.5107212198474907,1.5450026837667317,-0.46589771143587144,2.3780314646960634,1.8568630500659205
2009-02-09,-0.7268587576556732,3.1745286678587172,2.9880227146451857,0.9798362821505217,2.815470168446657
2009-02-10,0.5099445252823028,-0.16239241703269053,-0.5786787865732321,-0.24554825985566192,-1.2918002660989305
2009-02-11,0.6160843540923213,-2.459752503478505,-0.40950717386720675,-0.009897386392943767,-5.007084773679816
2009-02-12,-0.5644233108453988,0.5312283701341083,-1.4809273876719613,-2.2093055387117806,-1.8197539705874888
2009-02-13,-0.027887774532134983,-0.1086919897833541,-0.14165212041604947,1.5611084366919332,3.7174286326478323
2009-02-16,-0.027887774532134983,-1.0609349741997627,-0.8183385712400885,0.9327061074579736,-2.985148834271773
2009-02-17,2.3248467982236125,-1.6173258587400041,-1.8474658818683132,1.4040078543834544,-0.16658770483797591
2009-02-18,3.62038630011714,-0.6635744874900282,-0.5363858833967337,-0.37122872570247173,-0.24779636541895697
2009-02-19,-0.027887774532134983,0.7207765237877816,1.535966372251913,2.158090649464202,2.0505545616463805
2009-02-20,-0.027887774532134983,-0.6819293596034731,-1.607806097201457,0.6185049428409937,-0.9147773609995854
2009-02-23,-0.027887774532134983,1.8062909249746077,2.9175345426843546,-1.6594535006320603,3.630583770825159
2009-02-24,0.18208561673662693,-0.6609928851614741,-0.4940929802202351,3.28921484208529,-1.2490534361052898
2009-02-25,-0.3954496310339148,1.0483478035450393,0.45044852405502384,2.8179130951598528,-1.726430675728972
2009-02-26,3.054409021709213,-0.20090287817929697,-0.183945023592548,1.4040078543834322,-1.3319487429434724
2009-02-27,1.62910352064785,-0.8814250597813921,-1.9461493226135078,-0.402648842164163,-0.6996668593388509
2009-03-02,5.186181391954589,-2.36468659934878,-0.6773622273183953,-0.08844767754718316,-0.8293973227059127
2009-03-03,-0.4838793129591962,1.1860709829447622,0.26717927695683225,-0.08844767754718316,-1.2639823480421224
2009-03-04,1.3377574896124744,-1.184179869004381,-0.8465338400244208,1.5925285531536246,0.8355644069987415
2009-03-05,0.6271625408599799,1.97973084741543,-0.0006757764943564026,1.215487155613262,0.23996778765049775
2009-03-06,-2.810303885559474,-0.09123370348631783,1.451380565898916,-1.7380037917862998,1.5165170927205935
2009-03-09,1.4428168738426246,-0.5711928144300068,-1.3117557749659674,0.06865290476129562,-4.322534648115983
2009-03-10,-0.027887774532134983,-0.23930542117353026,3.072608520998214,1.0898066897664747,-0.18121560324208036
2009-03-11,-0.027887774532134983,0.6288921891009742,0.04161712668214212,-0.5126192497801161,-0.35804075583303113
2009-03-12,-0.5341128485789147,1.1794429090830678,-0.0570663140630211,-3.5917906630264653,-0.19337897707944923
2009-03-13,-0.17994262152989043,0.9184669026047627,1.7333332537422708,2.032410183617392,2.729521402842703
2009-03-16,-0.4845725070844284,0.5867040483253747,1.9307001352326285,0.9327061074579959,1.718482008698404
2009-03-17,-1.7091125090078567,0.8227566868798212,-1.4104392157111305,0.38285406937827554,-1.7628505889198018
2009-03-18,0.48269296723022426,0.07388764761187529,2.6496794892331663,0.06865290476129562,-1.750573715995366
2009-03-19,-3.0029380442713305,2.560996005288048,7.62614442966839,-4.880015437956054,6.777285979175863
2009-03-20,-3.29741063922672,2.3422577965858293,-1.7205871723388177,-0.009897386392943767,-0.5442723342363232
2009-03-23,1.948992201045868,1.4685195808169003,0.12620293303513916,1.2469072720749534,2.3197368591490144
2009-03-24,-1.1185644980938751,1.4081346432603408,-0.7196551304948939,2.58226222169709,1.3265483566788248
2009-03-25,2.6647372548755115,-1.2634455229282473,-0.183945023592548,-0.08844767754718316,-1.8260828942094651
2009-03-26,-0.027887774532134983,0.16151288935365668,1.5923569098206092,-0.05702756108549187,0.007014271406772265
2009-03-27,-0.027887774532134983,0.2327259885876544,-4.399137706850704,1.1369368644590228,-3.22133480668002
2009-03-30,1.2570422698795056,-2.918133066318335,-1.4386344844954628,-0.5597494244726419,-1.417876416851266
2009-03-31,-0.6952797215922933,0.7198927061977336,1.6205521786049415,-0.08844767754720548,2.032128849476214
2009-04-01,-0.027887774532134983,0.18041603588343888,-0.8747291088087531,1.168356980920714,0.6634805722006006
2009-04-02,-3.390099170939931,2.6803202515106737,2.057578844762124,-0.16699796870142256,3.209649388915468
2009-04-03,-0.027887774532134983,1.9155249202439666,0.46454615844719,1.9538598924631527,0.7906539990499468
2009-04-06,-1.5940720095758927,0.6188237495118803,1.000256265349536,1.2469072720749534,1.8608441206575816
2009-04-07,-0.027887774532134983,-0.8821238849916713,-3.3982056650067802,-0.32409855100992363,-3.279464327785734
2009-04-08,2.7328474891272223,-1.2574529555505687,-0.3390190019063759,-0.3240985510099013,1.0310805174091915
2009-04-09,-3.260275171266268,1.0116225931995546,0.5914248679766856,-0.9525008802438836,-0.4135385118830371
2009-04-10,-0.027887774532134983,0.0009455569701906099,-0.0006757764943564026,1.3254575632292152,0.007014271406772265
2009-04-13,-0.2902771506475172,0.0009455569701906099,-0.0006757764943564026,-0.402648842164163,0.007014271406772265
2009-04-14,-0.027887774532134983,2.9953727524098177,0.04161712668214212,-0.8739505890896442,2.622371731184134
2009-04-15,0.07709891704515572,-1.8450555637213133,-1.452732118887629,-1.6594535006320603,1.2663465947408874
2009-04-16,-2.0826107893064596,1.3382222089915723,0.32356981452552824,1.0112563986122352,-1.906699956023022
2009-04-17,1.1331299091478355,-0.9486171812928448,-1.9461493226135078,0.38285406937827554,-0.5356994245815855
2009-04-20,1.232946265301161,-0.2633510006301045,-1.297658140573801,-1.3452523360151027,-2.5281988592546685
2009-04-21,2.112360122853915,-2.832660377399372,-0.4799953458280689,-1.266702044860841,-0.4272881380377996
2009-04-22,-0.8610667549457832,0.5165073622133698,0.21078873938816753,0.22575348706979675,1.0801187704300628
2009-04-23,0.07640187591949979,0.5510947095108446,1.451380565898916,-0.6068795991652123,-1.1461666594911184
2009-04-24,-1.4916624078006329,0.6385770376640356,2.565093682880169,-0.041317502854635056,0.9892300219322246
2009-04-27,0.18171478457115842,0.16014392491022778,-1.5091226564562938,-1.7380037917862998,-0.46082263779950816
2009-04-28,2.3707902840596344,-2.039578840823947,-1.8756611506526768,-1.1096014625523622,0.02985368650572089
2009-04-29,-1.1723937589587001,2.00609976959469,3.8620760469596136,-0.009897386392943767,2.2476370748328813
2009-04-30,-0.027887774532134983,2.431850475464124,0.12620293303513916,2.503711930542851,0.5728653695437953
2009-05-01,-0.027887774532134983,0.15880724669714724,-0.0006757764943564026,2.346611348234372,1.2028587326946105
2009-05-04,-2.85810404549219,1.4005565278024859,-0.7337527648870601,-0.009897386392943767,0.007014271406772265
2009-05-05,-0.18600500796107253,0.924639150896483,2.5368984140958366,-0.009897386392943767,1.7689076168467486
2009-05-06,-0.8198813751292762,-0.5389860599203865,-1.142584162259942,-0.009897386392943767,0.06294418900378289
2009-05-07,-0.23948338511809414,2.7601369420466932,0.5773272335845194,-0.6382997156268813,0.6661469200715101
2009-05-08,-1.1415238992193577,0.36349528959682537,0.8733775558200404,0.9327061074579736,-1.211919760813961
2009-05-11,-0.13419097919518327,1.9272494442841692,2.099871747938623,-1.266702044860841,0.7568940452838079
2009-05-12,1.8791251462646417,-1.1843457910199413,1.5359663722519443,-1.8951043740948008,1.9340555086700733
2009-05-13,-1.3507560629716358,1.5803055770334666,-0.8465338400244208,-1.7380037917862998,-1.2278887701827153
2009-05-14,2.5587981989576907,-2.8893430039318235,-0.8465338400244208,-1.1096014625523622,-1.0766022030883091
2009-05-15,-1.5029244910318855,1.1741484845474188,-0.6350693241419282,0.8227356998420429,1.101780289338626
2009-05-18,-7.419182586687799,-1.3797656955220912,-0.3390190019063759,-1.8636842576331096,0.7641459618799523
2009-05-19,-3.746622451803589,2.6189387879876462,1.66284508178144,2.4251616393886337,2.8502196305869005
2009-05-20,1.1809085746000478,0.5492305923697484,1.0989397060947306,-0.7639801814736911,-0.026009289563381173
2009-05-21,-1.7327731959117798,1.0092516961366114,1.1412326092712288,-2.240725655173472,1.80662632377475
2009-05-22,-1.189025659199813,0.39310660385468865,2.8329487363313577,-0.5597494244726419,2.522417814418558
2009-05-25,0.13829850606488533,0.5797334719247504,0.5350343304080208,0.5399546516867543,0.007014271406772265
2009-05-26,2.2330197966991836,-0.08410098469208467,-1.4386344844954628,0.30430377822403615,-0.7854629393567989
2009-05-27,0.19166713739425084,0.8503383670507664,-0.09935921723955093,1.0898066897664747,2.2268070879929063
2009-05-28,0.8485311343228258,-1.3081116474659793,-0.6350693241418969,0.8227356998420429,-0.6408658191243586
2009-05-29,-2.9974029135348608,2.258503584783614,3.4109517464102335,0.8855759327654255,2.0749877319345122
2009-06-01,-1.6919998068996023,2.3257229229213072,1.7192356193501046,-2.523506703328738,2.4750172793307814
2009-06-02,0.8054645503801926,0.671472151633637,0.25308164256466603,2.189510765925871,0.7294103783186299
2009-06-03,-1.6972012744580611,2.8176504859087936,-0.4377024426515391,-1.0310511713981005,1.0977027404102206
2009-06-04,1.7523431295169507,-4.276056057391364,-1.579610828417156,0.7756055251494949,-1.8167076624259577
2009-06-05,-0.4718340889008,0.6396423914859198,1.155330243663395,0.9327061074579736,-3.084202135992891
2009-06-08,1.6331189074392372,0.0009455569701906099,-4.385040072458507,2.613682338158804,-2.6513583910183196
2009-06-09,1.128699901014809,-2.5958294690897015,1.310404221977223,-0.5126192497801161,2.729911760551548
2009-06-10,-1.7923122593397331,3.3690823932800478,2.0152859415856255,-0.7954002979353825,2.7889352755730545
2009-06-11,0.8006380114113978,0.11815469351127005,-1.8756611506526457,0.6499250593027074,0.8680861136724289
2009-06-12,-0.08304292222127745,0.8201420717703317,0.49274142723152237,-0.4340689586258543,0.30405533154070136
2009-06-15,2.8797492263172284,-1.8075792840116915,-2.171711472888198,0.7284753504569468,-1.417395958668634
2009-06-16,-1.0118409120974146,-1.7846501006198396,0.5632295991923533,-2.1621753640192325,0.8476529356701431
2009-06-17,0.7923247468119108,0.33865702006676635,-0.7055574961027591,-0.6382997156268813,-1.9120454725274354
2009-06-18,0.7898131193591338,-0.1847491527734805,1.1271349748790627,-1.1096014625523622,-0.03578089985351253
2009-06-19,0.35285076152643274,1.5337335556250222,0.168495836211669,1.3254575632291927,2.202523546995481
2009-06-22,1.3815500917923602,-0.25117853059438905,-1.0439007215147786,-0.9525008802438613,0.017630303506876967
2009-06-23,2.7688648039740658,-3.516979813657411,1.6910403505657723,-1.266702044860841,-1.5365180846663156
2009-06-24,-2.0687823772363476,2.5757491346188366,0.7183035775062124,0.32001383645487064,3.001160121438536
2009-06-25,-0.027887774532134983,0.607575129777678,-1.2553652373973025,1.231197213844119,-3.3289196952552986
2009-06-26,-0.13573658318200701,0.9086180819983062,2.1985551886838173,-0.7011399485502862,2.242438714330516
2009-06-29,-1.7051383589336842,-0.7216099912731828,-0.5363858833967337,-0.6540097738577604,0.8116570315888029
2009-06-30,-1.825000774835895,1.8291976771924003,1.0707444373103983,0.9327061074579959,0.15498664165331555
2009-07-01,1.1715303760856868,-1.2894268095572912,-0.5363858833967337,1.3254575632291927,-1.3169372950247633
2009-07-02,-0.027887774532134983,0.051322849895919155,-0.6632645929262292,-0.3555186674716149,-0.683916770407296
2009-07-03,-0.572410081052531,-1.1598571918670988,-0.564581152181066,-1.2352819283991499,-0.6109481850812666
2009-07-06,1.2228575874303642,-0.3532270049915211,-1.579610828417156,-0.5597494244726419,-2.0913987846481863
2009-07-07,1.5947644531479017,0.27082887180407494,1.7192356193501046,-0.21412814339399297,1.047475669116161
2009-07-08,2.1204234633318904,-1.6389242636295978,-1.664196634770153,-1.1410215790140537,-1.6358868326582894
2009-07-09,-0.027887774532134983,-1.3241827876936898,1.2540136844085896,-2.130755247557519,1.2963767195481435
2009-07-10,-1.2610540804266375,0.4092951312974876,-1.2553652373973025,-0.27696837631737553,0.16776887202975624
2009-07-13,3.7606439320432057,-1.1916160836179759,1.0425491685260657,-0.7639801814736911,-1.0771816108300685
2009-07-14,-3.011534977665034,1.872868885072277,0.2248863737803337,0.6970552339952555,2.277940986724848
2009-07-15,-0.6716011756546075,1.5408407286426566,1.3808923939380853,0.7913155833803516,0.9123915398648471
2009-07-16,0.07950560981794867,0.6079803602244076,0.5773272335845194,1.1840670391515484,0.4108283447880971
2009-07-17,-0.29645226120218804,0.4554246601550205,-0.564581152181066,-1.062471287859792,-1.5797003519793333
2009-07-20,-1.428793895389371,1.0252280370225675,1.7897237913109356,-0.009897386392943767,2.5372361274933612
2009-07-21,-0.893651115560634,1.0551878013342475,0.08391002985864064,0.5399546516867543,-1.2020947192174536
2009-07-22,0.5135431623493141,0.35154584272367506,-0.4518000770437053,-0.7954002979353825,-0.05676757029371152
2009-07-23,0.35046175260427953,0.4177984362442283,0.5350343304080208,1.0898066897664747,0.9410316400786565
2009-07-24,-0.35215453761790333,-0.3825379732809928,-0.02887104527868875,0.7756055251494949,-0.18378201899713073
2009-07-27,-0.948787762582183,0.9337979696252404,0.5914248679766856,0.2257534870697744,-0.06721932981456674
2009-07-28,-0.027887774532134983,1.527279404373396,-0.564581152181066,0.33572389468572744,0.47329962707491025
2009-07-29,1.3792648151088942,-1.010220522372674,-1.7628800755153162,-1.3766724524767717,-1.3090525368995511
2009-07-30,0.08004821989915964,-0.6972344880951816,-0.7196551304949252,1.2469072720749534,1.1536123905127824
2009-07-31,-1.814434800795839,1.329428648815075,1.1976231468398937,0.508534535225063,0.8216451857981754
2009-08-03,-1.6078119490465517,0.0009455569701906099,2.325433898213313,-0.9525008802438613,2.8763455092572947
2009-08-04,-1.8371771799770207,2.4105092465427282,1.1412326092712288,0.7598954669186381,0.946554128651208
2009-08-05,0.6863267044467833,-0.2292794115653605,0.3658627177020268,-0.3555186674716149,0.6524279616406632
2009-08-06,-0.5221404234565254,0.39550986626015633,-0.564581152181066,0.22575348706979675,-0.19061611012839277
2009-08-07,1.5067925794279533,-0.85459429824332,-0.183945023592548,0.38285406937827554,-2.38596374714565
2009-08-10,-0.3012917572438061,0.2315210202719851,-2.185809107280364,2.89646338631407,-1.181361130626744
2009-08-11,0.6823811671099003,-0.8398541522141105,-0.50819061461237,-0.8739505890896219,-1.6948974939545411
2009-08-12,2.199895929061714,-1.920197612786551,0.0557147610743083,-1.8636842576331096,-0.10964293957594491
2009-08-13,-1.1666257329822094,2.219108131582796,1.7333332537422708,0.9012859909962823,1.7623427624309742
2009-08-14,0.6776176466477455,1.0546620771385016,0.013421857897809772,-1.266702044860841,-0.7846965179917303
2009-08-17,-0.027887774532134983,-3.586768114017686,-3.130350611555592,-1.1096014625523622,-2.8511015187503905
2009-08-18,2.5073461740236533,0.4828766803276373,0.408155620878494,0.22575348706979675,1.9757543771906287
2009-08-19,-0.027887774532134983,0.06735868274567243,0.1543982018195028,-0.24554825985568426,-0.7469240927970653
2009-08-20,-0.24271775119341096,1.0450361392249066,1.8461143288796003,-0.3555186674716149,0.8457766137639012
2009-08-21,0.18694220212914098,-0.9103624410438509,1.2258184156242573,-0.7639801814736688,1.0862787112208452
2009-08-24,-1.3194677850595458,2.2823303863646047,-0.09935921723955093,1.168356980920714,-0.8179319489299125
2009-08-25,1.5319868899194446,-0.6750648960683728,0.013421857897809772,-1.031051171398123,-1.4478256348931688
2009-08-26,0.18655403308710436,0.29791642923580003,-0.7619480336713924,-0.009897386392943767,-0.8460281257078229
2009-08-27,0.774738758759062,-1.4702578385141138,-0.02887104527868875,-0.16699796870142256,-1.062947880750741
2009-08-28,-0.6162445698775388,1.9499904690146217,1.3526971251537214,-0.24554825985568426,1.5571317717897661
2009-08-31,0.025652806416641777,-0.08138715138608105,-1.2976581405737697,-1.6594535006320603,0.007014271406772265
2009-09-01,-0.8321258483222886,0.44527656143119304,0.5914248679766856,0.6185049428409937,-1.253811211848406
2009-09-02,1.7382496060319623,-1.63146449481324,-1.3258534093581336,-0.3712287257024494,0.22111256350102054
2009-09-03,-0.9897870813060786,0.6615646846317154,1.6205521786049415,-0.9839209967055749,1.6820364458879389
2009-09-04,0.025642073614861684,0.6601270704656914,-1.0298030871226123,0.5870848263793024,-0.17387566884264005
2009-09-07,-0.7782839030695613,1.9208577812168721,0.9579633621730688,0.8070256416112084,0.7404919742068291
2009-09-08,-0.5651789952089449,0.7850951018576204,2.0152859415856255,-0.402648842164163,1.2569422270405695
2009-09-09,-0.9977446999355853,0.5714442479906665,0.6901083087218488,-0.8425304726279306,-0.5325259125435381
2009-09-10,-0.5682231401737623,0.11491647170343013,0.32356981452549693,-0.27696837631737553,0.37739858037639346
2009-09-11,0.7282759694679752,0.667629718161499,0.6901083087218801,-1.266702044860841,1.672977601481256
2009-09-14,0.9949215164808181,-1.3338933274971456,-0.46589771143590275,-1.580903209477821,-1.7329868260822383
2009-09-15,-0.7272812247345453,0.8806468493661953,0.7042059431140463,0.9798362821505217,-0.44821816024872735
2009-09-16,-1.161561079083538,0.667164793070385,0.8451822870357081,-0.10415773577803998,0.30352854365958093
2009-09-17,-2.146135883288652,1.6681823703275724,0.5773272335845194,0.27288366176234485,0.2397701982239899
2009-09-18,1.114794881680832,-1.0177303289318163,-0.09935921723955093,0.06865290476129562,-1.8178797284806705
2009-09-21,-0.027887774532134983,-1.004916674036886,-0.6632645929262292,-0.009897386392943767,-1.8298235641583125
2009-09-22,-0.08219049898713122,0.7637601415840762,1.7192356193501046,-0.009897386392943767,1.5563055575907645
2009-09-23,-1.170803323060418,1.1496519060584376,0.04161712668214212,-0.009897386392943767,1.049298772122304
2009-09-24,0.7345991910585882,-0.5162420883792384,-0.21214029237688034,0.11578307945384372,-2.573847406324224
2009-09-25,-0.6813146419814431,-0.5333306851153289,-1.3822439469267669,-0.92108076378217,-1.9389332131489259
2009-09-28,-0.027887774532134983,-1.15176272659963,-0.28262846433771116,-2.8377078679457184,-1.8221818839227235
2009-09-29,0.2990255247197741,2.1566688810001318,-1.4245368501032967,1.8753096013088908,1.307077893595406
2009-09-30,-0.027887774532134983,0.7429776785290539,1.324501856369389,-0.5283293080109506,1.602176153316679
2009-10-01,-1.009830788793348,-0.19245286329379171,-1.4668297532797951,0.06865290476129562,-1.458471862519239
2009-10-02,-0.027887774532134983,-1.4696916399601212,-0.02887104527868875,-0.5126192497800938,-1.4010079485126492
2009-10-05,-1.837548738299864,0.0009455569701906099,1.1130373404868965,0.46140436053251493,1.0582839086612281
2009-10-06,-2.0715930492798487,2.421271639876423,1.4936734690754145,-1.1096014625523622,-0.2852118894585124
2009-10-07,-1.919778160278043,0.8995992604431619,-0.3954095394750406,-0.3240985510099013,-0.3397223250547651
2009-10-08,-3.0604791299263003,1.790294100415691,0.9720609965652036,-0.716850006781143,2.10256099909643
2009-10-09,1.2117726550114527,0.5102525545491988,-0.1839450235925167,1.168356980920714,-1.0280017043214515
2009-10-12,0.4214747994732044,-0.33319055435942374,0.21078873938813622,-0.009897386392943767,-1.9874993486585117
2009-10-13,-0.027887774532134983,0.7323827738243557,1.3949900283302514,1.2783273885366446,0.10490241134269138
2009-10-14,-2.3955226975223587,0.9523474764626739,0.23898400817249987,-1.1410215790140537,2.044021813508253
2009-10-15,-1.4472259017752773,1.422468860922943,-0.24033556116121269,0.14720319591555733,2.94961577914278
2009-10-16,2.013577100796841,-0.014812552823926753,0.06981239546650578,2.346611348234372,0.15654086687345448
2009-10-19,-0.027887774532134983,-0.6932241051492936,0.6901083087218488,-0.009897386392943767,0.03904532269577646
2009-10-20,-1.3303553914927395,1.7491002239562108,0.7464988462905449,-0.7954002979353825,1.3277761624792812
2009-10-21,2.233206569759434,-0.9585030833999484,-0.7055574961027591,0.6342150010718505,1.6915276043958705
2009-10-22,1.2076013326650263,0.36306187678271273,1.1130373404868965,0.5242445934559199,-0.33119558509162794
2009-10-23,-1.207094102179171,0.582573687698879,0.2812769113489984,0.7756055251494949,-1.360542573710621
2009-10-26,0.7027108934911651,-0.6908460693558958,-0.014773410886522578,0.33572389468572744,-0.8870837099998241
2009-10-27,1.371516154429656,-0.8660216832979948,-2.044832763358671,0.30430377822401383,0.7416606647613105
2009-10-28,1.7527140909870518,-1.5341427966744343,-1.2553652373973025,-1.4552227436310112,-0.8875926464155389
2009-10-29,2.0162403253385968,-1.7014723707591048,0.04161712668214212,-1.3452523360151027,1.6237439508616278
2009-10-30,-3.127815665198785,2.796131685038197,0.168495836211669,1.6867889025387208,0.6214776360243568
2009-11-02,-0.027887774532134983,-1.9975271569088917,-0.3954095394750406,-2.177885422250067,-1.6806845601093678
2009-11-03,0.41716840613561423,-0.3015587410428264,-1.6078060972014883,-0.009897386392943767,-0.867354219714779
2009-11-04,0.47191539088142204,0.19203604724105017,1.451380565898916,0.27288366176234485,2.558498787708962
2009-11-05,-0.027887774532134983,0.41456186521867705,1.4936734690754145,0.44569430230165813,-0.15177572919742724
2009-11-06,-1.7533847724532627,1.2542487810468868,-0.07116394845518728,0.35143395291658425,1.095566989144576
2009-11-09,-1.3714561263773732,2.0678465511263795,1.7192356193501046,-0.92108076378217,1.993539744559614
2009-11-10,-0.30865075548804116,0.2367162136974469,-0.25443319555337884,-0.26125831808654104,-1.294727077859209
2009-11-11,0.1967462211225997,0.393489304009423,1.0002562653495672,-0.5754594827034987,-0.07717673944838567
2009-11-12,-0.4211213632363029,0.5339899999586969,-1.6219037315936544,0.5399546516867767,-0.9841265890053107
2009-11-13,-0.027887774532134983,-1.3176957407189958,-0.7619480336714237,0.42998424407082364,1.397837687773735
2009-11-16,-2.342814950001491,1.4918417728348667,1.3667947595459191,-1.0467612296289797,-0.0350307822420798
2009-11-17,0.8778876000497721,-0.04602334330982367,-1.2694628717894374,-0.8268204143970738,0.8781610582694922
2009-11-18,0.0286213033609245,-0.939965115030435,1.155330243663395,0.30430377822403615,0.24793868106514247
2009-11-19,0.8183165247674469,-0.8011329230357985,-1.3258534093581336,0.08436296299215244,-1.841866832650339
2009-11-20,0.9279132231680123,-0.4560872655099252,-0.6773622273183953,-0.6540097738577381,-1.3347279381584927
2009-11-23,-0.5334738768190979,-0.1568119933112609,2.1562622855072875,-0.009897386392943767,1.1484309875955627
2009-11-24,0.5899209167514751,0.3794257379662648,0.013421857897809772,-0.041317502854657386,-0.7428385468972437
2009-11-25,-1.4904730216384425,0.614969018998255,1.6064545442127753,-0.8425304726279306,1.7991033166956727
2009-11-26,-0.42303329132686457,-0.5500438260771923,-0.1698473892003505,-1.580903209477821,-1.6687691584744353
2009-11-27,3.0053414976822026,-2.864560854109675,-2.1576138384960317,-2.130755247557519,-1.8490429139350715
2009-11-30,-1.8774303426821157,2.140766906073974,1.4795758346832484,1.168356980920714,1.0585197505286008
2009-12-01,-0.19666497171540226,-0.6631582298857933,0.7183035775062124,0.22575348706979675,0.970086908496405
2009-12-02,-1.0427972814132247,2.114685091269395,0.2248863737803024,0.14720319591553502,1.2509327125822527
2009-12-03,-0.31049299361463556,0.268055282639086,0.42225325527069146,1.0898066897664747,-0.4351046740980421
2009-12-04,0.14171124456196688,-0.7853446401415263,-0.7337527648870914,0.7756055251494949,0.08074914630564993
2009-12-07,1.043745152787228,-1.3088192943574812,-3.96211104069349,2.8179130951598306,-3.213169111398137
2009-12-08,1.2636243364554134,-0.331340399741687,-0.1839450235925167,-1.580903209477821,-0.5582012342398038
2009-12-09,0.531696769280646,-1.1728807780696016,-0.08526158284738476,-0.9525008802438613,0.2631019472220805
2009-12-10,-0.3075334662189822,1.2222636371931497,-0.5363858833967023,-0.8739505890896442,-0.07832232600666905
2009-12-11,-1.1494083083920539,0.3015538208373864,0.3799603520941617,1.3725877379217633,-0.19576420295367047
2009-12-14,0.7576709034114629,-0.8224818832010881,-1.5514155596328236,-0.37122872570247173,-0.6129015297964795
2009-12-15,-0.13996905491299858,0.5554217605747173,-1.4950250220641277,0.30430377822403615,0.02841348854112542
2009-12-16,0.19622776240609716,-2.3028073056029124,0.26717927695683225,1.4040078543834322,1.4051213199319892
2009-12-17,0.5315795296088073,-1.5820873847821133,-3.059862439594761,0.7756055251494949,-2.4415779923153482
2009-12-18,0.3630430756112355,-0.04715452498058296,-0.08526158284735345,-0.7168500067811207,0.6827774121146138
2009-12-21,-0.3070656845271698,-0.3038657943086031,0.4363508896628577,1.168356980920714,-0.7761626537495386
2009-12-22,-0.027887774532134983,-1.2697272725383615,-1.2553652373973025,1.5139782619993851,-1.09096099844012
2009-12-23,0.25129013546289986,-0.5314242314801202,-0.04296867967085493,-0.009897386392943767,-0.7489913916519308
2009-12-24,-0.530618352742455,0.9038084174970882,1.7192356193501046,0.46140436053251493,0.536431990967784
2009-12-28,-0.027887774532134983,0.0009455569701906099,0.09800766425080683,-0.19841808516313617,0.007014271406772265
2009-12-29,-0.41955584393408607,1.029504322659324,0.39405798648635915,0.27288366176234485,0.007014271406772265
2009-12-30,0.19599288967159234,0.38575644774284373,-1.3399510437502997,0.508534535225063,-1.5951002553208118
2009-12-31,-0.3077679454079039,1.040693482196232,0.9579633621730688,-0.009897386392943767,3.706155236472419
2010-01-04,-0.9816805717233698,0.016913835813513224,-0.24033556116121269,1.5453983784610765,0.3068433858208768
2010-01-05,-1.7759761721015588,2.592587918942369,0.7464988462905136,-2.05220495640328,-2.2387623275630304
2010-01-06,-0.4808711682932963,0.08009432945380136,-1.2976581405737697,-0.24554825985568426,-0.31682598828100333
2010-01-07,-1.4484339833318753,1.374833848918077,-0.6491669585340943,0.9327061074579959,-0.7717303605847365
2010-01-08,-0.42699866896530625,-1.119805550749429,-0.4377024426515391,1.718209019000412,1.0340698522337302
2010-01-11,-2.55033685509895,2.442322740428897,3.5942209935084253,-0.009897386392943767,1.8248530170165924
2010-01-12,0.20241292675194902,-0.5800494020813216,-0.6632645929262605,-1.6594535006320603,-0.3684956816012981
2010-01-13,1.5786796207530531,-0.5339259933404376,1.155330243663395,-1.785133966478848,1.4633302421085734
2010-01-14,-1.1744487742562078,0.9128056630333843,-1.0861936246912458,0.9798362821505217,-0.06775898452364834
2010-01-15,1.0614619455757426,-0.3760429987823749,-1.579610828417156,-1.031051171398123,0.19924812292192343
2010-01-18,-0.08511131414623281,-0.7544420301336485,-0.07116394845518728,-0.3240985510099013,0.5296514161352213
2010-01-19,-0.25690463812993986,0.20571577099450702,-1.2694628717894687,-0.6382997156269036,0.017670208098378486
2010-01-20,1.8556532905537386,-0.9926950061697154,-2.0730280321430032,1.0112563986122352,-0.6651011602575104
2010-01-21,0.08584035605707407,-0.5999729427462859,-0.9593149151617502,0.6185049428409937,-1.2991370666730198
2010-01-22,1.1067374574150182,-1.697546953135666,1.000256265349536,-2.523506703328738,0.26444282306744066
2010-01-25,0.02871713221664246,0.6370112333879767,0.2248863737803337,0.21004342883893995,-0.3040749623509885
2010-01-26,-0.027887774532134983,0.0009455569701906099,-0.9311196463774178,0.47711441876337174,-0.3259111559449126
2010-01-27,0.593975555617539,-0.7784191517417848,-0.183945023592548,-1.8951043740948008,1.1758801778422874
2010-01-28,0.08502285995660178,-0.15835513849650507,-1.0298030871226123,1.733919077231269,0.19957052772966527
2010-01-29,0.31055795719597507,-1.6127050752394478,-0.46589771143587144,-0.7325600650119998,-1.1288346179237947
2010-02-01,-0.19705702098006228,-1.2511495329278293,-0.7478503992792576,0.5399546516867767,-2.787808207470374
2010-02-02,-0.5360394913152632,-0.4659000007481904,0.33766744891766315,0.9641262239196648,0.6677642895570326
2010-02-03,-1.2173491915043408,0.7571958489150281,0.6619130399375478,-0.6697198320885726,0.43945000038518534
2010-02-04,0.2557982678581639,-0.7069769875726784,-1.9320516882213417,0.7756055251494949,-1.7484808024771084
2010-02-05,2.6241322038596104,-2.1003614027174557,-2.1999067416725304,-1.942234548787349,-1.0493955620615474
2010-02-08,1.372103093860763,-0.20998909819543551,-0.2262379267690465,-0.4340689586258543,-1.6454543118516052
2010-02-09,-0.7549669556609783,0.2605365877040438,1.1976231468398937,-0.041317502854657386,0.10577892445167761
2010-02-10,-0.7007994617961896,1.1825147902209874,-0.28262846433767985,0.6499250593027074,0.8724601579108965
2010-02-11,-0.5899457521646463,2.1739700387538052,-0.31082373312207484,-0.009897386392943767,-0.26657247364218417
2010-02-12,-0.027887774532134983,0.06509427924479777,-2.0589303977508373,-0.19841808516311382,-0.19013345705846418
2010-02-15,-0.47838749603686853,-0.255730882876042,0.49274142723152237,0.7598954669186381,0.9913709287078212
2010-02-16,-1.1574734123401937,1.0103536330738523,0.5914248679766856,-0.5911695409343555,-0.0694231015174359
2010-02-17,-0.9350093146782984,1.261976070034766,1.0848420717025644,0.8070256416111861,0.7595611343641692
2010-02-18,1.1055334796553917,-0.988280313401348,-2.2421996448490287,1.1840670391515709,-1.8836327314247856
2010-02-19,1.3821569348023286,-0.7190696749554415,-0.6773622273183953,1.278327388536667,-2.3052375714916984
2010-02-22,-1.7774540128699317,1.6464630310848223,1.5077711034675807,-0.41835890039501983,0.9782778043902088
2010-02-23,-0.19781055887698326,-0.014987444924388584,-0.6914598617105928,-0.8582405308587874,-0.7100716596163179
2010-02-24,0.6511555579101482,-1.2924188128418572,-0.4236048082593729,-1.3766724524767717,0.47057150942170545
2010-02-25,0.5930553469215046,-0.7520647732221115,-0.8183385712400885,-0.92108076378217,-1.5744323231148523
2010-02-26,-0.7618849394133881,0.25749971169475105,1.1412326092712288,-0.6382997156269036,-0.9149921706335363
2010-03-01,-0.027887774532134983,1.2166191628025504,-0.6350693241418969,-0.402648842164163,-3.880782353717207
2010-03-02,-1.2178540043861503,0.20840195423880836,0.32356981452549693,0.46140436053251493,1.065522482118416
2010-03-03,-0.7102569190702748,0.9884029989692186,1.3104042219772543,-0.9525008802438613,0.9271446414751809
2010-03-04,-0.4837711914246055,-0.460529024576322,0.3799603520941617,-0.402648842164163,0.20859096043082193
2010-03-05,-0.2561216743981307,-0.2220871509224223,-1.2130723342207728,1.2469072720749534,-0.35144444430712973
2010-03-08,-2.0332995451893,1.6697017317650447,1.1271349748790627,1.843889484847222,0.879956600642587
2010-03-09,0.604008855164432,-0.28447480535433445,-1.4809273876719926,-0.6854298903194517,-1.7640830209729317
2010-03-10,-0.7748355247448231,1.0145539998306539,0.7464988462905449,0.021522730068747525,-0.22922846763363292
2010-03-11,0.3171169848120659,-0.2363147868342662,0.6619130399375165,0.6656351175335642,1.0853614186762526
2010-03-12,-0.14283984113164902,0.2540166513823231,1.5218687378597782,0.27288366176232254,1.438395378346593
2010-03-15,0.7184176463475612,-0.3312536341925965,-0.8465338400244208,0.10007302122300923,-1.3122769176834674
2010-03-16,-0.027887774532134983,0.2224521594907803,0.25308164256466603,-0.716850006781143,1.058476994429608
2010-03-17,-1.004245888156518,0.5855773245679609,0.4645461584471587,0.27288366176234485,2.186836744999613
2010-03-18,0.43201958838671967,0.48990492940277164,-1.3540486781424346,-0.41835890039501983,-0.6584819877400423
2010-03-19,-0.08533289610192242,-0.07786549211456033,-1.579610828417156,0.44569430230165813,-1.3064166355483688
2010-03-22,0.029557347037652466,-1.1045675878310046,-1.0861936246912771,-0.009897386392943767,-1.929789663059662
2010-03-23,0.3738824304610082,0.4910277718005539,0.676010674329714,-0.2612583180865187,0.10810312420884298
2010-03-24,-0.027887774532134983,-0.014851176649125455,-2.552347601476716,0.22575348706979675,-0.3638230035212417
2010-03-25,0.37327884799628996,-0.9483691885289752,0.2530816425646347,2.1423805912333225,-0.18421451628310245
2010-03-26,-1.693801696727792,-0.20513203167962943,-0.04296867967085493,1.0583865733047833,-0.8043435611404369
2010-03-29,-1.5303532857741098,-0.3163709034836092,1.66284508178144,0.22575348706979675,1.1557468030780917
2010-03-30,-0.8404228618359094,1.678947660311139,0.1543982018195028,-0.7482701232428343,1.2853520862525232
2010-03-31,1.1321212025127287,-0.4572075904812269,-0.04296867967085493,1.671078844307864,0.7332930729734594
2010-04-01,-0.027887774532134983,0.07998693347189585,-0.15574975480821562,0.22575348706979675,0.9205699219264442
2010-04-02,-0.027887774532134983,0.0009455569701906099,-0.0006757764943564026,0.5399546516867543,0.007014271406772265
2010-04-05,-2.4113540195801297,0.0009455569701906099,-0.0006757764943564026,1.0112563986122352,0.007014271406772265
2010-04-06,-1.6679328737597288,0.9635932812535846,-1.015705452730446,-0.5440393662418074,-0.6054079713322237
2010-04-07,-0.20420580443568023,0.6462561792171121,-0.7901433024557248,-0.4969091915492592,-0.23832930762820004
2010-04-08,1.554798991765723,0.14241528731405623,-0.620971689749762,-0.60687959916519,0.7535299499785884
2010-04-09,-2.0224365870274483,0.0009455569701906099,1.2399160500164235,0.27288366176232254,1.5273181161912937
2010-04-12,-0.027887774532134983,0.7543369366687178,2.8329487363313577,-0.6382997156268813,0.714416752398586
2010-04-13,1.5572347117563397,-1.2085294839814082,-0.02887104527868875,-0.6068795991652123,-0.004025190983539842
2010-04-14,-0.027887774532134983,1.2260963432845495,0.4504485240549925,0.7284753504569468,-0.015065956178733433
2010-04-15,-1.4364201651617161,0.26730918528761105,-1.0016078183382486,0.24146354530065356,-0.08132401468017626
2010-04-16,0.6186119607444884,-0.5790872155081235,-0.12755448602388328,-1.0938914043215278,0.5256039663008989
2010-04-19,0.6170505370952974,-1.7142837817449332,-1.452732118887629,-0.9839209967055526,-2.528820130948258
2010-04-20,0.03066581556916959,1.182190777245008,0.760596480682711,0.7913155833803293,1.9690334267145821
2010-04-21,-1.2014060182303867,0.9269653802880035,-1.593708462809322,0.9012859909963046,-0.2582197543177176
2010-04-22,0.20722881260286344,-0.8936373647109209,-0.47999534582803766,-0.5283293080109729,0.2059632867662179
2010-04-23,0.5003688697252349,-0.9435836319385049,-0.3954095394750719,0.8541558163037565,-0.3799606215989821
2010-04-26,-1.2621161362302649,0.0009455569701906099,0.14030056742733665,1.2940374467675015,0.8245621554062805
2010-04-27,0.678083942908625,0.5994892537249352,-0.43770244265157043,-0.6697198320885949,-1.0651222375710643
2010-04-28,0.8519602919298138,-0.597598139784554,-0.6350693241418969,-1.0467612296289575,-1.7147406903135964
2010-04-29,-0.20362562002418041,0.6152244432273679,0.15439820181947153,-0.009897386392943767,0.5190898447811588
2010-04-30,-0.790757737534103,0.7709702515299515,0.8310846526435419,1.419717912614289,1.050533090129662
2010-05-03,0.6763771961161836,-0.7848143270920029,-1.0861936246912458,-0.009897386392943767,0.007014271406772265
2010-05-04,-0.027887774532134983,-0.6606715945566547,-2.101223300927367,-0.009897386392943767,-1.5597225815388427
2010-05-05,1.782912786733441,-1.7070212041296096,-2.3267854512020256,-0.009897386392943767,-0.36093533236690395
2010-05-06,3.0398349789056947,-0.7930529722212298,-2.777909751751406,-0.33980860924078043,-0.9317673277685947
2010-05-07,1.0060144933042965,-2.730368547823705,0.26717927695683225,-3.230459323716937,-3.9387328424821364
2010-05-10,-3.6060882964540073,2.477739940499308,3.1430966929590447,1.4040078543834544,3.257831303801556
2010-05-11,1.0158932805092347,-1.1310729643542912,-3.821134696771797,-0.009897386392943767,-2.8920745222718365
2010-05-12,1.0694727586717665,-0.6226722816072414,-0.1698473892003818,0.14720319591553502,1.7478049668514093
2010-05-13,-1.9947822788867986,1.3425307035850083,-1.3963415813189644,0.6185049428410161,-1.5297492265845047
2010-05-14,0.610047182458913,-1.0206751937288372,-1.3399510437502684,-0.716850006781143,-2.5197471645944653
2010-05-17,3.5395184574368166,-2.7941310809659368,-2.0166374945743386,-0.9525008802438613,-1.7362348196934339
2010-05-18,-1.0013148183786067,-0.43509414016899417,1.1130373404868652,0.508534535225063,0.4553290391934223
2010-05-19,2.541135588281857,-2.9547753166806046,-2.228102010456831,-0.92108076378217,-2.195445413037668
2010-05-20,4.199646113097446,-4.10670940209327,0.9015728246043727,-0.32409855100992363,0.8392918592271026
2010-05-21,1.0882419447892353,-0.09832588769652005,2.2972386294289806,-2.523506703328761,0.4452788397198496
2010-05-24,-1.591778900945292,-0.6616967974132801,-1.9320516882213417,0.22575348706979675,0.15678990761217146
2010-05-25,4.030367954037587,-1.4453263283202815,-1.9320516882213417,-0.24554825985568426,-0.5233204260550979
2010-05-26,0.9083969821297447,0.7997424566229522,1.2117207812320911,0.14720319591555733,1.1241596437433925
2010-05-27,-0.027887774532134983,1.6583707112084147,-0.7619480336714237,-0.27696837631737553,1.7601202672384693
2010-05-28,-5.751645687120577,3.2561319749645237,1.817919060095268,1.985280008924844,0.12121599529425929
2010-06-01,0.8133404122637292,-2.280596936937284,-3.229034052300755,-0.4811991333184024,-0.8620865647733096
2010-06-02,2.7572193099308855,-1.2538216034883731,0.8874751902122066,0.6970552339952555,1.8677141546415588
2010-06-03,-3.7665873001681636,3.1281712480053114,0.704205943114015,1.168356980920714,0.08664602354994289
2010-06-04,0.8136939072018501,-0.9666886972983463,-2.932983730065234,0.8541558163037342,-0.18641633582777195
2010-06-07,3.367478958461656,-4.700565121946175,-1.4245368501032967,-2.3664061210202596,-1.7513402524666286
2010-06-08,-1.859363381112769,0.7008540572234309,-0.24033556116121269,0.8541558163037342,-0.9107831621043292
2010-06-09,0.13913004385155345,0.48327360386387974,0.9579633621730688,-0.4811991333184024,0.8102510320148018
2010-06-10,-0.027887774532134983,2.6153954124316057,0.49274142723149106,-0.4811991333184024,1.3672628227067005
2010-06-11,-0.9198590308978652,1.0535750024683999,1.155330243663395,0.5556647099176111,0.3261169011012453
2010-06-14,-1.4275851116785447,0.0009455569701906099,1.719235619350136,0.49282447699420623,1.0189019846855094
2010-06-15,0.8687632978259099,1.883245971420787,0.12620293303513916,-0.5283293080109506,0.14316987508685755
2010-06-16,-2.162370862167751,1.31975392368757,0.26717927695683225,-0.13557785223973126,0.8112527897227322
2010-06-17,0.8167106520412685,-0.6333195456466015,1.2117207812320598,-0.27696837631737553,0.2670488076789515
2010-06-18,-2.0594299647009593,1.3816151625327469,0.12620293303517047,-0.6697198320885949,-0.17385381079056803
2010-06-21,-2.8753624694070083,2.213098908956204,0.26717927695683225,-0.21412814339397065,0.3912197150371654
2010-06-22,2.2525158926519073,-1.111185328399503,-1.8756611506526768,0.30430377822403615,-1.3627066542294815
2010-06-23,1.5004488739430162,-0.9856546794226013,0.18259347060383518,-0.716850006781143,2.098521686314713
2010-06-24,-0.4232840447871432,0.5350790550553497,-0.12755448602388328,-0.9525008802438613,0.7494174438177029
2010-06-25,1.662560875169998,-1.7018497225564624,0.45044852405502384,-0.3555186674716149,-0.8818516217989247
2010-06-28,-2.1709359335796403,2.0108455314892764,0.6337177711531841,-0.5597494244726642,1.6587318880651767
2010-06-29,2.0027961301382264,-1.732613497761952,-1.9884422257900063,-0.8896606473204787,0.04062178358119261
2010-06-30,0.4212858327843741,-1.9551088027502816,1.0284515341338996,-0.27696837631737553,-0.31802704949074284
2010-07-01,-0.027887774532134983,-2.577449022516906,0.8028893838591782,-0.19841808516311382,-0.5767628139248415
2010-07-02,0.42053155265232234,1.3503606080274935,3.1008037897825464,-0.7954002979353825,2.435162064150894
2010-07-05,-0.027887774532134983,0.0009455569701906099,-0.0006757764943564026,-0.009897386392943767,0.007014271406772265
2010-07-06,0.643332469757143,-0.47559983646097037,0.4363508896628577,-0.7639801814736911,0.04043634626292753
2010-07-07,1.5317624882199636,1.0024655453202318,-0.1698473892003818,-0.009897386392943767,-0.6845187634801477
2010-07-08,-1.308360127289199,3.9904140578568876,1.3104042219772543,1.3254575632291927,0.018181560769471857
2010-07-09,-0.5865357744916425,0.728027487350203,-0.3249213675142097,0.30430377822403615,0.37528575893512917
2010-07-12,-0.13975775798117124,-0.6129200516102031,-0.9170220119852517,0.8227356998420429,-1.7381786716357237
2010-07-13,1.0887086531193058,-0.17698480992921758,-0.04296867967088623,-0.5754594827034987,0.7578822078890247
2010-07-14,-1.7045381964608757,1.5180824109118243,1.88840723205613,0.35143395291658425,2.181013377991971
2010-07-15,0.5881070697638332,-0.19230891209664847,1.7615285225266033,-1.1881517537066018,0.8829916670966785
2010-07-16,0.30751144886270554,-0.7410075408545649,2.4241173389585073,-1.5651931512469865,0.11770278894535419
2010-07-19,1.5317624882199636,-1.1316120374588077,-0.6068740553575646,-0.009897386392943767,-0.8575161362290111
2010-07-20,0.08316801687412632,1.504706869181575,-1.593708462809322,-0.3398086092407581,-1.2278887701827153
2010-07-21,0.8035617189524767,0.6776242676565152,-0.3813119050828744,0.38285406937827554,1.1419922167678898
2010-07-22,0.41449567158167744,-0.7402576540024028,0.4645461584471587,-1.1881517537066018,0.11803996024340088
2010-07-23,-1.857462114691972,2.299201333869621,0.6619130399375478,0.6185049428410161,1.7333520471299488
2010-07-26,-0.8078739439916712,0.5608094340767982,0.4786437928393249,1.1369368644590003,0.5140418894287203
2010-07-27,-0.5864189268848311,1.0379553525806264,1.43728293150675,-1.0938914043215056,0.4031805283413123
2010-07-28,-1.0923262520884036,-1.0999963337379792,-0.5786787865732321,1.1840670391515709,0.7099319826214074
2010-07-29,0.3087093035486101,0.36837096949241643,1.0848420717025644,-0.7954002979353825,0.664404537038156
2010-07-30,-0.9826836160271701,0.20842381534297846,-0.5786787865732321,-1.1096014625523622,-0.7491174816577778
2010-08-02,-1.5513802234736669,0.0009455569701906099,0.6337177711531841,0.1000730212229869,2.541321153038134
2010-08-03,0.14181902913796798,1.5445826020868998,2.085774113546488,-0.2769683763173532,1.611852444800824
2010-08-04,-0.027887774532134983,0.3975184520436754,-0.21214029237688034,-1.4238026271693422,-0.24178479090351673
2010-08-05,0.02865720113435336,0.8083478975966957,-0.31082373312204353,1.0112563986122352,-0.19868187910313806
2010-08-06,-1.2178540043861503,0.07998693347189585,-0.11345685163168581,-0.11986779400889679,-0.4807630356352028
2010-08-09,0.255918869875702,0.3011148278122695,1.084842071702533,-1.0310511713981005,1.0249644869091519
2010-08-10,1.2737517363927744,-1.011339703901415,-1.6923919035544854,0.5242445934558975,-2.3485356903747054
2010-08-11,1.3236139543668177,-1.1101287646956983,-1.6500990003779554,-0.6697198320885949,-0.5713210030136558
2010-08-12,2.2095249511941786,-0.8749094600889095,-3.1867411491242876,0.06865290476131795,-1.0326164662890436
2010-08-13,-2.040713736315731,0.5108419685015745,0.12620293303517047,1.0898066897664522,-0.06974265450753481
2010-08-16,1.0922214457899115,-1.6273506999744167,0.2953745457411646,-0.4497790168567111,-0.05879409201365149
2010-08-17,-0.5873550786730772,1.4540617180812088,0.5632295991923533,-0.8268204143970738,0.5002012758462873
2010-08-18,-0.25200331147036714,-0.030916257032952102,0.2812769113489984,0.25717360353148805,0.1055477563265373
2010-08-19,-0.027887774532134983,-0.5412186762735844,-0.6209716897497307,0.42998424407082364,-0.11342024224789314
2010-08-20,-0.027887774532134983,-1.262548498645763,-1.7628800755153475,-0.60687959916519,-1.5963947839786097
2010-08-23,-0.19609795117282608,0.11311377356339837,-0.09935921723951963,-0.025607444623800574,0.8318274571670813
2010-08-24,0.9797875593040796,-0.20739991569332403,-1.311755774965936,-0.6540097738577381,-1.667136580237081
2010-08-25,0.7532392037377835,-0.9142646556032058,0.02751949228997595,-0.8739505890896219,0.1947516012428534
2010-08-26,-0.6972851919305014,0.7237095969658421,1.1271349748790627,0.5713747681484456,1.2627243420145178
2010-08-27,0.2512317727657105,-0.1274198503745475,0.2812769113489984,-0.6697198320885949,-0.19088259840855107
2010-08-30,-0.13950058559786785,1.7293055223249691,-0.183945023592548,2.39374152292692,0.007014271406772265
2010-08-31,1.3083968151482857,-1.0220768924084207,-0.28262846433771116,-2.5706368780212863,-1.2495835434673213
2010-09-01,-1.1967706369118674,1.3110716441908379,1.6910403505657723,0.22575348706979675,-0.10348249468889459
2010-09-02,-0.5304081150528369,1.0989954770327517,0.25308164256466603,-0.402648842164163,0.062268092501710906
2010-09-03,-0.6433663314400586,0.19150510115172947,0.2248863737803337,0.30430377822401383,0.018063730357432164
2010-09-07,0.1960867796655473,0.8728128464767223,-1.2694628717894687,-0.22983820162482746,-0.35784776415232483
2010-09-08,-0.08386380378795416,0.03260258427063442,-0.6632645929262292,-0.9525008802438613,0.9127675792869939
2010-09-09,-0.8127867339710713,1.1384006909937627,0.25308164256466603,0.571374768148468,-0.3902736079576035
2010-09-10,-0.027887774532134983,0.3948983572630526,0.14030056742730534,0.1786233123772263,0.48148730509589
2010-09-13,-1.4352571468390278,0.9914401318642749,1.0707444373103983,0.06865290476131795,-0.6442118372566162
2010-09-14,0.31055795719597507,0.5184863264176054,0.6901083087218488,-1.1881517537066018,0.08435743947436249
2010-09-15,-0.027887774532134983,0.736525885694401,1.958895404016961,2.503711930542851,1.1756131100700102
2010-09-16,-0.4227828557120728,-0.5936406191198611,1.2540136844085896,0.6185049428410161,1.1488543641431073
2010-09-17,-1.8974425284146486,1.6877761855255453,-0.25443319555337884,0.6185049428409937,0.5105808806942068
2010-09-20,-2.0824418887122946,-0.06136242750305344,0.19669110499597003,-0.009897386392943767,-0.5513423215739945
2010-09-21,0.658721508623811,0.1878310737149374,0.6478154055453816,-0.402648842164163,-0.9920368614253752
2010-09-22,-1.173219346294481,1.6003216854001745,3.439147015194566,-1.1096014625523622,1.5534844991150403
2010-09-23,0.3162277970416394,0.14029651345130398,-0.5786787865732321,-0.009897386392943767,0.31310320885907084
2010-09-24,-0.31461994702678636,-0.991390352470535,1.2540136844085583,-0.4811991333184024,0.2145275188132212
2010-09-27,-2.912271474098803,1.1944530721003939,0.9156704589965389,-0.4497790168567111,1.5204881659609488
2010-09-28,0.49360589653428805,0.12467709423258203,-0.24033556116118138,-0.11986779400887446,0.148145718341758
2010-09-29,-1.2462943594463294,1.3278773258554701,2.128067016722955,-0.402648842164163,-0.6667129820991466
2010-09-30,-0.027887774532134983,-0.12224503613582013,0.5209366960158547,-0.8739505890896219,1.287882340564369
2010-10-01,-1.4271939280994939,-0.153113171530537,1.0989397060947306,0.14720319591553502,-0.9802576230573434
2010-10-04,-1.8462458264075567,0.0009455569701906099,-0.2967260987298774,-0.27696837631737553,0.039617117490526745
2010-10-05,2.024197772866381,-1.0951302941691397,1.0566468029182006,0.7284753504569468,0.4847547238766425
2010-10-06,-2.4922896112181343,1.928009245582502,1.0707444373103983,-0.9839209967055526,0.20221939487057375
2010-10-07,-0.14580945743202336,1.854737960965901,1.6064545442127753,-0.37122872570247173,0.5052558324980652
2010-10-08,0.5612005883259532,0.04676353151217502,-1.3540486781424659,-0.92108076378217,-0.6430417617661207
2010-10-12,2.082134458882226,-0.748283921038912,-0.5786787865732321,-0.6854298903194517,-0.2860028963984939
2010-10-13,-1.432715108879948,1.2384693573500933,1.7615285225266033,-0.22983820162482746,0.028729741286163225
2010-10-14,-1.9125618287693351,1.2638025501206516,2.0152859415856255,-0.9525008802438613,1.749620689406475
2010-10-15,-0.915928654782217,-0.5461532048481272,-0.1698473892003505,0.5870848263793024,0.3951896204003383
2010-10-18,1.3325701180744123,-0.9130873195839296,-2.721519214182741,-0.4497790168567111,-1.6247748742326837
2010-10-19,1.1495111637421793,0.2144667236725667,-0.5222882490045675,-0.009897386392943767,-1.0897668644753553
2010-10-20,-1.0283455821442722,-1.696120810859816,0.027519492290007254,0.11578307945384372,-0.8429478281179953
2010-10-21,0.3845194836363627,0.9958764524150763,2.18445755429162,-0.4497790168567111,0.6610596212085107
2010-10-22,0.5601627749115047,0.19954018550411212,-1.1566817966521081,0.13149313768470053,-0.8326213780251874
2010-10-25,-0.6159383239757745,1.5090638513718955,1.3667947595459191,-0.7011399485502862,0.4871136161041191
2010-10-26,0.38388354312492495,-0.3791843343551232,-1.678294269162319,0.06865290476129562,1.4749414822264793
2010-10-27,0.5006011982526435,-2.5966664638445547,-1.5373179252406262,1.3254575632292152,-0.30767137042697823
2010-10-28,-0.20393457571383802,0.246378509435222,0.7605964806826797,-0.025607444623800574,0.33254485141762247
2010-10-29,0.2654591148907185,0.09293166926183147,-0.0006757764943564026,-1.6751635588629172,0.4729506152172886
2010-11-01,-0.7324624486930501,1.8348259303425325,0.9720609965652349,0.10007302122300923,1.5617503199520446
2010-11-02,0.030897838602851183,1.4146053646182435,1.2963065875850568,-0.15128791047058807,-0.9096700131030386
2010-11-03,-0.4396590921891949,-0.014220050735643495,-0.0570663140630211,-0.009897386392943767,1.794467428635782
2010-11-04,-0.26347106867152237,1.3024205221824858,3.2417801337042396,0.39856412760911003,0.32883687289053537
2010-11-05,-0.027887774532134983,1.4171206696834393,-2.256297279241195,-0.041317502854635056,0.7244217730557345
2010-11-08,-0.3816528692234223,-0.3148601350049017,-2.3549807199863895,0.6499250593027074,-1.2577114298843493
2010-11-09,0.7968362545599444,-0.254948041006002,0.39405798648635915,-0.4340689586258543,0.5328891082190401
2010-11-10,-0.08671223706479701,-1.160816654101323,-2.4677617951237187,1.2469072720749534,-1.013437320557756
2010-11-11,-0.8527937818546867,0.10674461790355899,-0.9875101839460826,0.7284753504569468,0.5338157782064564
2010-11-12,2.263756219995692,-1.6658985289866735,0.15439820181947153,0.27288366176234485,-0.7889449548638852
2010-11-15,2.8816381392350543,-1.2170918337483743,-1.1989746998286066,0.49282447699420623,0.01778553784248244
2010-11-16,0.4347085240713753,0.13821952840426596,-0.19804265798471415,0.5242445934559199,-0.7371746452487865
2010-11-17,-0.027887774532134983,-1.5431533179800103,-1.8474658818683132,0.5242445934559199,-1.1400906514456468
2010-11-18,1.2976299728651612,1.2399066349387027,2.339531532605479,-0.26125831808654104,1.208112294058464
2010-11-19,-1.122407543348583,0.19932008615447355,0.3799603520941617,0.47711441876337174,0.7187513810226921
2010-11-22,0.1452296685407523,1.1124882312496462,-0.3813119050828744,-0.16699796870142256,-0.5643893728333595
2010-11-23,1.811748498206704,-1.1563643252906746,-2.1294185697116994,-0.009897386392943767,-0.7711006228885734
2010-11-24,0.2584140075707468,-0.9923791106028163,-2.2140043760646653,-0.37122872570247173,-1.7952364716592824
2010-11-26,-0.027887774532134983,0.0009455569701906099,-0.0006757764943564026,-0.009897386392943767,0.007014271406772265
2010-11-29,0.8291804050663563,-2.3809803784527825,-2.721519214182741,1.3725877379217408,-1.9274981164126495
2010-11-30,1.2809638328058415,-0.24600056122029032,-2.0871256665351696,0.06865290476131795,-0.6737773852486025
2010-12-01,-1.9649869419940005,-0.7256251287814106,1.6487474473892738,-0.8111103561662393,0.8193815200553864
2010-12-02,-1.9215478726565962,1.0515917544103992,0.563229599192322,0.7127652922260899,-0.1574648592349768
2010-12-03,-1.6452282376811587,1.8308529719208653,1.282208953192922,-0.6382997156268813,0.4454112560569344
2010-12-06,-1.4220191808999632,1.8198646890907832,0.4786437928393562,-1.2981221613225546,0.4337930006636221
2010-12-07,-0.08613483476678177,0.41212568934232,1.1694278780555611,-0.4497790168567111,1.3270073230570634
2010-12-08,1.5982464599972015,-1.6471345120758532,-2.2985901824176933,2.032410183617414,-0.058293842271670074
2010-12-09,0.26145416144511063,1.115907076882008,0.19669110499597003,-0.08844767754720548,-0.46147247341717074
2010-12-10,0.2611409868671836,-0.24307863664003596,0.42225325527069146,-0.21412814339397065,1.1496197899023304
2010-12-13,-0.027887774532134983,-0.15166945303395915,0.32356981452549693,0.6185049428410161,-0.9066976917012808
2010-12-14,-1.2439164569847767,1.6299494781456878,2.367726801389811,-1.0467612296289797,1.0510140155298087
2010-12-15,1.76526161362205,0.1223889846562855,-1.0579983559069135,0.6027948846101593,-2.030208616995365
2010-12-16,0.375355862901014,-1.4290990333095268,-1.7205871723388177,0.6342150010718729,-0.5840369809148506
2010-12-17,-0.027887774532134983,0.6863838071189429,0.3094721801333308,-0.5911695409343555,-0.4755050813360701
2010-12-20,-0.08545674028008642,-0.4406035773873911,-1.593708462809322,-0.025607444623800574,-0.1137453016739645
2010-12-21,-0.7196851733380278,1.27815166050419,0.112105298642973,-0.3240985510099013,-0.9499192548900085
2010-12-22,-0.7793629767479303,0.13747020505026045,-0.6068740553575646,0.1314931376846782,-0.18035441832916088
2010-12-23,-0.6654073638206611,0.6069784014447128,-0.6773622273183953,-0.009897386392943767,-0.7879369956048746
2010-12-27,0.7253811215480664,0.0009455569701906099,1.0143538997417334,-1.2981221613225324,0.007014271406772265
2010-12-28,0.08781138091181831,0.0009455569701906099,0.8310846526435106,-0.7011399485502862,0.007014271406772265
2010-12-29,-0.3172297105093806,1.4053028513295147,-0.8324362056322233,-0.33980860924078043,0.15071381662282923
2010-12-30,-1.304730073598647,0.9636167907433151,2.029383575977792,-1.3452523360150805,0.43767196920540496
2011-01-03,-1.3693285930033205,0.0009455569701906099,0.9579633621730375,-0.009897386392943767,0.007014271406772265
2011-01-04,0.9642611084762259,-1.0672036959331481,1.0284515341338996,1.011256398612213,1.9094401731474135
2011-01-05,2.061043190372873,-1.2827984213087689,-2.9329837300652652,-0.11986779400887446,-0.14646060668594474
2011-01-06,0.6071509232971349,-0.7112321791647391,-1.7205871723388177,1.8595995430780563,-1.2017890611461621
2011-01-07,0.31786149248508544,-0.5152926143597548,-1.833368247476147,0.16291325414639182,-0.43384465145085693
2011-01-10,0.3749213797736901,0.3806180458848705,-0.8183385712400885,-0.009897386392943767,0.822059552497182
2011-01-11,-0.7187902209820142,-1.7037092146998896,0.6337177711531841,-0.402648842164163,0.6222357275330973
2011-01-12,-0.951880553152842,0.03147009626632373,0.3517650833098293,0.35143395291658425,0.32508184535578294
2011-01-13,-0.20149292524791856,1.5080785206144658,3.185389596135575,-0.3555186674716149,1.8207721067726406
2011-01-14,0.9543857537082853,0.2589934547453152,2.113969382330789,-0.5440393662418074,0.8660888083100214
2011-01-18,1.2953453266485664,-0.3786127532847265,0.3094721801333308,-0.3869387839333062,1.5769863917733944
2011-01-19,-0.8901218029315683,1.4256237037173278,1.9025048664482962,-0.4497790168567111,0.007014271406772265
2011-01-20,1.1211400163581162,-1.013830150726438,-0.4799953458280689,-0.13557785223973126,-0.02537909560468587
2011-01-21,0.6591631531609315,-1.5962448697193838,0.6901083087218801,1.3725877379217408,-0.6524630900536426
2011-01-24,-0.7149387022252014,0.3058223030020248,0.704205943114015,-0.41835890039501983,0.14768862123396503
2011-01-25,-0.31468153702295293,1.1870414853490532,0.3517650833098293,-0.5440393662417851,-1.6531000619465348
2011-01-26,-0.027887774532134983,0.0009455569701906099,1.197623146839925,-0.6068795991652123,0.7677625408366673
2011-01-27,0.20157187145568925,0.07681918045347688,0.49274142723149106,0.14720319591555733,1.1118545528986727
2011-01-28,0.9451219810500053,-1.0630185346254892,-0.08526158284735345,0.8855759327654255,-0.3932585961163491
2011-01-31,1.1691910960952512,0.45738785356672346,-0.25443319555337884,-1.0624712878598142,-0.3504681343592079
2011-02-01,-0.8253437964217124,1.7140634083676696,0.8874751902122066,-0.05702756108549187,2.3709254966965543
2011-02-02,-1.0567001855330505,1.328376761518908,0.676010674329714,-0.8268204143970738,0.9941642185457622
2011-02-03,-0.027887774532134983,-0.30023295697793084,-0.8183385712400885,0.21004342883893995,0.14622329131857853
2011-02-04,0.02937257662271483,1.218873360003196,-1.6078060972014883,-0.10415773577803998,-1.0226223146591105
2011-02-07,-0.3143123934200681,-0.7653266970039208,-1.1002912590834433,1.0112563986122352,-0.15420822077047538
2011-02-08,-1.1766684087573913,0.16638400203170328,1.155330243663395,0.08436296299215244,0.20047015110219296
2011-02-09,-0.37348788306643627,-0.1945823154974574,0.168495836211669,0.08436296299213011,-0.6598959124898478
2011-02-10,1.409171159144466,-0.8880398679102824,-0.6068740553575646,0.27288366176234485,-0.03606666084164907
2011-02-11,1.002026859481713,-1.254094403030085,-1.1284865278677758,-0.009897386392943767,-0.7371746452487865
2011-02-14,-1.5168203927999655,0.7425013722077075,-1.1848770654364404,1.0269664568430696,0.15816878210588556
2011-02-15,-0.3151752111578488,0.04628801127965535,0.9861586309573698,0.13149313768470053,1.2885512798435454
2011-02-16,-0.027887774532134983,-0.6799049554537381,-0.0006757764943564026,0.7284753504569468,-0.6168694123535013
2011-02-17,-0.43061014454269003,0.5608677717857864,0.7042059431140463,-0.27696837631737553,0.5986620994069549
2011-02-18,-1.1818811287744229,1.3736644300325975,0.9438657277808713,-0.4811991333184024,0.9510641072215302
2011-02-22,0.08773623532251912,-1.3415367154034712,0.5632295991923533,-0.33980860924078043,-0.5826446330050723
2011-02-23,-0.027887774532134983,-0.27129256691050224,0.9015728246043727,-0.3555186674716149,1.0140455027622668
2011-02-24,0.9529001903143554,0.8471063738359096,0.5914248679766856,-1.0781813460906486,-0.9463603815268129
2011-02-25,-0.027887774532134983,0.8898867635562346,-0.15574975480818434,-0.3555186674716149,-0.6267879624138267
2011-02-28,-1.1242997492332796,0.43692834549069454,1.014353899741702,-0.402648842164163,1.487231770997555
2011-03-01,-0.37506049505315253,-0.10423422821517002,-0.12755448602385197,0.35143395291658425,0.46665069799983144
2011-03-02,-0.027887774532134983,-0.9623953955459067,-0.2262379267690465,-0.009897386392943767,0.42324382959521056
2011-03-03,-0.9558944308004506,0.9191982761873563,0.5773272335845194,-0.15128791047058807,-0.409215286781666
2011-03-04,0.1463593093584726,-0.20955498343205756,1.5077711034675807,0.7756055251494949,0.14582605819061387
2011-03-07,0.7837652715871902,-0.1795999798596365,1.0002562653495672,0.03723278829960434,0.32708737119821485
2011-03-08,-0.6073881030629029,-0.059260210273708,-1.8333682474761783,-0.19841808516313617,-1.4254802935348032
2011-03-09,-0.08590703528989316,-0.8280995028412786,0.42225325527069146,0.9327061074579736,0.3925824274913556
2011-03-10,0.4938323131206745,-0.2708718389094243,-1.5655131940249898,-0.05702756108549187,-0.5286402267755069
2011-03-11,0.5506082198873484,-0.27111597412137123,-0.6209716897497307,-0.009897386392943767,-1.9082571421337797
2011-03-14,-0.37483496052422643,0.6655539655908281,2.466410242135006,-0.9839209967055526,1.2029020409564544
2011-03-15,0.6655564063403717,-1.6936617463974406,-0.9029243775930855,-0.5597494244726642,-0.9406580333324649
2011-03-16,-0.5478020154169164,-0.8194970539596064,0.9438657277808713,-1.6123233259395122,0.7073082149719637
2011-03-17,0.3188341697697712,-1.769036851306409,0.7464988462905449,-1.5298455202275867,0.5122943079623189
2011-03-18,-0.8955382072819204,2.166233291724266,1.7756261569187695,2.2484234842915893,0.3505149240642118
2011-03-21,-0.25973814428470826,1.2443092573174543,0.9015728246043727,-0.009897386392943767,1.1311818309354493
2011-03-22,-0.4921932974416326,0.0009455569701906099,0.23898400817249987,-0.6382997156268813,1.1799038088973792
2011-03-23,-0.08598277021151801,1.2542962338040604,-1.0579983559069448,0.2257534870697744,-1.1231387451270163
2011-03-24,-1.1341009089340248,0.42259550984495964,-0.11345685163168581,-0.15128791047058807,-0.9239767538920168
2011-03-25,-0.7289172209163871,1.172456373879952,-0.183945023592548,0.05294284653046114,-0.8410521598227007
2011-03-28,0.7314778045990908,0.7943947006314891,-1.1707794310442743,1.1369368644590228,-1.3617272537427365
2011-03-29,-0.6702872341466007,-0.058864940893898814,0.4786437928393562,-0.05702756108549187,0.09343149470027395
2011-03-30,0.5561755523353572,1.03102507485361,0.33766744891766315,1.1840670391515484,0.7297157904659886
2011-03-31,-0.7289172209163871,0.1350458758940724,1.6487474473892738,1.0426765150739266,0.4375923438691181
2011-04-01,-0.027887774532134983,0.1647653657731794,-0.9311196463774492,0.508534535225063,-0.4882075264550533
2011-04-04,-0.027887774532134983,0.5959082141404698,1.3949900283302514,1.0898066897664747,1.0287955213599238
2011-04-05,-0.027887774532134983,-0.8472305249532215,-1.0439007215147473,0.22575348706979675,0.9822970455908486
2011-04-06,-2.673261989274011,0.4178902414496571,1.8884072320560987,1.5453983784610765,0.8829469305236469
2011-04-07,0.09024257315293023,1.6186079074500015,-0.24033556116121269,-0.009897386392943767,0.2841791454969802
2011-04-08,-0.027887774532134983,0.8434515350290245,1.66284508178144,-0.27696837631737553,0.08158883969217184
2011-04-11,-0.1460181222172002,0.6202433995621068,0.46454615844719,-0.6854298903194294,0.1028667510676188
2011-04-12,-0.027887774532134983,-1.8607594129848042,0.5068390616236885,-1.266702044860841,-0.9957299198333192
2011-04-13,1.6212004185159252,0.5932035723156757,0.32356981452549693,0.06865290476129562,0.10317693555847131
2011-04-14,-0.027887774532134983,0.8281661464280015,-1.297658140573801,-0.7482701232428343,0.2846325807247989
2011-04-15,0.20686709472982304,-0.14660681841979983,0.6901083087218801,0.25717360353148805,0.5507769018254213
2011-04-18,-1.498503048817643,0.5759938155653075,-2.4677617951237187,-1.1096014625523622,-0.7930016612717004
2011-04-19,2.3796886244997517,-1.475731990655984,0.3799603520941617,-0.7954002979353825,0.23124870356879557
2011-04-20,-1.7873954357368402,1.7720967246854156,3.002120349037383,0.5713747681484456,0.8702441508892595
2011-04-21,-0.4990544544903348,2.725925695228208,0.9720609965652036,-1.2981221613225324,1.8841418189705001
2011-04-22,-0.027887774532134983,0.0009455569701906099,-0.0006757764943564026,-0.24554825985568426,0.007014271406772265
2011-04-25,0.8548688858681719,0.0009455569701906099,-0.0006757764943564026,0.5242445934559199,0.007014271406772265
2011-04-26,0.7933938597206888,0.0009455569701906099,0.46454615844719,-0.6540097738577381,-0.6173009345723075
2011-04-27,-1.143097502949173,0.9620115261296576,0.7183035775062124,-0.4497790168567111,0.9060111875154573
2011-04-28,-0.43993139780868057,1.306595274351941,1.7756261569187695,0.869865874534591,0.8189212268749319
2011-04-29,0.26649396246651796,-0.3611707628422979,0.9297680933887051,-0.009897386392943767,0.007014271406772265
2011-05-02,-0.4990544544903348,0.56565808710025,-0.3249213675142097,-0.8896606473204787,0.007014271406772265
2011-05-03,0.20779948400478343,-0.2885190982927653,-0.8042409368479223,-0.009897386392943767,-1.8098435173832905
2011-05-04,1.440463261584077,-1.3050794561178156,1.43728293150675,-0.009897386392943767,0.314170495852436
2011-05-05,-0.14505918781505533,-1.2815246464312626,-0.9593149151617502,-0.009897386392943767,-0.10945369315654867
2011-05-06,1.1998552920772643,-0.6276963547202835,-4.41323534124287,-1.580903209477821,-0.7246620558900617
2011-05-09,-0.49493406165036735,1.009064578215069,-1.4668297532797951,0.14720319591553502,-0.6733514741174481
2011-05-10,0.14735032423438846,-0.26171872281222996,-0.5504835177888998,-0.4811991333184024,-0.344444863198094
2011-05-11,-0.2615641373654159,1.7042061330706446,-0.014773410886522578,0.9327061074579959,1.5056356692795072
2011-05-12,0.5559201680799636,-3.635510916965521,-2.876593192496569,0.30430377822401383,-2.334771338987779
2011-05-13,0.6710011214768287,0.7786360109757305,1.7897237913109356,-0.24554825985566192,0.03907947939151214
2011-05-16,0.9011278059885482,-1.703774195229531,-1.9320516882213417,0.06865290476129562,-0.9136442823962698
2011-05-17,-0.027887774532134983,0.76631689727583,0.39405798648635915,0.6185049428410161,0.9597343700646259
2011-05-18,0.030068524466306045,0.36822530884261206,0.7887917494670433,-0.009897386392943767,-0.96715246737927
2011-05-19,-0.6080175846880518,0.1477328565322632,0.5350343304080208,0.39856412760911003,0.3178302602832356
2011-05-20,-0.31842598901358016,0.35294513034230457,-0.3954095394750719,0.02152273006876985,0.3602832202762521
2011-05-23,1.999272515040101,-1.586283763353096,-3.059862439594761,0.46140436053251493,-1.1507962678478914
2011-05-24,-0.20104263627038318,-0.14644169070637006,0.9720609965652349,-0.27696837631737553,0.4471161013131813
2011-05-25,0.72164038800258,-1.2547499944821987,-0.28262846433771116,0.28859371999317934,0.6819261780216274
2011-05-26,-0.5465677302651406,2.1986826368681194,1.3949900283302514,-0.009897386392943767,0.8723800891814687
2011-05-27,-0.48978392703705104,1.0718971206768508,1.3667947595459191,-1.580903209477821,1.0929522266913647
2011-05-31,-1.0700845958466696,0.3668411217759093,1.691040350565741,-0.24554825985568426,0.9723073581443208
2011-06-01,-0.8413068221744252,0.5708615584850818,0.32356981452552824,0.7756055251494949,-0.9051544454924385
2011-06-02,0.2629035496274963,-1.8588878721510838,0.7324012118983474,-0.6382997156268813,-0.37570582930352997
2011-06-03,-0.5515403705550149,0.661248671404622,0.39405798648635915,-0.465489075087568,-0.7706629131119652
2011-06-06,-0.7860923694542868,1.0982621823292797,1.5218687378597469,-0.6540097738577381,1.0930346228873413
2011-06-07,0.0888993021544263,-0.8765895035323665,0.7887917494670433,-0.05702756108549187,0.21946752347595355
2011-06-08,-0.7879183709411356,-0.14555776637733656,-0.6209716897497307,-0.4340689586258543,-0.6095437770191798
2011-06-09,0.6153557451903044,-1.32078270565431,0.08391002985864064,0.14720319591553502,0.38986489435940164
2011-06-10,-0.027887774532134983,0.251047541242193,-1.8051729786918147,0.03723278829960434,-1.2605149597329606
2011-06-13,0.8467728390640022,0.0009455569701906099,-1.8615635162605106,0.6970552339952555,-0.025014342902562398
2011-06-14,-0.6106764095816357,0.5592514863323673,1.3245018563694204,-0.5283293080109506,1.285316333713843
2011-06-15,-0.5534872486018656,1.0413465917161633,-2.1999067416725304,0.5713747681484456,-1.549022333686186
2011-06-16,1.2550891911412891,-2.6436775269920516,-2.876593192496569,0.5870848263793248,-1.4072781275646047
2011-06-17,0.14658700892897963,-0.07284680507191908,2.565093682880169,-0.5283293080109506,0.597169152016865
2011-06-20,0.3207201686955543,0.3107527469824996,-0.4940929802202351,-0.6697198320885949,-0.14308927190760953
2011-06-21,-0.4927995726415865,0.28097452928064265,1.944797769624795,-0.009897386392943767,0.32856647498407243
2011-06-22,-0.5518828885525214,0.45727990297259496,0.33766744891766315,0.08436296299215244,-0.7760728483477161
2011-06-23,0.6124111943700138,-0.6322190716072305,-2.6087381390453808,0.32001383645487064,-1.5117380021871378
2011-06-24,0.03024516280145251,-0.1464919078284642,0.112105298642973,0.03723278829960434,0.2768967160729429
2011-06-27,0.9005221883530148,-1.6997634402367152,-0.21214029237684903,0.30430377822403615,-0.2196695380748653
2011-06-28,-0.3176692968249099,0.29740779296516984,0.788791749467012,0.1000730212229869,-0.42527158953280186
2011-06-29,-0.6665162151245098,1.758921745824944,2.3113362638211465,0.44569430230168045,0.7522915407494418
2011-06-30,-1.309744965477167,2.567810611063025,0.39405798648635915,-0.5440393662418074,-0.10087437505358646
2011-07-01,-0.8146104022979038,-0.34979729935365744,0.49274142723152237,0.17862331237724863,0.12568950174461724
2011-07-05,-0.5292054044276177,-0.584529890724162,-0.3813119050829057,0.005812671837890716,0.9976106344824154
2011-07-06,-0.733082673598683,0.8056828784790272,-2.0166374945743386,-0.009897386392943767,-1.0590968863074794
2011-07-07,0.20738417600642672,0.01555737364163368,-1.0016078183382486,0.11578307945386604,-0.28444756141973404
2011-07-08,-0.5575414620693496,0.614006249508384,-0.07116394845521859,0.5399546516867543,-0.20907869987062494
2011-07-11,0.20764357179580153,-0.7875034726939196,-2.6228357734375467,-0.8268204143970738,-0.14434986879574196
2011-07-12,1.8489213329750012,-1.6556277186037545,-1.142584162259942,-0.9525008802438836,-1.5763814950928356
2011-07-13,-0.612974876673624,0.5443615344472633,1.3808923939380853,-0.47727161876071617,1.5255146932559625
2011-07-14,-0.3795563678349719,1.2602668539697564,1.817919060095268,-0.009897386392943767,1.9044028579193935
2011-07-15,-0.027887774532134983,-0.37922763937438736,-0.7901433024557248,-0.009897386392943767,-0.10044886843476217
2011-07-18,0.20660940548778156,-1.4657220324313158,-1.4245368501032967,-0.009897386392943767,-0.390957515334203
2011-07-19,0.08928363875078538,0.17732108650008918,1.6205521786049102,-0.009897386392943767,0.469468879733613
2011-07-20,-0.790422593766938,1.45213835800024,0.6619130399375478,-0.009897386392943767,0.24332460827036012
2011-07-21,-0.20416700631871465,0.3370984517287909,0.21078873938813622,-0.009897386392943767,0.3503835913407209
2011-07-22,-0.3219453382056829,1.6325538749994888,2.3818244357820086,-0.009897386392943767,1.4723332640879032
2011-07-25,0.20738417600642672,-0.3770381214517814,-0.15574975480821562,-0.009897386392943767,-0.31320490825505704
2011-07-26,-0.7932807372227064,1.466631546438596,1.282208953192922,-0.009897386392943767,1.3282274495301198
2011-07-27,-2.04011892395936,1.8483171099941256,-0.35311663629854206,-0.009897386392943767,-0.15247960428768406
2011-07-28,1.0392996224516642,0.0441084893986541,-2.6228357734375782,-0.009897386392943767,-0.6851751787853402
2011-07-29,0.1495628776423357,-1.455599267183344,-0.0006757764943564026,-0.009897386392943767,-0.5159209838533638
2011-08-01,-0.6791174759622156,0.0009455569701906099,2.184457554291651,-0.009897386392943767,1.6047721121720249
2011-08-02,1.0369354438333107,-0.4330441043286731,-3.454596202575445,-0.009897386392943767,-1.5266583051324356
2011-08-03,0.8562328209534648,-2.601529714426016,1.832016694487434,-0.009897386392943767,1.2750247499761946
2011-08-04,0.20738417600642672,-1.286728637585731,-1.0016078183382486,-0.009897386392943767,-0.6742288335216033
2011-08-05,2.1969175900493934,-2.664899964801745,-1.0439007215147786,-0.009897386392943767,-0.419603934298296
2011-08-08,0.9033551800241008,-2.49460232609842,0.9861586309574011,-0.009897386392943767,1.359293963961615
2011-08-09,1.1894608177134263,-1.9743679858067862,0.5914248679766856,-0.009897386392943767,-0.5991086034664673
2011-08-10,0.20336025601600316,2.52764192100306,1.4090876627224176,-0.009897386392943767,-1.1664102432950265
2011-08-11,0.3186092203482802,-1.1177689933937145,-3.1585458803399553,-0.009897386392943767,-0.9138199071732097
2011-08-12,0.5486099592842281,0.29967365361607773,1.507771103467612,-0.009897386392943767,1.2163254823218852
2011-08-15,-0.027887774532134983,2.0690066805552525,0.8310846526435419,-0.009897386392943767,0.32719691860174527
2011-08-16,-0.7198345575257065,0.5638658132175707,0.7183035775061811,-0.009897386392943767,0.7101329336747354
2011-08-17,0.6640590084614366,0.3411529372797879,1.6487474473892738,-0.009897386392943767,0.772049112524173
2011-08-18,1.350649922014842,0.22261425727508816,-1.52322029084846,-0.009897386392943767,0.5158813757976008
2011-08-19,-0.027887774532134983,-2.47616416760474,0.2248863737803024,-0.009897386392943767,0.1446738105885174
2011-08-22,1.9129382090588154,0.8189993599956178,0.39405798648635915,-0.009897386392943767,-0.16242244498026556
2011-08-23,-1.5107781319194113,1.009312770573723,0.6901083087218488,-0.009897386392943767,0.3246242482457296
2011-08-24,0.4292638827435557,0.29688643874727855,-0.40950717386720675,-0.009897386392943767,-0.11998659021341229
2011-08-25,2.0196645955577726,-0.6505064600828591,-0.12755448602388328,-0.009897386392943767,-1.5427837951592167
2011-08-26,-0.48154453530986574,0.7559086130416867,-0.31082373312204353,-0.009897386392943767,-0.5043834543292419
2011-08-29,-1.0514421875597881,1.990341719709396,1.197623146839925,-0.009897386392943767,0.007014271406772265
2011-08-30,0.8253464584339034,0.7637593555840321,-1.198974699828638,-0.009897386392943767,0.060328367534362375
2011-08-31,-0.027887774532134983,0.2352715487930247,0.676010674329714,-0.009897386392943767,-0.387750077567872
2011-09-01,-0.027887774532134983,0.17657116875983478,-2.3267854512020256,-0.009897386392943767,-0.8698528954006283
2011-09-02,-0.7102569190702748,-0.013686022090640739,-0.4236048082594042,-0.009897386392943767,0.1248020240806588
2011-09-06,1.2784583108453502,-2.8362633746735186,-2.1999067416725304,-0.009897386392943767,-1.248359745072501
2011-09-07,-0.6518647153714805,1.283185306179543,-0.8888267432009194,-0.009897386392943767,-1.2431984327437549
2011-09-08,0.8792337656140284,0.0009455569701906099,0.1121052986430043,-0.009897386392943767,-0.15505857333367984
2011-09-09,1.1016978632759238,0.2655602196644603,-3.200838783516454,-0.009897386392943767,-0.20922855054162778
2011-09-12,3.276818303887722,-4.067209404845436,-2.270394913633361,-0.009897386392943767,-0.9355856354347678
2011-09-13,0.6948018318969454,0.06051200236121357,-0.15574975480818434,-0.009897386392943767,-0.38395500368316765
2011-09-14,3.8849650042340405,-1.9110147322536966,1.1835255124477275,-0.009897386392943767,-0.3736176293163675
2011-09-15,0.13618820395545445,0.0009455569701906099,0.9297680933887051,-0.009897386392943767,0.5071668018381671
2011-09-16,-2.0585716792024966,1.942684676875593,-0.4940929802202351,-0.009897386392943767,-0.19946243415782974
2011-09-19,1.7292801310256551,-1.820941831632822,-1.6782942691622877,-0.009897386392943767,-0.8967483984423268
2011-09-20,2.3152446562947127,-0.4787461597653171,0.9720609965652036,-0.009897386392943767,-0.3203643323784533
2011-09-21,-1.8242680762087673,1.303336705366542,-1.0439007215147786,-0.009897386392943767,-0.44102164719942877
2011-09-22,5.00399632542729,-3.7718597783680967,-2.651031042221879,-0.009897386392943767,-2.71841170796704
2011-09-23,4.489656519492933,-4.06461630890134,-0.25443319555337884,-0.009897386392943767,0.18364914944638236
2011-09-26,-0.2915205796233823,-1.3510603069298432,0.9861586309574011,-0.009897386392943767,0.9765239294016189
2011-09-27,-2.359148702158544,3.324025703828794,1.1130373404868965,-0.009897386392943767,0.611261448196413
2011-09-28,-1.468576344122872,-0.5478326896601301,0.7324012118983474,-0.009897386392943767,1.1132550539418598
2011-09-29,0.07909686094833729,-0.6864283264153885,-0.2262379267690465,-0.009897386392943767,-0.3539513508051277
2011-09-30,-0.027887774532134983,-0.41222873059248755,-1.5796108284171246,-0.009897386392943767,-0.4969258163221933
2011-10-03,2.579935379599065,0.0009455569701906099,-2.481859429515885,-0.009897386392943767,-0.8055754742559178
2011-10-04,-1.036063693428986,-4.332917459185457,-2.0589303977508373,-0.009897386392943767,-1.581017215883355
2011-10-05,-0.24062122261835264,0.6836654279803461,2.1985551886838173,-0.009897386392943767,1.0336450356522702
2011-10-06,-0.027887774532134983,1.5006191956023085,-0.9593149151617815,-0.009897386392943767,0.05108630864893052
2011-10-07,-0.29404313055122083,2.1677278691612556,2.325433898213313,-0.009897386392943767,0.5243429572092434
2011-10-11,-0.6143650218480244,2.8964221711934677,2.4382149733506737,-0.009897386392943767,1.389208759422038
2011-10-12,1.0906351689899956,-0.8647950043025138,2.240848091860316,-0.009897386392943767,1.2953066777083402
2011-10-13,-1.1997907575299005,4.2901190504339155,-0.5504835177888998,-0.009897386392943767,-0.5272368134306255
2011-10-14,0.23890578006879334,-0.10404673732154403,1.1271349748790627,-0.009897386392943767,0.5739415908392583
2011-10-17,-0.9895946240459373,1.6466318886413978,-0.43770244265157043,-0.009897386392943767,-0.21089918979451328
2011-10-18,1.3068828071722633,-1.494762920744132,-1.4104392157111305,-0.009897386392943767,-0.06929543125480697
2011-10-19,0.18505772844908427,1.7203746673082096,2.1421646511151526,-0.009897386392943767,0.6604251425882656
2011-10-20,-0.027887774532134983,-2.0935675130413456,-0.2967260987298774,-0.009897386392943767,-0.12354625783186297
2011-10-21,4.666750581595844,0.5858738377818635,-0.12755448602388328,-0.009897386392943767,0.35504080089590523
2011-10-24,-1.0756962470069862,2.715774795200224,0.8169870182513757,-0.009897386392943767,1.1459543979466222
2011-10-25,-1.1325296685751516,1.0682628554297862,0.8733775558200404,-0.009897386392943767,0.9795833372840957
2011-10-26,-0.027887774532134983,-1.3932480100211422,0.12620293303517047,-0.009897386392943767,-0.27360410551300546
2011-10-27,-0.027887774532134983,1.676166270929867,1.5641616410362456,-0.009897386392943767,0.30920705988200664
2011-10-28,-4.4927263254496586,2.577166779299797,1.7192356193501046,-0.009897386392943767,0.976150250832001
2011-10-31,0.2399762729938862,-2.2797390153012227,-2.2421996448490287,-0.009897386392943767,-0.8974084224818896
2011-11-01,1.0942162434633462,-0.7976660927230877,-5.273191039165069,-0.009897386392943767,-1.3009295769043163
2011-11-02,0.8770412270409073,-1.4835478108889921,2.565093682880169,-0.009897386392943767,0.9588502501506234
2011-11-03,0.609044302245037,-1.5806011418287138,-0.5081906146124013,-0.009897386392943767,0.28762185697040954
2011-11-04,-1.5697488528823493,1.9988842616669422,-0.0006757764943564026,-0.009897386392943767,0.08251455541037221
2011-11-07,-0.027887774532134983,-0.20717889744245765,-0.4377024426515391,-0.009897386392943767,0.33035706140466536
2011-11-08,1.566982464604999,-0.6540923785288845,0.6478154055453503,-0.009897386392943767,0.02855721769107012
2011-11-09,2.0838958419561435,0.44771594098406675,-2.185809107280364,-0.009897386392943767,-0.9424432106131175
2011-11-10,-0.027887774532134983,-3.125338112118323,-0.24033556116121269,-0.009897386392943767,-0.6096937682303673
2011-11-11,2.5885710043623193,0.21137298151367717,0.4786437928393562,-0.009897386392943767,0.1261336781452495
2011-11-14,-1.0713969046780014,2.052450364093255,0.12620293303513916,-0.009897386392943767,0.23428374817436662
2011-11-15,2.469717151016451,-1.9153616288732054,-1.7910753442996485,-0.009897386392943767,-0.8272084435694189
2011-11-16,1.72722080236311,-1.248170709828426,-0.6773622273183953,-0.009897386392943767,-1.0256502782907253
2011-11-17,-0.955625754331579,0.21200134196224152,-0.0570663140630211,-0.009897386392943767,-0.25447173617137997
2011-11-18,3.2051909688416655,-1.5552719139731657,1.3526971251537214,-0.009897386392943767,1.4747140234103313
2011-11-21,1.8528176151438829,-0.2718373701136836,-1.6641966347701216,-0.009897386392943767,-2.432495232855931
2011-11-22,4.890367654649067,-2.0833250589520476,1.084842071702533,-0.009897386392943767,-0.02580205968682017
2011-11-23,-3.028297392320906,-1.0848925202675692,-2.0871256665351696,-0.009897386392943767,-0.7817310366087473
2011-11-28,-0.6320365539250766,1.0104434373653242,-0.5504835177888998,-0.009897386392943767,-0.09173493668945748
2011-11-29,-0.2800204026369866,1.44812954218229,-0.1698473892003818,-0.009897386392943767,0.5223219435280687
2011-11-30,1.1801835636055398,1.3504841757361472,1.1553302436634263,-0.009897386392943767,-0.13542300442797836
2011-12-01,-2.652318202166208,3.5357033669588582,1.0425491685260344,-0.009897386392943767,1.1226622865394693
2011-12-02,-1.5537984786063925,-0.49294218602253204,0.26717927695683225,-0.009897386392943767,-0.18954280391913408
2011-12-05,0.17607148425668784,-0.13389097561398094,-0.9734125495539163,-0.009897386392943767,-0.6053784678568038
2011-12-06,-0.027887774532134983,-0.5690268858754951,-0.6773622273184267,-0.009897386392943767,-0.08057959090889051
2011-12-07,0.2777593171209842,1.3491463825926533,-0.24033556116121269,-0.009897386392943767,-0.2668928891583148
2011-12-08,1.6469462509131352,0.0457824040408369,0.46454615844719,-0.009897386392943767,1.1447151546323533
2011-12-09,2.2391787800396865,-2.0684494535793054,-0.3672142706907082,-0.009897386392943767,0.07251035865410001
2011-12-12,0.9235692630325273,0.5271317225234167,-1.8756611506526768,-0.009897386392943767,-1.1632997215150733
2011-12-13,4.826502515048699,-1.097565266069002,-0.9875101839460826,-0.009897386392943767,0.09468338030585295
2011-12-14,0.8542208709909894,-1.1469580942175734,-2.6510310422219105,-0.009897386392943767,-1.299898308735918
2011-12-15,3.1818067918236315,-1.8508868484569632,0.3658627177020268,-0.009897386392943767,0.062049222574636693
2011-12-16,-7.031647603009036,1.3681456659113553,0.6337177711531841,-0.009897386392943767,0.3150107165330336
2011-12-19,0.7154558805430695,-1.153173259078092,-0.35311663629854206,-0.009897386392943767,-0.2569619818668915
2011-12-20,-0.027887774532134983,0.4418519865107454,0.49274142723149106,-0.009897386392943767,1.4448729071500173
2011-12-21,-1.4171406487300418,3.0243289302958716,-0.28262846433771116,-0.009897386392943767,0.4773817933149977
2011-12-22,0.46910408042585494,-0.8425644294396648,-0.09935921723951963,-0.009897386392943767,0.09443759820389662
2011-12-23,-0.32597187609420186,1.3254087303772684,0.14030056742733665,-0.009897386392943767,-0.08040905539035208
2011-12-27,0.8158211314173703,0.0009455569701906099,0.1684958362116377,-0.009897386392943767,0.007014271406772265
2011-12-28,1.553074603053142,-0.20937750441230482,0.06981239546647447,-0.009897386392943767,-0.06950348513132833
2011-12-29,0.7099785324393748,-0.8267403096055422,-2.6087381390453808,-0.009897386392943767,-3.2920801726477866
2011-12-30,-0.4703628494048913,0.8286314235459235,0.7042059431140463,-0.009897386392943767,1.000821020144218
2012-01-03,-0.224778951442793,2.0677825810203436,1.0566468029182006,-0.009897386392943767,1.6555782960971177
2012-01-04,-0.47142443076779067,0.8803077835981135,-0.9311196463774178,-0.009897386392943767,-0.15740704244194584
2012-01-05,-1.80943835545729,-0.4458687616042058,-1.6360013659858206,-0.009897386392943767,-0.8275373912141982
2012-01-06,-0.027887774532134983,-1.52317205648008,-0.7901433024557248,-0.009897386392943767,-0.2350303598798279
2012-01-09,-0.2762680794709615,-0.7639987003007229,-0.6773622273184267,-0.009897386392943767,-0.6100429471177199
2012-01-10,-2.5244808159760828,2.1110969935202317,1.1271349748790627,-0.009897386392943767,0.22754762597396117
2012-01-11,-2.446778637138062,-0.40198969974070203,-1.2694628717894374,-0.009897386392943767,-0.8208808772665024
2012-01-12,0.3767853797653552,0.18009406812527473,0.25308164256466603,-0.009897386392943767,-0.3912445511077926
2012-01-13,-2.057414143504025,0.358925033870283,0.49274142723149106,-0.009897386392943767,-0.24772506017183954
2012-01-17,-1.867744101197706,0.8494550992237266,0.26717927695683225,-0.009897386392943767,0.4941399255980603
2012-01-18,-2.087151086207141,0.34265469909197727,0.5773272335845194,-0.009897386392943767,-0.01510947087585922
2012-01-19,-1.999007557935716,-0.07330625500807851,1.1271349748790627,-0.009897386392943767,0.7803094380990446
2012-01-20,0.18028502617807762,0.09004554744945277,-0.12755448602385197,-0.009897386392943767,0.2936963788833528
2012-01-23,-0.49650499907485296,1.3195269658573725,1.6205521786049415,-0.009897386392943767,1.1288707921975774
2012-01-24,-1.4386940026020247,0.060073073349369115,-0.19804265798471415,-0.009897386392943767,-0.04787429589594618
2012-01-25,0.23393560813306066,0.2816437526622152,-0.8606314744165869,-0.009897386392943767,0.11678067322100662
2012-01-26,-0.027887774532134983,0.0009455569701906099,2.86114400511569,-0.009897386392943767,1.1788353165562229
2012-01-27,-1.9714873696783075,1.5034212631473656,-0.0006757764943564026,-0.009897386392943767,0.28010053658620343
2012-01-30,-0.8198813751292762,-0.38133130677834115,-0.4940929802202351,-0.009897386392943767,-0.025742053556723477
2012-01-31,0.9222230594939438,0.7063110695918186,0.9297680933887364,-0.009897386392943767,0.9553989199648335
2012-02-01,-0.819411859412985,-0.39562041559823047,-0.014773410886553881,-0.009897386392943767,-0.06917409570389703
2012-02-02,-2.150161187330424,1.5402387846189978,-1.142584162259942,-0.009897386392943767,0.5290339198523021
2012-02-03,-0.9349866569880815,-0.48198996382474996,0.9297680933887364,-0.009897386392943767,-0.058185109204948474
2012-02-06,-1.5286829944695834,0.5277461513989291,-1.664196634770153,-0.009897386392943767,-0.6240285410651497
2012-02-07,1.2590238564078626,0.8769157031419904,1.000256265349536,-0.009897386392943767,0.5402296039195247
2012-02-08,0.7732938843421929,0.20497461045158757,2.2690433606446483,-0.009897386392943767,0.6910916090171552
2012-02-09,1.1428475054572598,0.11747191557153479,0.19669110499600134,-0.009897386392943767,-0.5031711146504967
2012-02-10,1.8241314654008234,-1.2686919867346875,-1.3963415813189644,-0.009897386392943767,-0.0473153902959056
2012-02-13,-1.7206582392928147,0.39554080091798477,0.9156704589965389,-0.009897386392943767,-0.3083053381085821
2012-02-14,0.0251740530816043,-0.9059282894556306,-1.1989746998286066,-0.009897386392943767,-0.5592750866185155
2012-02-15,-0.45267791634859994,0.8640008630999245,-1.0861936246912771,-0.009897386392943767,-0.4293717952615575
2012-02-16,-0.027887774532134983,-0.7888740278461961,-1.5514155596327923,-0.009897386392943767,-0.2551434397096006
2012-02-17,-0.24053651886732713,1.301587459994075,2.4946055109193384,-0.009897386392943767,1.6197660758237769
2012-02-21,-0.720168031769985,-0.699830384154151,0.8874751902122066,-0.009897386392943767,-0.2865136660892755
2012-02-22,0.8770412270409073,-1.0532675678388188,0.112105298642973,0.26895614720465855,-1.1046478835158484
2012-02-23,-0.027887774532134983,-0.08707137389711408,0.9861586309574011,0.2257534870697744,0.17077041681777874
2012-02-24,-0.9861435154910828,1.3477361199759776,1.5782592754284117,0.5556647099176111,0.944042977947003
2012-02-27,-0.13457321206275588,-0.7156214128179841,-0.3390190019063759,0.9327061074579959,0.7131635443215095
2012-02-28,0.45186139518908197,1.2866323064847816,0.9297680933887051,-1.4238026271693422,-0.16664230932520788
2012-02-29,-1.0951699570420075,0.5689980568931619,-0.15574975480818434,0.6185049428410161,1.0148935671149435
2012-03-01,1.092646705808528,-0.7712833453044047,-1.8474658818683445,0.8541558163037342,0.05028283693182827
2012-03-02,1.034934112429213,0.43829802314207245,-1.3399510437502684,0.42998424407082364,-0.4801421303440556
2012-03-05,2.3481069610029524,-1.1082428746137984,0.04161712668214212,0.14720319591553502,-0.9263545846302267
2012-03-06,1.1783941297743845,-1.5088084741230834,-0.9452172807696153,-0.27696837631737553,-0.48261630100414554
2012-03-07,2.7830186708666815,-1.103143819782571,-0.46589771143587144,-1.0938914043215056,-0.4180242957726465
2012-03-08,-0.027887774532134983,0.9286508455974153,1.7192356193501046,0.9012859909962823,0.791198759635655
2012-03-09,-2.8911281047798503,0.8231939952189059,-0.7196551304949252,0.49282447699422854,-0.09088904527940156
2012-03-12,-0.44692849855781264,-1.8375094167708022,-1.0157054527304148,0.9641262239196648,-1.6954256918303932
2012-03-13,-0.5000959375257387,0.29584921210756154,-0.8747291088087531,0.16291325414639182,0.12739712565332367
2012-03-14,0.23455317689897665,-0.0874953970737473,0.06981239546647447,1.2469072720749756,0.6190731254321482
2012-03-15,1.645654070298855,-1.1807412801340929,-0.07116394845518728,1.2940374467675015,-0.26606136515809337
2012-03-16,0.44091227161017776,1.0204235485880735,0.8310846526435419,-0.6854298903194517,0.596525129179409
2012-03-19,-1.018543852674815,1.0611031194341156,0.4786437928393249,-0.041317502854635056,1.4753966114293504
2012-03-20,0.6503264037842614,-0.5581196406853066,0.676010674329714,-0.009897386392943767,-0.32949093087232395
2012-03-21,1.7378020472419706,-1.1498522182594055,0.3799603520941617,0.19433337060808312,0.08303459219923688
2012-03-22,1.6233400358712116,-1.4363010432833705,-0.8183385712400885,-0.5754594827034987,-0.5690810848070502
2012-03-23,-0.027887774532134983,0.03064846594166928,1.0566468029182319,-0.9367908220130268,0.31151387551208265
2012-03-26,2.021891214373181,0.8018251037243808,0.4786437928393249,-0.025607444623778248,0.5824855563841173
2012-03-27,-2.0776667634374513,0.9769314393764802,0.8028893838592095,0.25717360353148805,0.8734214813293409
2012-03-28,0.023548929197640036,-1.3307253983885794,0.0557147610743396,0.16291325414639182,-0.41502512142131753
2012-03-29,1.1524300636554783,-0.8306141037146062,-0.917022011985283,-0.5283293080109506,-0.4156607354291015
2012-03-30,0.023312234557209613,0.46155527606365043,1.1835255124477275,-0.7954002979353825,1.4458358648908023
2012-04-02,-0.027887774532134983,-0.16241644144597053,-0.5222882490045362,1.3254575632291927,0.3413213181801139
2012-04-03,-3.1173975159421206,0.14946010468376247,-0.05706631406305241,-1.8165540829405615,-0.24098185858095225
2012-04-04,2.497881211977497,-1.7561831202491414,-2.4395665263393553,1.5611084366919332,-1.550658083060311
2012-04-05,-0.027887774532134983,0.3144013995831263,-1.0439007215147786,-0.9525008802438613,-0.5358726445902229
2012-04-06,-0.027887774532134983,0.0009455569701906099,-0.0006757764943564026,0.005812671837913042,0.007014271406772265
2012-04-09,1.1494885930001313,0.0009455569701906099,-0.0006757764943564026,-1.2352819283991499,0.6041321652504735
2012-04-10,-0.4368214633127866,0.20973605887464747,0.6478154055453503,0.44569430230165813,-0.611840957478448
2012-04-11,1.756591922209753,-0.4317088716475404,0.23898400817249987,-1.6280333841703691,1.1567792579399112
2012-04-12,-0.5874403390161652,1.341654143382228,0.3094721801333308,0.39856412760913235,0.3531895241244871
2012-04-13,-0.12975069645673457,0.25352555996194254,-0.07116394845518728,-0.041317502854635056,-0.3391609813109426
2012-04-16,1.1919102197690075,-0.9659404877448938,-1.74878244112315,-0.7639801814736911,-0.9797617259463546
2012-04-17,-0.1800581537591844,-0.1928025591007831,1.5218687378597469,-0.13557785223973126,1.285903777126674
2012-04-18,-0.688296634993867,1.2506753403747193,-0.5504835177888998,1.4982682037685284,0.32042752556800547
2012-04-19,1.9484590809885651,-0.7125542695131283,-0.09935921723951963,0.17862331237724863,0.524999390335628
2012-04-20,0.5269089331959396,-0.2670507631937532,1.4936734690754145,0.19433337060808312,0.8359569868146286
2012-04-23,1.1284303029408598,0.04562807930548656,-0.8606314744165869,-0.5283293080109506,-0.2403356516556702
2012-04-24,2.7667339212708715,-1.1479974938461988,0.42225325527069146,-0.24554825985566192,0.7054849149858944
2012-04-25,-1.5213684381528587,0.0009455569701906099,0.6337177711531841,0.42998424407082364,-0.5516231085029006
2012-04-26,0.37119116630679855,1.7747528347210841,0.12620293303513916,-0.4497790168567111,0.9303142511657029
2012-04-27,0.5198737438714327,-0.17745558611957088,0.19669110499600134,-0.009897386392943767,0.3926118579377235
2012-04-30,-0.8250037293826186,1.247552690867379,-0.21214029237688034,-0.009897386392943767,0.44552277455171624
2012-05-01,-0.027887774532134983,-1.6921246607717404,-0.0006757764943564026,-2.032567383614759,-0.5492595182662426
2012-05-02,2.0099777714671596,0.04562148912487912,-1.1707794310442743,0.5988673700524729,-0.3358568987388337
2012-05-03,1.5026781323277765,-0.5505186552556259,-0.11345685163168581,-0.009897386392943767,0.06061551158214864
2012-05-04,2.324846798223494,-0.5664700721763803,0.12620293303513916,-0.009897386392943767,0.017733291080806676
2012-05-07,-1.8887569538691478,-1.8129386705410797,-1.3963415813189644,-0.6186621428383604,0.007014271406772265
2012-05-08,-2.3971482405745914,0.6918017347999579,-0.11345685163168581,0.20611591428125364,-0.42206616623214827
2012-05-09,2.9304177390124027,-1.7744239182076977,-1.0579983559069448,-0.21412814339397065,-0.16480175543640535
2012-05-10,-0.6169328220342161,0.46836486019790485,0.1543982018195028,-0.021679930066114277,-0.07893320316335477
2012-05-11,1.4422956780745395,-0.7835229228794759,-0.24033556116121269,-0.009897386392943767,-0.25098619039666165
2012-05-14,0.3139934840760827,-0.6038772176244784,-1.142584162259942,0.25324608897380174,-0.3481240766966077
2012-05-15,0.6058756275893443,-0.2716191873791361,-0.28262846433771116,-0.2612583180865187,-0.15456093076533717
2012-05-16,2.154366102377713,-1.2134294714579632,-1.4809273876719613,0.7913155833803293,-1.440533131917026
2012-05-17,0.45464514785530497,0.6542772081476264,-0.790143302455756,-0.13557785223973126,-0.6218587505617443
2012-05-18,2.324001012298906,-2.13137605825782,0.5491319648001871,-0.6972124339925998,-0.710318175129379
2012-05-21,-0.9853418178018744,0.550692106139668,0.408155620878494,-0.009897386392943767,0.26807462052582176
2012-05-22,0.9295662687376045,1.0822523613141533,0.25308164256466603,-0.009897386392943767,-0.47178202298416144
2012-05-23,4.943186176579429,-2.257425655978812,-1.5373179252406262,-0.009897386392943767,-0.461690818637103
2012-05-24,1.6553976587763064,-0.2902038289719478,-1.4386344844954628,-0.009897386392943767,-0.5499084366552798
2012-05-25,-2.6509371430658044,-0.21376478143487,-0.15574975480821562,-0.009897386392943767,0.06166342601058702
2012-05-29,-0.7348875165900203,1.8364001657012454,-0.3249213675142097,-0.009897386392943767,0.039798657003457596
2012-05-30,1.993857388400079,-1.0377795179091254,-1.1989746998286066,-0.009897386392943767,-1.1317519193014622
2012-05-31,1.8856709707591166,-1.0567084445177024,-0.4940929802202351,-0.009897386392943767,-0.8170884660175188
2012-06-01,-2.3633377370973645,-0.41392640618197923,-1.142584162259942,-0.009897386392943767,-2.0140110510946605
2012-06-04,-1.9110665707347845,-0.3837024508420069,1.6205521786049415,-0.009897386392943767,0.007014271406772265
2012-06-05,0.16102885633095154,1.8275148044205403,-0.1134568516317171,-0.009897386392943767,0.007014271406772265
2012-06-06,-0.31131286385372803,0.5360823233996793,0.7887917494670433,-0.009897386392943767,1.8298943341984166
2012-06-07,-1.6872233634182356,2.0258866409145466,1.5500640066441105,-0.009897386392943767,0.1281196636471517
2012-06-08,0.9689503892640636,-1.6728482834305463,-1.7910753442996799,-0.009897386392943767,-0.7976642507616603
2012-06-11,-0.5970538441929638,0.0009455569701906099,1.0707444373103983,-0.009897386392943767,1.3175680754769628
2012-06-12,3.7906476570207936,0.7020212012802721,-0.7337527648870601,-0.009897386392943767,-0.15784488975191313
2012-06-13,-0.9656715182862725,0.7307768879283144,0.5914248679766856,-0.009897386392943767,0.39153511370526356
2012-06-14,-0.3098663082181163,0.15277266929052696,0.23898400817249987,-0.009897386392943767,-0.3885006256411735
2012-06-15,-0.16898877997491646,0.8951798088532076,0.6337177711531841,-0.009897386392943767,0.11693544333564056
2012-06-18,-0.7816882654578288,1.5858789286015489,0.3094721801333308,-0.009897386392943767,1.2133142132868817
2012-06-19,1.8994825344093953,0.16650730713214734,0.013421857897809772,-0.009897386392943767,0.18204494249791447
2012-06-20,-0.7314105664302266,0.8874175401378577,1.1976231468398937,-0.009897386392943767,0.7387718934830869
2012-06-21,2.5891937626572084,-0.3893834310580507,-0.4799953458280689,-0.009897386392943767,-0.26580652637860036
2012-06-22,2.609845804514361,-1.6107237135122687,-1.8474658818683132,0.8659383599769046,-1.1965579663278876
2012-06-25,-2.1545520175068034,-0.39197342157477455,-0.7196551304949252,-0.19841808516313617,-0.56374888414149
2012-06-26,2.4669083848711506,0.04630838228123395,-0.1839450235925167,-0.6972124339925998,1.0488794250682134
2012-06-27,0.6609946608013895,0.46929739116233427,0.04161712668214212,-0.009897386392943767,-0.1791408478426481
2012-06-28,-1.407434393287044,0.8000025401961801,-0.8465338400244208,-0.009897386392943767,-0.8486957630052486
2012-06-29,-2.855138421984701,1.0980937646797495,2.4241173389584763,-0.009897386392943767,0.6654842076465073
2012-07-02,-0.027887774532134983,0.5405453610106883,0.041617126682173426,-0.009897386392943767,0.7404845105426098
2012-07-03,-7.110171176266967,0.6442103079043082,-0.25443319555337884,-0.009897386392943767,0.07260475180062773
2012-07-05,1.0226751371822047,-0.04388907795614149,-2.101223300927367,0.09614550666532296,-0.9345838888659665
2012-07-06,1.8243761602436726,-0.10369440548577283,-0.6914598617105615,0.05294284653043882,-0.5199058225088975
2012-07-09,2.79689505393374,-1.0474470140051988,-1.1848770654364404,-0.17878051237459308,-0.564934433136701
2012-07-10,-1.0131663373503954,-0.20916908834108933,-0.1134568516317171,-0.009897386392943767,0.4250914132105406
2012-07-11,-2.1041450006189737,0.5709179998158763,-0.35311663629854206,-0.009897386392943767,0.3805561119403019
2012-07-12,1.5308166311925235,-0.6591206550764264,-1.1566817966521081,-0.009897386392943767,-1.2033055792184009
2012-07-13,-0.21633777994508274,-0.10419771922694418,0.09800766425080683,-0.009897386392943767,-0.04812448053015247
2012-07-16,-3.5384179652181205,1.0657103163127022,-0.11345685163168581,-0.009897386392943767,0.9319106138702086
2012-07-17,1.068174060812399,0.8978380364924713,1.4654782002910822,-0.009897386392943767,1.1150712974567916
2012-07-18,0.8741735838015406,0.09048891835004524,-0.6632645929262292,-0.009897386392943767,-0.29973181706858015
2012-07-19,0.16163220970940892,1.340929255568808,0.7464988462905136,-0.009897386392943767,0.8934705578872056
2012-07-20,-1.1194691171073545,0.19400973877287253,-1.227169968612939,-0.009897386392943767,0.17086602224037484
2012-07-23,2.8574564682732633,-1.3232706947194404,-1.3399510437502997,-0.009897386392943767,-1.7127251227581135
2012-07-24,1.1925177265973064,-0.1482051996247456,-0.22623792676901522,-0.009897386392943767,-0.3668056110082904
2012-07-25,1.6527491152458114,-1.2548287367862743,0.6337177711531841,-0.009897386392943767,-0.07001049346351351
2012-07-26,-2.036547084448649,1.659258468702086,1.7756261569187695,-0.009897386392943767,0.8531262416840626
2012-07-27,-2.5719819854449852,1.413047886992218,0.8028893838592095,-0.009897386392943767,1.77886032334946
2012-07-30,0.11408846979803036,0.5639484134494827,-1.00160781833828,-0.009897386392943767,-0.3530112080101726
2012-07-31,1.7169740493708572,0.9172886055238288,0.5350343304080208,-0.009897386392943767,-0.23325955409466673
2012-08-01,-1.5835652854657314,-0.2795747781186516,0.19669110499600134,-0.009897386392943767,-0.6164719738019709
2012-08-02,1.386738418787633,-0.35376765120338677,0.6760106743296826,-0.009897386392943767,-0.8594124068499583
2012-08-03,1.3792838284599045,-0.05821371580191432,-1.4245368501032967,-0.009897386392943767,0.46797916986024884
2012-08-06,-2.8969690851926777,0.0009455569701906099,1.88840723205613,-0.009897386392943767,-0.4429664689043382
2012-08-07,0.11393765851971767,1.4911912287274678,0.8028893838592095,-0.009897386392943767,1.1470258451161077
2012-08-08,-1.6872233634182356,-0.42619694642775846,-1.4104392157111305,-0.009897386392943767,-0.036746806541181204
2012-08-09,0.06720967896114838,0.6193703852746995,-0.4940929802202351,-0.009897386392943767,-0.1024182857705201
2012-08-10,0.7790761303082573,-1.0895089989154287,-0.5504835177888998,-0.009897386392943767,-0.3434569328739088
2012-08-13,0.35101778260315397,0.45823548427838884,1.0848420717025644,-0.009897386392943767,1.0571176256931476
2012-08-14,1.0113387670664153,-0.500634892963305,0.18259347060383518,-0.009897386392943767,-0.0803444258726052
2012-08-15,-0.027887774532134983,-0.5902143992963192,-1.072095990299111,-0.009897386392943767,-0.1568566139090455
2012-08-16,1.617136811913949,0.10448186785588498,0.04161712668214212,-0.009897386392943767,0.13811863345197609
2012-08-17,-1.390187457291335,-0.16177025306801995,0.8169870182513757,-0.009897386392943767,0.039780794677386246
2012-08-20,-0.027887774532134983,-0.3840032656316352,-0.5222882490045675,-0.009897386392943767,-0.03667527646601831
2012-08-21,-0.7824870660517104,0.519031997471851,1.8038214257031018,-0.009897386392943767,0.7052321975303402
2012-08-22,-0.16961284460140616,-0.6505064600828591,0.2812769113489984,-0.009897386392943767,0.3445901278028788
2012-08-23,-1.5443207212697574,1.1695994115424317,1.4654782002911135,-0.009897386392943767,0.9739334587434985
2012-08-24,0.8735325156151543,-1.1528870002071367,-0.6350693241419282,-0.009897386392943767,-0.361977464181727
2012-08-27,0.9648913770141865,-0.8004440797477218,0.32356981452549693,-0.009897386392943767,-0.46034758943987275
2012-08-28,0.8671715948490751,-0.1476928804048605,0.25308164256466603,-0.009897386392943767,-0.1453181580353043
2012-08-29,-0.5457143118505393,-0.013922299093303524,-0.04296867967085493,-0.009897386392943767,0.39855930363783965
2012-08-30,-0.12214603410158839,-0.534783865709017,-0.014773410886522578,-0.009897386392943767,0.24602315500338
2012-08-31,0.30187067367353543,-0.5357330398464051,0.9438657277809026,-0.009897386392943767,-0.04728805884816867
2012-09-04,-0.8766622201178749,-0.37230813819740854,-0.4518000770437366,-0.009897386392943767,0.38691012506806993
2012-09-05,1.6669718074290416,-1.0616097603278825,-0.014773410886522578,-0.009897386392943767,0.28889010331102544
2012-09-06,0.30042271314198776,0.31561084580569315,0.8451822870357081,-0.009897386392943767,0.10452075169538504
2012-09-07,-2.145532866057651,1.420361438469505,0.9579633621730375,-0.009897386392943767,0.18027552324595156
2012-09-10,-0.8844101869449066,0.4478038187468212,0.9861586309574011,-0.009897386392943767,0.7637771059233477
2012-09-11,0.8395009664537473,-0.25219318272821206,0.15439820181947153,-0.009897386392943767,0.46009442702161013
2012-09-12,-1.2676075587855589,2.020156842586109,1.5359663722519443,-0.009897386392943767,0.835766245945942
2012-09-13,0.8369244646128233,0.015742961308593546,0.19669110499597003,-0.009897386392943767,-0.10047768003219223
2012-09-14,-3.4369755479345145,1.5948254181038668,2.607386586056699,-0.009897386392943767,1.4226036960348774
2012-09-17,-3.6607264506674726,-0.6621521196096224,-0.12755448602388328,-0.009897386392943767,-0.0036830940947280844
2012-09-18,1.343245355325432,-1.2111109944221128,-0.4518000770437366,-0.009897386392943767,0.23157336529481115
2012-09-19,-0.027887774532134983,0.2674225194702278,-0.7337527648870601,-0.009897386392943767,-0.5172367205398836
2012-09-20,0.3608514909216785,-1.2000512194252109,-0.6773622273183953,-0.009897386392943767,-0.16438203611877322
2012-09-21,-2.1207032058214406,1.1871442061270998,0.4786437928393249,-0.009897386392943767,0.89499788857091
2012-09-24,-3.023530092437839,-0.6953831581778501,-1.0157054527304148,-0.009897386392943767,-0.7738343877526209
2012-09-25,1.1548189807672868,0.0009455569701906099,0.2248863737803024,-0.009897386392943767,0.1783451829545276
2012-09-26,0.18992407895797545,-1.0242330213944264,-1.227169968612939,-0.009897386392943767,-0.2714515981457277
2012-09-27,-1.6153702884114935,0.9816232270328363,0.4081556208785253,-0.009897386392943767,0.08201303602371474
2012-09-28,-2.7884869642249286,0.6677736982529586,0.788791749467012,-0.009897386392943767,-0.06798449321017021
2012-10-01,0.40689308055812606,0.0009455569701906099,-0.7478503992792263,-0.009897386392943767,-0.48633397924906574
2012-10-02,-0.027887774532134983,-2.3617798665806684,0.7464988462905136,-0.009897386392943767,0.02848223841646701
2012-10-03,-2.271483175115508,-1.3746303506815016,-0.3672142706907082,-0.009897386392943767,-0.36891244395390754
2012-10-04,-1.8313953190445003,0.13578875885259375,0.6619130399375165,-0.009897386392943767,-0.02523146110197927
2012-10-05,-1.8335088335904295,0.6144727956591012,0.7183035775062124,-0.009897386392943767,0.8549185388942315
2012-10-09,3.7839381185219536,-0.5077451199869767,-0.6914598617105928,-0.009897386392943767,-1.8531376156731418
2012-10-10,3.3007693376942457,-0.014028873437906495,-0.9029243775930855,-0.009897386392943767,-0.13326523719672623
2012-10-11,0.11289348851974705,0.7786360109757641,0.4081556208785253,-0.009897386392943767,0.3306304804366554
2012-10-12,-1.8762903962640698,-0.13351191307005603,0.7324012118983474,-0.009897386392943767,0.35179408452464184
2012-10-15,2.0515316142994604,-0.822038356282527,0.013421857897809772,-0.009897386392943767,-0.0899122474572256
2012-10-16,-1.5147228159691684,0.7193101595423711,1.0566468029182319,-0.009897386392943767,0.38376284233193664
2012-10-17,-0.36698509996100614,0.6728686355925781,1.0425491685260657,-0.009897386392943767,0.7804532033079938
2012-10-18,1.052940566157936,1.1472346968676148,-0.02887104527868875,-0.009897386392943767,-0.13247683366338428
2012-10-19,3.6501742557747954,-0.32612322768345425,-1.1707794310442743,-0.009897386392943767,-0.971369567154113
2012-10-22,-0.2427040040845565,-0.5648245798385665,0.39405798648632784,-0.009897386392943767,-0.1545857403023389
2012-10-23,-0.4384719747180396,-0.043765545295316954,-0.8183385712400885,0.1904058560503968,-0.629516772874448
2012-10-24,-0.027887774532134983,-0.11831632377653563,-0.8888267432009194,-0.21020062883628435,0.24453365918572986
2012-10-25,0.17015127861276433,0.7158135194994754,0.7183035775061811,0.36321649658973243,1.42792466700659
2012-10-26,-0.027887774532134983,-0.743745214035325,-1.1989746998286066,0.21004342883893995,-0.37979384391778787
2012-10-29,-0.027887774532134983,0.0009455569701906099,-0.14165212041601816,-0.6029520846075036,-0.5095605797010435
2012-10-30,-0.027887774532134983,0.0009455569701906099,0.9015728246043727,-0.009897386392943767,0.09317613641112443
2012-10-31,2.3444625556257064,0.9686870231984951,0.43635088966282637,-0.009897386392943767,0.587915991290812
2012-11-01,-1.6690117382286382,-0.08825501264087603,-0.25443319555334754,0.23753603074294494,0.5116370830534793
2012-11-02,-0.5905299741188129,0.3575903377094852,-1.7628800755153475,0.36714401114744105,-0.7986667451981089
2012-11-05,1.9834702510504993,-0.48954934938082617,-1.0298030871225812,0.33572389468572744,-1.200458475061455
2012-11-06,2.470353936163162,0.9811424075672931,0.32356981452549693,-0.4497790168567111,0.06103023334598919
2012-11-07,-1.6828885858445097,0.3269742498863928,-0.7619480336714237,-0.1669979687014449,0.16899980753173738
2012-11-08,0.8806213838213575,-0.6069360441351177,-0.14165212041601816,-0.22983820162482746,-0.49003793947635543
2012-11-09,-0.5114301023867021,0.14932188393826232,-0.5927764209653983,-0.16307045414373628,-0.04706622448869022
2012-11-12,2.8230835712173925,0.0009455569701906099,0.5773272335845194,-0.009897386392943767,-0.7403627376119505
2012-11-13,-0.027887774532134983,-0.23649146514093952,-0.5504835177888998,-0.009897386392943767,0.33220537717450954
2012-11-14,-0.027887774532134983,0.7275094321047043,0.4222532552706602,-0.009897386392943767,-0.3941090071332557
2012-11-15,0.09143767524171359,-1.2456615769269979,0.42225325527069146,0.536027137129068,-0.21004806400541745
2012-11-16,0.12715563765253027,-0.6391894110491235,-0.15574975480821562,1.4354279708451458,0.11556642429606459
2012-11-19,-0.14714394694733793,0.7154271040262365,0.23898400817249987,0.5242445934559199,0.4949800441685766
2012-11-20,-0.29760308230194243,0.5357029318391919,0.6619130399375165,-0.3398086092407581,0.24526688524405593
2012-11-21,1.3654897497961966,-0.8610733455756,-0.0570663140630211,0.9169960492271167,0.08277952488246704
2012-11-26,2.287792602315984,1.5597021086179674,2.240848091860316,0.6970552339952555,0.9146054968968247
2012-11-27,0.03098389427354879,0.4300493924013537,-0.04296867967085493,-0.4811991333184024,0.1364308971090947
2012-11-28,-0.027887774532134983,-0.413351470908271,-0.9875101839461139,-0.27696837631737553,-0.48940721074000054
2012-11-29,-2.404815469262093,0.11937396838922341,1.4513805658989474,0.5399546516867767,0.3955927101957418
2012-11-30,-3.2568477290936237,-0.5175209260969591,-0.1134568516317171,0.41427418583996684,0.416597562402596
2012-12-03,0.13797537124828024,-0.2512015753579493,1.0002562653495672,-0.1669979687014449,-0.06839038209027576
2012-12-04,1.8222975542931046,0.3716775757450414,0.49274142723149106,-0.402648842164163,0.7816391879943095
2012-12-05,-1.8396267940548208,0.5635906540720226,-0.3813119050828744,0.22575348706979675,-0.07894965684968393
2012-12-06,-0.5281220697301863,-0.2062231719787133,0.09800766425080683,0.25717360353148805,-0.06822577148150512
2012-12-07,-1.298551701694115,0.25248915702638164,-2.3549807199863584,0.1000730212229869,-0.8866586098757265
2012-12-10,0.6427029975872723,-0.11740188170994682,0.3517650833098293,0.10007302122300923,0.33035706140466536
2012-12-11,-0.14613341664588517,0.14887263196587566,0.8874751902122066,-0.3083884927790668,0.3945345221805243
2012-12-12,-0.2379632204535096,0.6214516096295097,0.6619130399375478,0.27288366176232254,0.5658227763735656
2012-12-13,-0.2236239331685981,0.3844323346677081,0.5209366960158547,1.3254575632292152,-0.13258357821452807
2012-12-14,0.7252721691135141,-0.1464919078284642,0.0557147610743083,0.7756055251494949,-0.10041595980130671
2012-12-17,1.1314879953019743,0.015692533212670164,1.1130373404868965,0.14720319591553502,0.9188631047987684
2012-12-18,1.0260866153203339,0.0009455569701906099,0.25308164256466603,-0.041317502854635056,-0.0036961578341916782
2012-12-19,-0.5663322035957452,-0.3531801772968212,1.7474308881344371,0.5713747681484456,1.0333561385545225
2012-12-20,0.4770851030446776,-0.5162310505634589,-0.790143302455756,-0.16699796870142256,-0.34536755649781464
2012-12-21,1.136366263441081,-0.4578637179024495,-0.5222882490045675,-0.5126192497800938,-0.30302028176341933
2012-12-26,-0.6117660558204753,0.0009455569701906099,-0.0006757764943564026,1.9067297177706044,0.007014271406772265
2012-12-27,-0.5867456236386157,-1.3945462736671284,0.8028893838592095,1.011256398612213,-0.6569693024443086
2012-12-28,-0.024062550262271845,0.34299022621938263,-1.1707794310442743,1.168356980920714,-0.6263031349889252
2013-01-02,-2.228288411885605,1.306083854940203,1.1130373404868965,-0.009897386392943767,1.9347151977571093
2013-01-03,0.09887598891627002,0.0009455569701906099,-2.256297279241195,-0.009897386392943767,-1.2337639131578666
2013-01-04,2.0385767589168022,-0.5026460227761876,-1.2694628717894687,1.7182090190004344,-1.7458151292688113
2013-01-07,0.6034959653379672,0.5637282000116386,0.379960352094193,0.6656351175335418,0.44894158445219723
2013-01-08,1.6355823515440084,0.11929299565032805,0.6619130399375165,-0.8739505890896219,0.4589999041427572
2013-01-09,-1.7653082858318276,0.35571069467078203,-0.4236048082593729,-0.13557785223973126,-0.7574820486723153
2013-01-10,-1.6167944664686609,0.6650123683864018,0.8028893838591782,1.0740966315356177,0.3410645982386621
2013-01-11,-0.4674612938908301,0.501721175512422,2.2690433606446483,1.3411676214600496,0.5557172642927224
2013-01-14,0.43568531763096885,-0.3377238074934295,0.9438657277809026,-0.009897386392943767,-0.3263832006923361
2013-01-15,-0.4746332623981581,-0.20538655416937074,-0.19804265798471415,0.9012859909962823,-0.30523264825338414
2013-01-16,1.3316385247580615,0.2662038944308943,-0.7055574961027278,-2.2564357134043065,-0.13307133589243417
2013-01-17,-0.9056330826660763,-0.8250665864191619,1.2822089531928906,0.7756055251494949,-0.0900090492525965
2013-01-18,-3.390563642659294,0.1486130222105659,-0.6209716897497307,2.189510765925871,-0.9434297567355385
2013-01-22,-2.150350231380632,0.47299827227499586,-0.09935921723951963,-1.4238026271693198,-0.794721689628209
2013-01-23,1.240299932249745,-0.19073714472313558,0.18259347060380388,-0.7954002979353825,-0.11235846818433493
2013-01-24,0.36429836269767196,-0.3237171380423321,0.26717927695683225,-0.1669979687014449,-0.3514088959912295
2013-01-25,-0.027887774532134983,-0.960323027327087,1.6910403505657723,3.053563968622571,-0.6349459294969338
2013-01-28,0.16190852324491226,0.0009455569701906099,-0.35311663629854206,0.8541558163037342,-0.6364177158147392
2013-01-29,-0.9489296250305151,-0.07312468803726437,-0.15574975480821562,-0.5597494244726419,0.37798566931939315
2013-01-30,-0.681363478431924,0.4450955858839101,1.5218687378597782,0.35143395291658425,0.3883850769068269
2013-01-31,-1.3957241146274362,-1.1997573536781194,0.12620293303513916,0.2100434288389176,0.10499734330339881
2013-02-01,0.14322964844629044,-0.05847191388503182,1.3245018563694204,1.7339190772312914,0.5398783623773341
2013-02-04,-1.7578692857373712,0.5649415103446443,-1.297658140573801,0.7598954669186381,-1.1688071055425917
2013-02-05,1.558028030714069,-0.4145285667807451,-0.21214029237688034,-0.6225896573960468,0.268733966389559
2013-02-06,-1.0577844587478107,-0.6977411060038765,-0.28262846433771116,2.3780314646960634,-0.9538201742121232
2013-02-07,0.26325122037310594,-0.5204019342566887,0.4081556208785253,-0.6697198320885949,0.6079211790053509
2013-02-08,2.0599735488474797,-0.4615698994170391,-2.4254688919472205,0.46140436053253725,0.3451411543820624
2013-02-11,0.5088742634505518,0.20991095977215926,0.23898400817249987,-0.009897386392943767,-0.6368680798194439
2013-02-12,1.3321532932866325,-0.7460223335128557,0.6619130399375478,0.8855759327654255,-0.8136184871587075
2013-02-13,-0.5555911869936109,1.6120948204167742,0.5914248679766856,-1.4552227436310334,-0.4426148045369756
2013-02-14,0.0767630637283361,-0.10322146811083831,-2.1576138384960317,0.22575348706979675,-0.6632820354554223
2013-02-15,0.5408897325262509,0.20924379771831816,-0.02887104527868875,-1.5494830930161296,-0.19108436771334714
2013-02-19,-0.027887774532134983,-0.5349681643091058,0.33766744891766315,2.032410183617392,-0.26835490292618797
2013-02-20,0.27545065769242755,0.44760614237360946,0.2953745457411646,-0.13557785223973126,-1.8394151570971025
2013-02-21,2.044978835382688,-1.7746966591347282,-2.5946405046532144,-0.41835890039501983,-0.5148375764299904
2013-02-22,-0.28310672998973807,1.0914386285960913,-0.0006757764943564026,-0.2612583180865187,0.04035297139026108
2013-02-25,-1.891620669107878,-0.47659560481675955,1.66284508178144,1.482558145537694,-1.4413075977476815
2013-02-26,0.0836733385921608,-0.10361700333727178,-3.2008387835164225,-2.759157576791479,0.18567313481649336
2013-02-27,-1.1431669336974224,-0.9117734616479602,0.2812769113489984,-0.9053707055513132,-0.17164459200294882
2013-02-28,-0.32754648692220467,0.9136645755883415,0.4504485240549925,0.8541558163037342,0.7432501700093171
2013-03-01,3.401660463621755,-0.642160390489409,-1.8192706130839809,0.1786233123772263,-1.9381529444852876
2013-03-04,2.70296688319193,-1.6203443016976355,0.09800766425080683,1.5611084366919332,0.34335122603118834
2013-03-05,-1.9393806292977227,1.756952013566128,0.3799603520941617,-0.402648842164163,1.2256569530776225
2013-03-06,-0.027887774532134983,0.0009455569701906099,0.013421857897841075,-0.2769683763173532,-0.7302472714430225
2013-03-07,0.39067349766765885,0.15056042983730464,-0.35311663629857337,1.4354279708451234,-1.1699080724418844
2013-03-08,-1.641490659750257,-0.14866931589692342,1.1271349748790627,1.3097475049983582,0.6016967058785956
2013-03-11,-0.5595583842536415,-0.29850606689217557,-1.3540486781424346,1.8124693683855082,-1.8597990554211123
2013-03-12,0.18066099115152262,0.9133490906715074,0.8310846526435106,0.6185049428410161,0.09726654780657967
2013-03-13,-1.1231367093989528,0.4188352287162618,-1.0157054527304148,-1.1096014625523622,1.0091182106539571
2013-03-14,1.5759807612868473,0.8796160352578949,-0.6209716897497307,0.22575348706979675,-0.2853654099280148
2013-03-15,-1.3871723083666958,0.10502565901958288,2.099871747938623,0.30430377822403615,2.39335251614908
2013-03-18,0.6055353251944261,-0.17749937628975868,-2.2140043760646964,-2.2093055387117806,-0.5513392721855667
2013-03-19,-0.16314972133348396,0.34287271679903314,0.21078873938816753,1.1212268062281658,0.08525067214710276
2013-03-20,0.524804722393209,-0.10307837802518027,0.013421857897809772,-0.009897386392943767,0.018189119905362663
2013-03-21,-0.4960335259512524,-0.117982699543265,-0.4940929802202351,0.6656351175335642,0.8104362643941714
2013-03-22,0.23283071214619036,0.8769457587730356,0.5350343304080208,-1.5494830930161296,0.2075109137829874
2013-03-25,-1.1692036107678903,0.2825088972952784,-0.1839450235925167,-0.11986779400889679,0.1405991690529112
2013-03-26,0.8164785332772381,0.17864028172691238,-1.0439007215147786,-1.2352819283991499,-0.8066120595851091
2013-03-27,-0.027887774532134983,0.06015397495553076,-1.3117557749659674,0.8227356998420429,-0.518078313501817
2013-03-28,0.5309722500019926,-0.5916600618535667,0.5209366960158547,-0.7168500067811207,0.28644113749838607
2013-03-29,-0.027887774532134983,0.0009455569701906099,-0.0006757764943564026,-0.1669979687014449,0.007014271406772265
2013-04-01,-0.027887774532134983,0.0009455569701906099,-0.0006757764943564026,-0.2612583180865187,0.007014271406772265
2013-04-02,-0.2922111635018555,0.4603159568222136,0.49274142723152237,-1.329542277784246,0.8102127187375763
2013-04-03,0.23257876013520926,0.0009455569701906099,-0.1698473892003818,0.7441854086878036,-0.9414514254317761
2013-04-04,1.2106693814421983,0.07497235795658475,-0.14165212041601816,0.41427418583996684,-0.6084113003228715
2013-04-05,1.094109018010642,-0.6362769286717025,1.7756261569187695,4.781670374015928,1.8826407557880223
2013-04-08,-0.7878212468786782,-0.7119595400082656,1.1130373404868965,2.7393628040055913,0.917966267471239
2013-04-09,-1.2777624258754536,0.8918150745087303,0.23898400817249987,1.168356980920714,-0.103919258074649
2013-04-10,0.32191710699016646,1.0960884170146008,0.6478154055453503,-0.2769683763173532,0.14012924587751033
2013-04-11,-0.027887774532134983,0.1929273029491894,0.46454615844719,0.6185049428409937,0.9481087985976662
2013-04-12,-0.46822575958968776,0.5172155215249185,-0.9452172807696153,-0.16699796870142256,-0.18095234465637103
2013-04-15,0.8544635443752107,-1.5949559182903135,0.4081556208785253,-1.329542277784246,-0.38037267868210783
2013-04-16,-1.4574616099579336,-1.2312737535709537,0.6760106743296826,-2.507796645097904,-0.35872668963209825
2013-04-17,-1.9007655665334955,-0.08832511476447273,-0.0006757764943564026,1.9538598924631527,-0.5702738314364102
2013-04-18,0.3970463497964191,-0.7589192588998092,-1.1848770654364404,-0.7482701232428343,0.02923963135353265
2013-04-19,-0.027887774532134983,0.4630513147060227,0.9861586309574011,0.6813451757643987,1.0496257879583069
2013-04-22,0.6346302630654814,-0.6999425084048064,-1.1002912590834433,2.39374152292692,-1.2356888758511524
2013-04-23,0.6151244130568492,-0.7913679888416798,-0.6632645929262605,-1.580903209477821,0.01813421643590015
2013-04-24,-0.027887774532134983,0.2702656427818409,0.2248863737803337,1.3254575632292152,0.4292460336074149
2013-04-25,-0.6466985404195905,0.0009455569701906099,1.0425491685260657,-0.18270802693227936,1.8109942749152148
2013-04-26,0.5619482482688177,0.8223875020711101,-1.142584162259942,-1.1724416954757673,0.19449340107256588
2013-04-29,-0.10758453273449432,0.04568747853774683,1.606454544212744,-0.009897386392943767,0.7226935708580715
2013-04-30,-0.3082228622186128,0.8349173160755037,-0.5786787865732321,-1.4080925689384853,-0.40014862493442704
2013-05-01,-0.027887774532134983,-0.013926678969886416,-0.0006757764943564026,-1.0467612296289575,0.9305337922895681
2013-05-02,-0.027887774532134983,-2.028511569054556,1.6769427161736061,-0.05702756108549187,0.061889959863668575
2013-05-03,-2.3763428227040686,0.5992574703202943,-1.0861936246912771,-0.009897386392943767,-0.2015704521158672
2013-05-06,1.0141010640289383,0.284730249876155,-0.09935921723951963,-0.009897386392943767,-0.17974566165416872
2013-05-07,1.5589135227652031,-1.4506440968594592,-0.0006757764943564026,2.7393628040055913,-0.0369473096012222
2013-05-08,-0.5936935885183839,-0.0890723531866998,0.39405798648632784,-0.11986779400887446,-0.3339216683997891
2013-05-09,0.3663685743441848,0.750278675717267,0.09800766425083812,-0.041317502854657386,0.7433567564612206
2013-05-10,1.4174066697207308,-2.4940126815746537,-2.171711472888198,3.226374609161907,-1.8650987933000267
2013-05-13,1.7627844023595538,-1.1330697894600774,-0.21214029237688034,1.466848087306837,-0.30253513806796767
2013-05-14,-1.4044454705800231,-0.10511280890707106,0.0557147610743396,-0.7011399485502862,-1.0457943076920293
2013-05-15,0.7199248488587099,-1.4725557939673124,-1.593708462809322,1.1997770973824053,-0.8046779597060439
2013-05-16,-0.08150716235107794,-0.4714826940972758,0.36586271770199547,-0.10415773577801765,0.08494961369349045
2013-05-17,0.5183343427269015,-1.5433871493669704,-0.2967260987298774,0.2257534870697744,0.4297146223433732
2013-05-20,0.6893030375298868,0.1695227751500295,-0.22623792676901522,0.8384457580728997,-0.5604403735819843
2013-05-21,-0.015021703008938403,0.8424272507247178,0.18259347060380388,-0.5440393662418074,-0.5057935653595113
2013-05-22,2.261430040747364,-0.8558574622699007,0.8028893838592095,0.14720319591553502,-0.6632767866020796
2013-05-23,2.1787227969401526,-2.398721746661499,-0.4940929802202351,0.7756055251494949,-0.04891564619023837
2013-05-24,-1.8308656749464847,1.1108470080240778,0.7183035775062124,-1.266702044860841,0.35360022163925275
2013-05-28,0.6072461653535405,-0.5689124894068154,-0.014773410886522578,-1.0624712878598142,-0.10474088978045991
2013-05-29,2.3181095921334562,-1.6995860706276333,0.19669110499597003,1.0426765150739266,-0.44045191487188
2013-05-30,-0.6981433383568143,2.086633843851207,-0.11345685163168581,-1.7380037917862998,0.9681861320787979
2013-05-31,1.8190615509660353,-0.3842111023130018,0.8733775558200404,-0.27696837631737553,0.6756551513279574
2013-06-03,0.3350577485822725,-0.21495628071503062,0.02751949228997595,-0.92108076378217,0.4407781467904955
2013-06-04,0.28870632193311474,1.5090367646345508,1.1835255124477275,-1.1253115207832192,0.45120497479259764
2013-06-05,-1.0420339376423684,-1.784960037745599,-0.35311663629854206,0.8541558163037565,0.7494623020945522
2013-06-06,2.034408749705534,-2.697811986871995,0.7183035775062124,-1.5651931512469865,0.9902235747347022
2013-06-07,-0.6030057642319037,0.9498012481060834,2.0011883071934595,-4.408713691030595,1.4040830275124514
2013-06-10,4.727334934483742,0.0009455569701906099,-0.7196551304949252,2.7393628040055913,-0.37731098928434625
2013-06-11,5.116899543687591,-1.5092883929727257,0.9015728246043727,-0.16699796870142256,-0.003974187418122838
2013-06-12,-2.946929434044892,0.17258821036826658,0.0557147610743396,-2.759157576791479,1.3335040610990259
2013-06-13,0.602078656124368,0.7021090060338174,0.5350343304079895,-2.602056994483,0.11636155424451172
2013-06-14,-3.069918796432159,1.8318809195816075,-0.1698473892003505,-0.16699796870142256,-0.27737732854265706
2013-06-17,-0.07335114405546882,0.6808444130295148,0.4786437928393562,-0.009897386392943767,0.6956207801928656
2013-06-18,3.2280955742292874,-1.7171938748165485,0.5209366960158234,0.24146354530063124,-0.9662723120036134
2013-06-19,1.2849250050752603,-0.44954801041014975,0.45044852405502384,1.0740966315356177,0.22602456975896074
2013-06-20,4.209018054998601,-3.83192753405512,-2.9047884612809014,2.39374152292692,-2.036408059753305
2013-06-21,-1.569864367999218,-0.1092809333756944,-0.28262846433771116,0.25717360353148805,0.3045647981572986
2013-06-24,1.663620979964309,-0.48768305055543454,-1.3258534093581336,1.8753096013089132,-1.3842618321351872
2013-06-25,-0.027887774532134983,0.7886670843928884,0.6760106743296826,-1.031051171398123,1.0456032627708571
2013-06-26,0.49832688209311493,0.268304911448668,-1.5514155596327923,0.6027948846101593,-0.9873010595750866
2013-06-27,3.1745880656118173,0.7702518510629761,0.112105298642973,-0.6225896573960468,-0.813181178714238
2013-06-28,-3.908310059566212,-0.6740549252000448,0.676010674329714,1.7496291354621256,-0.5818996862208251
2013-07-01,-0.027887774532134983,-1.274666897800297,-0.6068740553575646,0.8227356998420429,-0.08198584273539405
2013-07-02,-1.2846331507910227,-0.34644674716789076,-0.28262846433771116,0.30430377822401383,-0.31584794341976086
2013-07-03,2.987164320449789,-1.4084943731971165,-0.8183385712400885,1.7182090190004344,0.6745948254304315
2013-07-08,4.070527919943133,-0.5074265398225423,-1.5373179252406575,1.011256398612213,-3.887244978132164
2013-07-09,-4.239958061453942,1.3652655982077697,0.09800766425083812,-0.4811991333184024,-0.5569719570976299
2013-07-10,0.2277670669230289,0.8229120271809071,-0.6209716897497307,0.14720319591555733,0.4921106237540142
2013-07-11,-2.181272804230377,1.66961665855939,3.2558777680963744,-3.9374119441051363,2.3976470320950023
2013-07-12,1.0882511281966367,-1.9678009122874247,-0.14165212041604947,0.5870848263793024,-0.02651561444756845
2013-07-15,0.6509356079274399,-0.9961735461677379,-0.31082373312204353,-0.009897386392943767,-0.6084113003228715
2013-07-16,-2.923775650269317,1.3770578474263608,1.4936734690754458,1.4354279708451458,0.566547796553141
2013-07-17,-0.16145457759224352,0.33217606066819505,0.25308164256466603,-0.9525008802438836,1.3231072306416534
2013-07-18,1.5146679269901526,-0.567100114327745,-0.6068740553575959,0.5399546516867767,-0.026369372800772145
2013-07-19,0.33692735733723217,0.03253161179011648,0.42225325527069146,1.7967593101546515,0.38512991378818945
2013-07-22,-1.7331652417317316,0.6634930114511519,0.6055225023688517,-1.4238026271693198,0.8946937607630389
2013-07-23,1.2047928247907818,0.5519635769909462,0.19669110499600134,-0.716850006781143,0.17314205545353373
2013-07-24,-0.027887774532134983,-0.07770996149220678,0.9297680933887051,0.021522730068747525,0.04022803099673867
2013-07-25,-3.3307360111613447,-1.402550908392817,-0.6209716897497307,1.1997770973824275,-0.7578984351484003
2013-07-26,-0.15354563675729443,1.6875063549493672,0.8169870182513757,-1.5651931512469865,1.3691034803450193
2013-07-29,1.676810710766039,-0.21919272702738257,0.14030056742730534,-2.3664061210202596,-0.15874066947664492
2013-07-30,2.3134253270405116,-2.923150259672978,0.19669110499600134,0.49282447699422854,-0.8454056257129481
2013-07-31,5.5630748294808585,-0.5554512139534188,-0.12755448602388328,-0.10415773577803998,-1.2931973519810223
2013-08-01,-1.6349588227580265,-1.0829843504082395,-0.5504835177888685,0.44569430230165813,-0.3384980817582034
2013-08-02,0.23666934530313222,-0.9586949271075212,-0.46589771143590275,1.8281794266163651,-0.20496180430396957
2013-08-05,0.052032994220879356,0.0009455569701906099,0.760596480682711,-0.7011399485502862,2.252498899700381
2013-08-06,3.0363519784040487,1.0883087079688911,0.32356981452549693,-1.7065836753246084,0.11771152073412036
2013-08-07,-0.6327933756908919,-0.3184621443168842,0.3517650833098293,-1.031051171398123,1.0013296023886311
2013-08-08,-1.2246287666719522,1.9599903037704904,0.7746941150748772,-0.9996310549364094,0.7009448885908225
2013-08-09,-0.027887774532134983,0.6036260053831177,0.18259347060380388,-0.19841808516313617,0.2379437119464077
2013-08-12,-1.3747224259716122,1.3447212824918005,-1.311755774965936,-0.60687959916519,-0.5651586741390391
2013-08-13,2.688108006649914,-1.2002655227488053,0.14030056742730534,1.8910196595397701,-0.29053625534375405
2013-08-14,0.3213175020502879,-0.44280942390319344,-0.6632645929262292,1.2311972138440965,0.3376065028730838
2013-08-15,-0.027887774532134983,1.0617064886482699,0.760596480682711,-0.4340689586258543,1.0513279495118921
2013-08-16,1.2653590732669693,-0.29949009230433266,0.6055225023688517,-0.6382997156269036,0.7083675018994382
2013-08-19,2.201257648529002,1.0905804058595607,0.0557147610743083,0.10007302122300923,0.09456031674930389
2013-08-20,5.757529622344566,-2.468187218564964,0.6760106743296826,0.11578307945384372,0.12734551054401458
2013-08-21,-1.156427707085774,-0.36480171718552185,-0.11345685163168581,-0.3555186674716149,0.05075829714800574
2013-08-22,7.9714046624646935,-0.7318765218524736,-0.8606314744165869,1.1212268062281658,-0.9898530958870181
2013-08-23,-2.989957025504368,0.28791319833182416,0.4504485240549925,1.215487155613262,0.32508184535578294
2013-08-26,-1.8770221980798838,0.49453121265883077,0.08391002985867195,-0.4497790168567111,0.007014271406772265
2013-08-27,5.773696407381938,-1.2904446724470726,-0.3249213675142097,-0.8739505890896219,-0.9482719160714325
2013-08-28,10.548944812656956,-0.5587705324227206,0.12620293303513916,-1.5966132677086777,-0.5765395129309456
2013-08-29,-2.561946281771608,0.7842588154467377,-1.142584162259942,1.1055167479973091,0.4915595058973101
2013-08-30,-4.463390950348768,-0.4144377835275518,-0.43770244265157043,0.7441854086878036,-0.059010838507481816
2013-09-03,1.2073217444710254,1.3727374132669785,-0.8888267432009194,2.07954035830994,0.8202403949239022
2013-09-04,0.5277268716725841,1.0177971276018012,-0.014773410886522578,-0.13557785223973126,0.4127453716490322
2013-09-05,-3.926154514854292,1.0143950353786804,0.4363508896628577,0.17862331237724863,0.039885694629159196
2013-09-06,-0.3586832865889358,-0.4736867329451721,-1.1989746998286066,0.14720319591553502,-0.541346068310575
2013-09-09,-0.027887774532134983,0.9494675953684001,1.084842071702533,-0.21412814339397065,1.1901332068468764
2013-09-10,-7.074243959492581,1.3239062362135707,0.6478154055453816,0.03723278829960434,0.32385600802156855
2013-09-11,-1.311345729556117,0.22087833897307751,0.39405798648632784,1.1369368644590228,0.7594441724207085
2013-09-12,-1.0014623328543601,-0.6278579600259707,0.3094721801333308,-1.4709328018618903,0.44228361162163093
2013-09-13,0.4741813308440266,-0.2194444182587742,0.06981239546647447,0.30430377822403615,0.01788736024765041
2013-09-16,-5.46146978083031,1.399273392253717,0.8733775558200717,-0.009897386392943767,1.2221422732938347
2013-09-17,3.702177276702544,-0.1715322756752232,-0.014773410886553881,-0.7639801814736911,-0.22042184130466025
2013-09-18,-0.9961172128405337,0.5807082884200955,-0.0570663140630211,0.005812671837913042,0.688770420445304
2013-09-19,-5.903656320965556,2.27789077627931,2.7201676611940284,-1.5023529183235815,1.2472351014133596
2013-09-20,2.070394407215974,-0.6523143187545327,-0.43770244265157043,1.9381498342322958,-0.6070188593272585
2013-09-23,1.1391473672400387,-0.3418012696963184,-0.08526158284735345,-0.009897386392943767,0.3088124613417932
2013-09-24,0.5537227126649247,-0.32658404651988554,-0.4940929802202351,-1.219571870168293,-0.7480905881831071
2013-09-25,0.13817401960564404,-0.4675690736288669,0.4363508896628577,-0.16699796870142256,0.6328167870457553
2013-09-26,-2.0143846799521135,-0.07721071599449882,-0.07116394845518728,0.46140436053251493,0.19017501475939066
2013-09-27,-1.7864089044774172,-0.2649367119467505,0.5350343304079895,-0.041317502854635056,0.3407058519981403
2013-09-30,4.047688266375832,-0.7824164846944102,-0.4518000770437053,-1.8636842576331096,0.7054046939298665
2013-10-01,-1.7985615903478231,1.362694037896769,0.6901083087218488,0.9641262239196872,0.8320957662927171
2013-10-02,-0.027887774532134983,-0.42101128500788165,-0.5504835177888998,-0.5126192497801161,-0.29273478486724214
2013-10-03,-1.8069867341681125,0.3448065763462211,1.1130373404868965,-0.6382997156268813,0.14622329131857853
2013-10-04,-2.285355371167572,0.8121596074121084,-0.014773410886522578,-0.6382997156269036,-1.7865617521102897
2013-10-07,1.554936662827953,0.0009455569701906099,-0.2967260987298774,-0.21412814339397065,0.24395031973963197
2013-10-08,-0.40035086751110177,-0.13930150107119568,0.0557147610743083,-0.5911695409343555,0.136167855177624
2013-10-09,0.9436820302346179,0.0009455569701906099,-0.8606314744165869,0.9484161656888304,-1.1791242208180763
2013-10-10,0.9097103542382002,-0.5763088641614939,0.23898400817249987,0.47711441876337174,-0.360626887224534
2013-10-11,-4.210733824146298,1.1387990254321088,0.4786437928393562,0.9641262239196872,0.4286797102836384
2013-10-15,2.264532324733275,0.979504299623771,-1.0298030871226123,0.28859371999317934,-0.5769990244766112
2013-10-16,-0.027887774532134983,-0.12314078423911073,0.9579633621730688,0.1000730212229869,1.1846092953004619
2013-10-17,-0.5049396265190412,0.26456829931810577,1.4231852971145837,0.38285406937827554,0.3087197643447755
2013-10-18,-1.3325070463548705,1.1612559677313345,0.3094721801333308,-1.1096014625523622,1.6392086236314802
2013-10-21,0.8817412428641067,0.8490239240673404,-0.24033556116121269,-0.08844767754718316,-0.4752128071300637
2013-10-22,1.2148899146833259,-0.3534165853903086,0.09800766425080683,0.41427418583996684,-0.3578853940617544
2013-10-23,-1.076299946242665,0.09342782884124778,1.0989397060947306,-1.4552227436310112,-0.025205547534658077
2013-10-24,-0.5557808165419977,-0.06070615350542719,0.7464988462905449,0.08436296299213011,0.5649681978854948
2013-10-25,0.8883123987496732,-0.5544852285206979,-0.3954095394750719,-0.3240985510099013,0.18918195134372504
2013-10-28,-0.5486044040135849,-0.09172533875017334,0.09800766425083812,0.46140436053251493,-0.11084543057129198
2013-10-29,-0.19883581205070505,-1.4546121437202741,-0.2262379267690465,-0.009897386392943767,-1.2711874970339283
2013-10-30,0.07512152217980082,-0.5117113728353647,-0.183945023592548,0.9955463403813785,-0.046819333688187074
2013-10-31,-0.35757191879278427,0.12530572106884041,-1.607806097201457,0.42998424407082364,-0.2838657676721001
2013-11-01,-0.027887774532134983,-0.13896321814484933,-1.9179540538291755,-0.8425304726279306,-0.8782518908188277
2013-11-04,-0.027887774532134983,0.0009455569701906099,0.013421857897809772,-0.009897386392943767,0.19077465133750887
2013-11-05,1.5845824745107635,-0.216818841659991,-0.1698473892003818,0.8227356998420429,0.8270631315279093
2013-11-06,0.5435209649235848,0.7934776770456465,0.32356981452549693,0.08436296299215244,0.42690035991955005
2013-11-07,2.7227647579950727,-0.6360245909883459,-2.1435162041038343,0.16291325414639182,-0.057542713829854916
2013-11-08,0.6328506978143319,-0.18573839867853154,0.9297680933887051,-0.716850006781143,-0.05755756703617073
2013-11-11,2.32486517532392,-1.2934447583406072,-0.5222882490045675,1.1997770973824053,-0.8769597278846588
2013-11-12,1.2048467354359536,-0.7188167637417906,0.5350343304080208,0.7913155833803516,-1.2482600394815477
2013-11-13,0.22623815447310622,-0.46938774819992707,-0.24033556116121269,0.1000730212229869,0.9598049888938427
2013-11-14,-2.4758706652608202,0.6435515922670634,0.2953745457411646,0.19433337060810543,0.5900838701492841
2013-11-15,-0.027887774532134983,-0.046028199105783346,0.33766744891769446,0.8855759327654255,0.6319278622827559
2013-11-18,-1.8661242957346655,0.8453606582564901,0.8028893838591782,0.005812671837913042,0.24368693633668628
2013-11-19,-1.686221767803632,-0.18649892020473044,-0.21214029237684903,-0.6540097738577604,-0.25118399044895695
2013-11-20,1.3490995611451737,0.3132886094426151,0.3517650833098293,0.38285406937827554,0.7164886936043773
2013-11-21,1.3612623222158216,-1.7209405947956438,-0.7760456680635899,0.5399546516867767,-0.12184774696478234
2013-11-22,0.5320114871756174,-1.8729107340579314,0.6478154055453503,1.215487155613262,0.7257379927474334
2013-11-25,-1.8971221438356438,-0.5207548804264236,-0.0570663140630211,0.6970552339952555,0.1034191727661589
2013-11-26,-0.574467730703826,0.8068316077308427,0.46454615844719,-0.29267843454823234,-0.22870064344912933
2013-11-27,-0.3837656303134229,-1.1374001176429285,0.6901083087218488,-0.21412814339397065,1.4610002148865477
2013-12-02,-0.6037711586674099,0.4441440178382771,-0.8465338400244208,1.6867889025387208,0.6673692409655451
2013-12-03,0.47128287751125275,-1.314713751595028,0.5914248679766856,0.9798362821505217,0.5171918466225418
2013-12-04,-0.07552819968230234,-0.014940650740198956,0.19669110499600134,-0.7954002979353825,-0.694719248848295
2013-12-05,-2.7549824610263998,-0.41238855259687135,0.02751949228997595,-0.24554825985566192,-0.18467250793769774
2013-12-06,-0.12246815654906176,0.27126629265248003,0.9438657277809026,-0.9210807637821923,0.1454678546012218
2013-12-09,-2.1188946550782863,0.7470498817830419,0.8592799214278742,1.9224397760014613,0.24116484499448598
2013-12-10,-0.027887774532134983,0.0009455569701906099,0.39405798648632784,0.30430377822403615,0.6340007766089926
2013-12-11,0.6275266857307407,0.46039268592921767,0.23898400817249987,-0.60687959916519,-0.6412505788968962
2013-12-12,1.2060769934085969,-1.7295667067020601,0.112105298642973,-0.3869387839333286,0.2622479980526055
2013-12-13,2.1237406156042575,-1.4514049771590403,-0.6773622273183953,1.466848087306837,-1.3676043097399326
2013-12-16,-0.13027651763526568,0.3207410527300726,0.6901083087218488,-0.6854298903194294,0.5406115356939637
2013-12-17,-0.6396528559109332,-0.20688310672195942,-0.3813119050828744,-0.19841808516313617,-0.6654846203537594
2013-12-18,-0.19929763780272358,-0.5913484524116209,-0.0006757764943564026,-0.08844767754718316,1.0098346968297969
2013-12-19,1.9274448666704906,-1.0906241484264863,-1.1566817966521081,1.7496291354621256,0.19863561126607285
2013-12-20,-0.6099455183576286,0.5632741609673928,-0.1698473892003818,0.5399546516867543,-0.35504705400284176
2013-12-23,-1.0877017902284123,1.1864431375976863,0.6619130399375478,-0.009897386392943767,0.20940023402646032
2013-12-24,-0.5570401089554657,-0.3990416468634527,-0.25443319555337884,-0.4340689586258543,0.038956612535896405
2013-12-26,0.43342872402346244,0.0009455569701906099,-0.0006757764943564026,0.7756055251494949,0.007014271406772265
2013-12-27,0.3280582664021459,-0.2232781997009752,1.832016694487434,0.30430377822403615,1.90635727871227
2013-12-30,-0.26809930141204424,-0.6566661430765566,-0.4377024426515391,0.6185049428409937,-0.7448190309834606
2014-01-02,-0.45546475852298035,0.754673477226434,-1.7628800755153475,-0.009897386392943767,0.6319185100507966
2014-01-03,2.1095006091818416,1.1200537376695245,-0.3390190019063759,-0.009897386392943767,-0.6709119644441647
2014-01-06,-0.3692283511534639,-0.5261189170383821,-0.4518000770437053,-0.9682109384747181,-0.895895697948892
2014-01-07,0.1934012342026624,-0.4629906132589009,0.5491319648001871,-0.37122872570247173,0.3366474655715656
2014-01-08,-0.6015098923466217,0.17700500130388905,-0.6632645929262605,0.681345175764421,0.15575406350635984
2014-01-09,-0.2898014525629378,-0.7841078011358841,0.25308164256466603,-0.08844767754720548,0.3254771990433577
2014-01-10,-1.065389867244217,0.36969337848025574,-0.35311663629854206,0.11578307945386604,-0.31144865622981316
2014-01-13,-1.7988099164971938,2.0926881288275556,0.9438657277808713,-0.009897386392943767,0.2724251332191362
2014-01-14,-0.027887774532134983,-0.01496735656072371,0.18259347060383518,-2.570636878021309,-0.22653403108950973
2014-01-15,0.2645273150754459,-1.9467291402406597,-0.8606314744165869,1.2940374467675015,-0.035469944929441825
2014-01-16,-0.2669185560538057,-1.588801049557391,-0.12755448602388328,0.9484161656888304,-0.9186121238659852
2014-01-17,-0.8006512622249938,0.11362640631746164,-0.1839450235925167,-0.5911695409343332,1.1556110892353069
2014-01-21,-0.027887774532134983,0.0009455569701906099,-0.8183385712400885,0.11578307945384372,-0.2690704669798991
2014-01-22,2.3945178826550655,0.7243232958873146,0.5632295991923533,-0.3555186674716149,1.4058729126832972
2014-01-23,0.26054965173802974,-1.0928267683741049,1.0284515341338683,0.6342150010718505,0.5034142288878183
2014-01-24,0.7721660749210153,-1.3232897325805526,0.676010674329714,-1.8479741994022527,0.17580136570257227
2014-01-27,2.234382645472823,0.0009455569701906099,-0.40950717386723806,-1.6123233259395122,-0.5207828010280814
2014-01-28,1.123435662299044,1.1478753781122404,-0.12755448602385197,0.38285406937827554,0.028145222934397564
2014-01-29,-3.3421713780854407,0.3071353015275712,-0.5786787865732321,0.8541558163037342,-0.05638335679426008
2014-01-30,2.2146913634213385,-1.2903716089370554,-0.4799953458280689,-1.266702044860841,-0.7336848457395324
2014-01-31,-1.1055934339152873,0.598864064301316,-0.8183385712400885,0.5713747681484456,-0.289813606692136
2014-02-03,0.86372382636648,-0.12823415198633364,-0.25443319555334754,-0.8896606473204564,-1.3432674626449368
2014-02-04,-0.059754715827299416,2.0131109569413104,0.2953745457411646,-1.5966132677086777,-0.1315707891857728
2014-02-05,-0.9898770331578572,0.19341210931979477,0.33766744891766315,0.49282447699420623,-0.4839138569206144
2014-02-06,0.19085952414427795,1.1531837971561099,-0.6773622273184267,0.005812671837913042,0.39129192055558537
2014-02-07,-0.8238094993254964,-0.38264706345496374,1.1130373404868965,0.6813451757643987,0.2735645170878393
2014-02-10,-0.5450329771198174,-0.11102718784988043,0.9015728246043727,0.7127652922261123,0.603169751972778
2014-02-11,1.009612378596465,1.2144404155959863,0.5350343304080208,-0.009897386392943767,0.4639185465204912
2014-02-12,-1.3528891503205949,0.6535809750153477,-1.452732118887629,0.05294284653043882,0.9820857732922724
2014-02-13,0.5953441841800627,-1.8491860789043275,1.43728293150675,-0.05702756108549187,1.1052050092782668
2014-02-14,-0.00889676452976948,0.9912146412953121,0.45044852405502384,-0.3869387839333062,0.8278464265696484
2014-02-18,-0.6828017527742922,0.9720932730294666,0.33766744891766315,-0.13557785223973126,-0.25581162911221716
2014-02-19,-0.027887774532134983,-0.6355210646454278,0.19669110499600134,0.08436296299215244,-0.19289815645265565
2014-02-20,0.6578309698154049,-1.0042091260387065,-0.5504835177888998,-0.37122872570247173,-0.08773081448076556
2014-02-21,-0.5452881837321242,0.6076284186599873,0.013421857897809772,0.8070256416111861,0.12280947788030139
2014-02-24,-0.21101304981841576,-0.3820811732422717,0.39405798648632784,0.08436296299215244,-0.2772956592837052
2014-02-25,-0.6293199303621115,1.0531058443427148,0.26717927695683225,-0.07273761931632634,0.5227713838160154
2014-02-26,-0.1911858174739077,-0.3653016215852476,-0.3954095394750406,-0.5754594827034987,0.0385604674250305
2014-02-27,-0.027887774532134983,-1.1324450750604753,-0.9875101839461139,0.28859371999317934,-0.5192191621924169
2014-02-28,0.5400436932997479,0.11287692563318566,2.212652823075983,-0.9053707055513355,0.5017015089877033
2014-03-03,-0.027887774532134983,0.0009455569701906099,-0.6350693241418969,-0.7954002979353825,0.30130762892062385
2014-03-04,-0.7379910423835266,-0.2709595494741865,-0.0006757764943564026,0.36714401114744105,-0.25573289008882105
2014-03-05,-0.238101176918379,0.4806135359821506,-0.5081906146124013,1.0740966315356177,0.13316360832383925
2014-03-06,-2.2925181466185682,0.8305749496648577,0.18259347060383518,0.6499250593027074,0.26964341278677945
2014-03-07,-1.4851900132768294,1.2094080613353686,2.099871747938623,0.5399546516867543,0.39525492949230373
2014-03-10,0.8817110121152925,-0.8094640300534772,-0.183945023592548,0.30430377822403615,-1.3699897819864884
2014-03-11,-2.170272261981265,-0.12637447451542788,-0.4377024426515391,0.14720319591553502,-0.24599519588067853
2014-03-12,1.6568590721092706,-1.0355183423857919,0.5209366960158547,-0.6382997156268813,-0.1828926260487716
2014-03-13,-0.348486121267732,1.721126258735401,0.7746941150748772,-0.22983820162482746,1.291651991638042
2014-03-14,2.122845531121365,-0.9853709731999223,-0.8183385712400885,-1.486642860092747,-1.29873214971678
2014-03-17,-0.027887774532134983,0.0009455569701906099,0.3094721801333308,-0.6382997156268813,0.21802986975459862
2014-03-18,-2.481067724517831,1.1619187776001731,-0.0570663140630211,0.6185049428409937,0.13354751637296258
2014-03-19,0.6252607785523948,0.5718461791423591,0.15439820181947153,-0.6382997156268813,0.3336280186409092
2014-03-20,0.1182812728752998,-1.5716275903652648,-2.129418569711668,1.3725877379217408,-1.439288478546165
2014-03-21,-0.39130862966979946,0.6532039368520489,0.2530816425646347,-0.009897386392943767,-0.10943612004882095
2014-03-24,-1.5103389065952646,0.31861142998184655,-0.08526158284735345,0.05294284653046114,-0.14126523450061812
2014-03-25,-0.9360889472335411,0.8728128464767223,0.21078873938816753,-0.22983820162482746,0.12352619195211409
2014-03-26,-1.4254713954138072,0.9334398709945774,0.02751949228997595,0.2257534870697744,0.4725788568910075
2014-03-27,-0.21565980240390772,0.6945011328862039,-0.46589771143590275,-0.7168500067811207,0.9674430395939024
2014-03-28,-0.1576586144161842,0.48863520132899463,0.013421857897809772,0.38285406937827554,-0.09836674987531438
2014-03-31,-0.027887774532134983,-0.7702794579644837,0.4081556208785253,1.0898066897664522,0.17560491741125417
2014-04-01,-0.027887774532134983,0.6621157159909952,0.02751949228997595,0.6499250593027074,0.007014271406772265
2014-04-02,-2.0172791198511466,-0.3766892314747437,0.06981239546647447,0.9012859909962823,-0.014054021717819866
2014-04-03,2.0694318822681868,-0.31411013261939463,-0.3390190019063759,-0.041317502854635056,-0.5202077287366478
2014-04-04,0.8291818049866289,0.23726803959544301,-1.0016078183382486,0.10007302122300923,-0.04576244285090808
2014-04-07,-1.6558311474659453,0.7088087796944017,0.32356981452549693,-1.1096014625523622,-0.03521424696678687
2014-04-08,-0.027887774532134983,0.20513179014746627,0.7183035775061811,-0.5440393662418074,1.397211376258241
2014-04-09,0.5222762733401802,1.1762629946021177,0.2812769113489984,-1.4395126854001767,0.2905264002663636
2014-04-10,0.5726272804788168,0.7351602211789554,1.0284515341338996,0.1786233123772263,0.4998532118317856
2014-04-11,0.21411989865102987,-0.6081706529495879,0.06981239546647447,-0.8582405308587651,-0.4753297180014867
2014-04-14,-0.027887774532134983,0.2666083548499838,-0.6350693241418969,-0.13557785223973126,-0.23446894991770093
2014-04-15,-0.04968128029274238,0.0009455569701906099,-0.3390190019063759,0.6342150010718505,0.007014271406772265
2014-04-16,-0.1835451141001148,-0.21781863702548274,0.5209366960158234,0.36714401114741874,0.7413180199304704
2014-04-17,0.6437978092072627,-0.20233418897712727,0.21078873938816753,-0.11986779400887446,0.2688006946762053
2014-04-18,-0.027887774532134983,0.0009455569701906099,-0.0006757764943564026,0.7756055251494949,0.007014271406772265
2014-04-21,-0.22590728268710633,0.0009455569701906099,-0.0006757764943564026,0.1000730212229869,0.007014271406772265
2014-04-22,1.6201129507907157,-0.13986653146405567,-0.5363858833967337,0.08436296299215244,0.0907343801881158
2014-04-23,1.497739400001375,-1.1279138816374485,0.23898400817249987,-0.05702756108549187,-0.19186178051593636
2014-04-24,-0.027887774532134983,0.15798338797903508,-0.19804265798471415,-0.2612583180865187,-0.12914006199914196
2014-04-25,0.17854065015975693,0.0009455569701906099,0.1543982018195028,-0.16699796870142256,0.28972251549601513
2014-04-28,-2.6727479252006074,-0.06185980619250664,0.42225325527069146,-0.4340689586258767,0.24761539501446364
2014-04-29,0.06414085218118129,-0.7537362795553338,-0.4940929802202351,-0.009897386392943767,-0.3696700880614036
2014-04-30,-0.8442285690674557,0.7085148239242834,0.33766744891766315,0.7441854086878036,0.18495600058932393
2014-05-01,-0.027887774532134983,0.12656279601009401,-0.0006757764943564026,-0.4811991333184024,0.8533082819755675
2014-05-02,-0.5181077631592007,-0.28176652297723354,0.168495836211669,0.08436296299215244,-0.42103781893284536
2014-05-05,-0.8031807564293971,-0.12478900217382108,0.1684958362116377,-0.009897386392943767,0.09058791284507385
2014-05-06,0.6470715563934083,0.2680691386764905,1.0002562653495672,-0.009897386392943767,1.0183693571421637
2014-05-07,-0.7360930541253474,0.910539582217826,-0.25443319555337884,-1.1724416954757673,-0.0033934989892430998
2014-05-08,-0.24058478825133264,0.454720350513344,0.36586271770199547,0.35143395291658425,0.03823642476786942
2014-05-09,0.24648593939256275,-0.17109590473133213,-2.425468891947189,-0.2612583180865187,-0.7432777522389279
2014-05-12,-1.453146491553027,0.016589728204030152,-0.2262379267690465,0.508534535225063,-0.06603788585491856
2014-05-13,0.6234125186357269,-0.2964319461052795,-0.8747291088087531,0.32001383645487064,-0.5885479020562762
2014-05-14,-0.027887774532134983,0.8922036592697503,0.2248863737803024,-0.10415773577801765,-0.6107788414990013
2014-05-15,-1.8006105173247637,-0.389634306630912,-0.8465338400244208,-0.5597494244726642,-0.19222589310815713
2014-05-16,-2.7507178885160264,-0.3431818149180524,0.5209366960158547,-0.402648842164163,0.45772421499921684
2014-05-19,-1.9754621317307268,-0.04601120821083229,0.26717927695683225,-0.009897386392943767,0.22686564455211214
2014-05-20,1.4039554849784752,-0.9868317475164274,-0.1839450235925167,-0.16699796870142256,0.10118359257101325
2014-05-21,0.0927619783169493,-0.8325437454260071,-0.36721427069073953,-0.7954002979353825,0.6653162711198866
2014-05-22,-0.916162298291419,0.45728984432633485,-0.11345685163168581,0.7284753504569468,-0.2540319129624062
2014-05-23,-0.4360967260695316,-0.36092624845313315,-0.5363858833967337,0.6342150010718505,-0.2647315805673508
2014-05-27,2.5432536429770787,0.472866506364605,0.112105298642973,0.13149313768470053,-0.1708080805245634
2014-05-28,0.05435473498256687,-0.046213466262467584,-0.4236048082593729,0.03723278829960434,-0.6949141264091656
2014-05-29,-1.0767085088638229,0.23666728719894714,0.0557147610743083,-0.37122872570247173,-0.30785195374525426
2014-05-30,0.8275116663338595,0.5659304135869356,-0.07116394845518728,-0.13557785223973126,0.059516513180162926
2014-06-02,0.4387523750345578,-0.9255543312880538,0.0557147610743083,0.49282447699420623,0.25888840326084345
2014-06-03,0.3004932499328303,0.15817902297068306,0.4786437928393562,0.6499250593027074,-0.0979058137738692
2014-06-04,0.5192557716970728,0.0638160979697815,-0.25443319555337884,0.41427418583998915,-0.013974453322085346
2014-06-05,-0.19922027521720456,0.06380305158223815,-0.8465338400244208,-0.15128791047058807,0.2482898894354121
2014-06-06,-0.4724479062357188,0.8482475512499437,1.0566468029182319,-0.3555186674716149,0.5098788340251159
2014-06-09,-0.6340887751006484,0.0009455569701906099,-0.4799953458280689,0.27288366176232254,-0.034856711861527626
2014-06-10,0.8784614022163022,0.5644997017541181,-0.8606314744165869,-0.24554825985566192,-0.30721737959753287
2014-06-11,0.23916870261800813,0.2667043288300031,-0.0006757764943564026,-0.041317502854657386,0.017494330131314788
2014-06-12,-0.013280448682629143,0.09468712944780923,-0.26853082994554506,-0.5283293080109506,0.4782123287834416
2014-06-13,0.6352393654165116,0.4224240020031607,0.08391002985864064,-0.3555186674716149,1.3117620076358063
2014-06-16,2.2915552100940193,-0.09266565122740622,-0.02887104527868875,0.22575348706979675,0.19439931440278926
2014-06-17,1.5524028859423622,-0.9367611008055983,0.5068390616236885,-0.041317502854635056,0.18387422773057932
2014-06-18,-1.0917335105140964,-0.23393537608010398,-0.07116394845518728,0.35143395291656193,-0.4093043401936353
2014-06-19,-0.5565890770062571,1.0018374268190087,0.8028893838592095,-0.4497790168567111,0.7767187865887643
2014-06-20,1.174929176039187,0.06339162541760063,-0.4518000770437366,-0.05702756108549187,0.25619550866865615
2014-06-23,-0.4020408917632006,0.5312180137414132,0.112105298642973,0.35143395291658425,-0.17985091218015153
2014-06-24,-0.4108688906117393,-0.2640746350530905,0.3094721801333308,-0.3869387839333062,-0.3254980205384061
2014-06-25,0.729246458778535,-0.998862312494305,-0.04296867967085493,0.06865290476129562,-0.22181666991875548
2014-06-26,-0.5369168440978765,0.7511106675235779,-0.12755448602385197,-0.21412814339397065,0.5995103435063267
2014-06-27,-0.3162006873791564,0.48444169385828634,0.19669110499600134,-0.402648842164163,-0.02413856742207617
2014-06-30,-0.038814839492441446,-0.26410191664721866,0.5350343304079895,-0.33980860924078043,0.11084362241755047
2014-07-01,0.163052947253939,0.5308087895344904,0.42225325527069146,0.19433337060810543,1.053543109206204
2014-07-02,-0.7385987753027033,0.0632215163689595,-0.4518000770437366,0.28859371999317934,0.26545465707574883
2014-07-03,-1.133791373152322,-1.2157511046030027,-0.14165212041601816,0.35143395291656193,-0.24108392818029103
2014-07-07,0.9509820987422261,-0.37440797984365337,-0.7619480336714237,0.5242445934559199,-0.16885474494153024
2014-07-08,-0.680215239911807,0.454439237503503,-0.04296867967085493,-0.7011399485502862,-0.0033343977284762223
2014-07-09,-0.33903900405386217,0.18839970071665618,0.19669110499600134,-0.3398086092407581,-0.0757888219708864
2014-07-10,0.6265152855441656,0.0009455569701906099,0.013421857897809772,-0.009897386392943767,0.01736599420386672
2014-07-11,1.3306864753202878,-0.09276701429865633,-0.12755448602388328,-0.29267843454823234,0.24499857417581292
2014-07-14,-0.8168133991624783,0.14150354402668727,0.45044852405502384,0.005812671837913042,-0.2516738587908901
2014-07-15,-0.027887774532134983,-0.2021035882734946,-0.19804265798471415,0.35143395291656193,0.44147422947604326
2014-07-16,0.7819858071987058,-0.7812836388333311,-1.142584162259942,0.19433337060810543,-0.2101316371915314
2014-07-17,-0.2470498112971931,0.6268904311515349,-0.09935921723951963,-0.13557785223973126,-0.21029977806419503
2014-07-18,0.8002283146606097,-0.1710603800748334,-0.0006757764943564026,-0.6382997156269036,-0.13795530183233362
2014-07-21,-0.6586626512691649,0.37610539286914346,-0.09935921723955093,-0.009897386392943767,-0.17948528086402638
2014-07-22,0.1932927987178042,-0.014676829657341905,-0.5222882490045362,0.35143395291658425,-0.09665016761810087
2014-07-23,-0.25910652576158155,0.7031565169536916,-0.2262379267690465,-0.10415773577803998,-0.1900537160329766
2014-07-24,-0.8190344027899173,0.2190795984055952,0.09800766425080683,0.17862331237724863,-0.3667576151786623
2014-07-25,0.5964826077504437,-0.5290812894594537,-0.4518000770437053,0.35143395291656193,-0.2736416818952019
2014-07-28,-0.21793006000091036,-0.3737502113915383,-0.09935921723955093,0.005812671837913042,0.007014271406772265
2014-07-29,-0.027887774532134983,0.07904540668702811,-0.0570663140630211,0.30430377822403615,-0.315566832682941
2014-07-30,0.1783127876805682,-0.20215595157146143,-0.3954095394750406,0.1786233123772263,-0.20129951257260797
2014-07-31,0.3975526831602061,-0.9068624596611075,-0.31082373312204353,1.0583865733047833,-0.535326307422752
2014-08-01,2.59697972053742,-0.4696800472279853,0.2248863737803024,0.17862331237724863,-0.48408153443726615
2014-08-04,0.695155389253208,0.0009455569701906099,0.379960352094193,-0.3869387839333286,-0.18129278402173177
2014-08-05,-0.6732295857069819,0.7535959463513802,-0.564581152181066,-0.11986779400887446,0.5611126401050641
2014-08-06,1.9801682716684228,-0.5633668374636238,-0.5222882490045675,0.005812671837890716,-0.4215320227634914
2014-08-07,0.29876468927360045,-0.5958602609679584,0.32356981452549693,-0.7011399485502862,0.3624404338498247
2014-08-08,0.5926349906803395,-0.3451118021552184,0.2812769113489984,-0.11986779400887446,-0.6100421258698644
2014-08-11,-1.917011878876598,0.5355949728975766,-0.02887104527868875,0.05294284653043882,-0.23390114635284345
2014-08-12,0.2651374983488356,-0.3763560472799771,-0.564581152181066,0.25717360353148805,-0.02442473080096115
2014-08-13,0.23435913627859942,0.6609152712178891,0.19669110499600134,-0.025607444623778248,-0.664524796715823
2014-08-14,-0.8334741825171544,-0.014751308712728506,0.18259347060380388,0.4771144187633494,-0.32935879566256404
2014-08-15,-0.027887774532134983,0.5498524503327431,0.21078873938816753,-0.16699796870142256,0.09114534187035957
2014-08-18,-0.027887774532134983,-0.09308215306579173,-0.07116394845518728,-0.29267843454823234,0.36429022604277533
2014-08-19,-1.4615993828916356,0.18897179854359436,-0.40950717386723806,0.46140436053253725,-0.8132949816158748
2014-08-20,-0.27459013586116743,-0.9089311122443948,-0.9875101839460826,0.508534535225063,-0.06672060349210539
2014-08-21,0.3961263358407177,-0.40781907150441027,-0.31082373312204353,1.4354279708451458,-0.5413378266228979
2014-08-22,-1.4627286417427028,1.1315606130859732,0.06981239546647447,0.11578307945384372,-0.15136352812434234
2014-08-25,-0.06700944376664578,-0.07743317026317502,-0.945217280769584,0.35143395291658425,0.11260940117273875
2014-08-26,0.2718986535524378,-0.4383504972641858,-0.1134568516317171,-0.465489075087568,-0.10914255682992727
2014-08-27,-0.15036852034161513,0.4088844408402754,-0.21214029237684903,0.22575348706979675,0.08093781525075121
2014-08-28,0.0012173493172223772,0.533576487817235,0.013421857897809772,-0.465489075087568,0.017573188339520325
2014-08-29,-0.027887774532134983,-0.061668316530302976,0.14030056742730534,-0.07273761931634867,0.13369029819343506
2014-09-02,0.5600509785928097,-0.8770103842464451,-1.0298030871225812,1.0583865733047833,-0.5846303169484353
2014-09-03,-0.31193270184930016,-0.04615968617714939,0.5068390616236572,1.2626173303058101,-0.7449041426834826
2014-09-04,-0.4208445890818329,0.785078186023195,-1.9179540538291442,-0.4497790168567111,-0.1414894079269516
2014-09-05,-0.09524780942526447,0.016607523595479845,-0.9452172807696153,0.9955463403813785,-1.471693992931614
2014-09-08,-0.7926367017670403,0.37659002048763524,-0.014773410886522578,-0.716850006781143,-2.0376723582763745
2014-09-09,0.6899163722737282,-1.5515993902698273,-0.6350693241418969,1.482558145537694,0.1036959279572028
2014-09-10,1.6962536010085605,-1.7018649166695057,0.3799603520941617,0.6656351175335418,-0.0359512419320406
2014-09-11,0.36012120634686595,0.2854128799104371,-0.014773410886522578,0.42998424407082364,1.2396564365005027
2014-09-12,-0.353708329070465,-1.8369924382901368,0.04161712668214212,0.7127652922261123,-0.003681055763641116
2014-09-15,0.6384325126948522,-1.017883288150792,-0.28262846433771116,-0.009897386392943767,0.07118012145521764
2014-09-16,0.43260421982073527,0.17630081908046175,0.5350343304080208,-0.11986779400889679,-0.5710071983873857
2014-09-17,-0.6628855204135763,0.9874175107573573,0.09800766425083812,0.13149313768470053,1.2365571529533501
2014-09-18,0.4105296945527368,-1.6076991160151524,-1.1848770654364718,2.032410183617392,0.30556756548114694
2014-09-19,-1.1071371078286942,-0.03099521022853106,-0.28262846433771116,0.46140436053251493,0.5606291883866578
2014-09-22,-0.10566897043417009,-0.8947660929097546,-0.09935921723951963,0.17862331237724863,-0.6425295727800164
2014-09-23,0.3318762870039387,0.09704144910438936,0.6619130399375165,-0.009897386392943767,0.6352854154711352
2014-09-24,0.6553216187169767,-0.6402703163612923,-0.9311196463774178,-0.5126192497800938,0.24092533650004955
2014-09-25,-0.04855238140846812,-0.8990431603340533,-1.607806097201457,0.9327061074579736,-1.100468713380438
2014-09-26,2.318917513069351,-1.014748330429104,0.2812769113489984,-1.1410215790140537,0.1670173539304837
2014-09-29,-0.6461278114117796,0.0009455569701906099,-0.43770244265157043,1.2469072720749534,-0.9222759546018765
2014-09-30,0.767399871524702,-0.07981113268900464,-1.664196634770153,0.05294284653046114,-0.5391761038681055
2014-10-01,0.5583039339052506,-0.9536128861463138,0.2812769113489984,0.8227356998420429,0.11419423550533575
2014-10-02,-0.027887774532134983,1.939267739391416,0.39405798648632784,-1.3138322195534116,-0.44341689900966186
2014-10-03,-0.027887774532134983,-0.3696066316392673,-0.21214029237684903,-0.5126192497800938,-0.8314235631566008
2014-10-06,-0.027887774532134983,0.0009455569701906099,-0.7196551304949252,1.4511380290760025,-0.9203298313324739
2014-10-07,-1.6995401764988516,-0.4830656226263675,0.5914248679766856,-1.1724416954757673,0.858991326791233
2014-10-08,0.4226438872634176,0.14623013376677138,0.5350343304080208,-1.0938914043215056,0.1577281321877207
2014-10-09,-1.8638617855324366,1.8352107105263256,1.66284508178144,0.03723278829960434,1.477601498181708
2014-10-10,0.5122032638124346,-1.7849068852420633,-1.7628800755153162,-0.7325600650119998,-1.6789032552483236
2014-10-14,-0.26253836722224977,0.38796894707632745,0.112105298642973,-0.9839209967055526,-1.1478176072890327
2014-10-15,-0.027887774532134983,-1.210148089765957,0.2812769113489984,0.11578307945384372,-0.3284529150014643
2014-10-16,1.5654801037506942,1.0830863429045394,1.1694278780555611,-2.020784839941588,0.7207534180498754
2014-10-17,0.5570010182071066,-0.6123313367875372,1.0425491685260657,0.571374768148468,1.2893385732627793
2014-10-20,-1.4354939483748692,0.38842276420149,-0.7055574961027278,1.168356980920714,0.21121379097644924
2014-10-21,0.012408190963899763,0.7261320787015204,-0.15574975480821562,-0.465489075087568,0.2647383217333943
2014-10-22,-0.2903493786277588,-0.45007752197317563,-0.9734125495539163,0.30430377822403615,-1.003759574516692
2014-10-23,-0.027887774532134983,-0.4507500815347091,-0.33901900190640716,0.22575348706979675,-0.48894950341093113
2014-10-24,-0.027887774532134983,-0.0797853050115058,-0.14165212041601816,1.2783273885366446,0.36290319550395395
2014-10-27,-0.055778758778815975,0.9522014637745938,0.2812769113489984,-0.009897386392943767,0.5991614285282729
2014-10-28,0.5011151547257563,0.0009455569701906099,0.9720609965652036,-0.08844767754718316,0.21128419247192307
2014-10-29,-0.1773941832056651,0.8208172814798455,-0.15574975480818434,0.27288366176232254,0.028507722122281233
2014-10-30,0.5974254114264741,-1.608741860828587,-1.960246957005674,1.3568776796909063,-1.393495150422662
2014-10-31,-0.26568518773754823,0.5975273281577521,-1.0439007215147786,2.4565817558503027,0.20134831211871496
2014-11-03,-0.011628689717967119,-1.1125480554411284,-0.4377024426515391,-0.009897386392943767,-0.025365392036275677
2014-11-04,-0.027887774532134983,-0.24166085703062015,0.2953745457411646,4.750250257554236,-0.014574246494706839
2014-11-05,-0.1340175533847638,0.19504623031672202,-0.4799953458280689,0.14720319591555733,-1.1720785940347132
2014-11-06,-0.027887774532134983,-2.027062510037655,0.5209366960158547,1.5453983784610765,0.7107391118299975
2014-11-07,0.5429187085616078,-1.0426739609667324,-1.74878244112315,0.7127652922261123,-1.3478726536627041
2014-11-10,-0.3236141741266712,2.0683782077918154,1.310404221977223,-1.5494830930161296,0.7665566364426429
2014-11-11,0.3938074621649098,-0.795054311548678,-0.8747291088087531,0.9169960492271391,-0.36164957281058635
2014-11-12,-0.3333046644785576,0.8618327529901549,0.6055225023688517,1.6239486696153158,-0.26437137700636987
2014-11-13,0.30314262524984165,0.4223747185725438,-0.15574975480818434,-0.402648842164163,-0.9503562917041052
2014-11-14,0.36241414214923934,-0.16107320248114454,-0.28262846433771116,0.9012859909962823,-1.0630061576975949
2014-11-17,0.1020861953574678,1.5688828740290381,0.8451822870357081,1.3411676214600496,-0.13523418763219403
2014-11-18,0.525391260185305,-1.0811952289641582,0.25308164256466603,-0.6225896573960468,0.2914391270547666
2014-11-19,0.05713042052133949,-0.9065057644630006,0.2953745457411646,0.7756055251494949,0.1819017876322273
2014-11-20,1.1443001363620167,-1.169786434075598,0.0557147610743083,1.7182090190004344,0.05071912746038117
2014-11-21,-1.1044625596744115,0.6519107576956598,-1.6500990003779867,-0.18270802693227936,-0.25531701354262115
2014-11-24,-0.32844075907107884,0.8775353613447422,-0.1698473892003505,-0.009897386392943767,0.280270707011766
2014-11-25,0.5656655036078195,-1.5266094481298302,0.19669110499597003,-0.3083884927790668,-0.200636351163821
2014-11-26,-0.25589069208969145,-0.9454458289057378,0.7183035775062124,-0.10415773577803998,0.8257955559824515
2014-12-01,1.1245653113430094,-1.342121516634163,-0.08526158284738476,1.6396587278461727,-0.39661929302679494
2014-12-02,-0.9268748433107971,0.8369676011996741,-0.6350693241418969,-0.7011399485502862,-0.2878959419443631
2014-12-03,-0.19301671178482308,-1.5911198645930618,-1.311755774965936,1.3882977961525977,-0.24445020126371098
2014-12-04,-0.06823041151581126,-0.14719694776424516,-0.28262846433771116,0.869865874534591,0.2366212103761365
2014-12-05,-0.12813376291459297,-0.44391716092387956,0.7183035775061811,-0.10415773577803998,-0.003915133839536746
2014-12-08,0.27698105721938593,-1.5529524671654735,-1.4668297532797951,2.629392396389638,-0.6276205847673529
2014-12-09,-0.2414292865816214,-0.5962817330612776,1.5641616410362769,-0.8739505890896219,0.12748638339662902
2014-12-10,0.2904515994545157,1.3265218333526934,0.32356981452549693,-2.3192759463277115,0.69599644510485
2014-12-11,1.0554385523962788,0.034010753537119576,0.5068390616236572,-2.9476782755616715,-0.09130825799487538
2014-12-12,0.9685760320345459,-0.8101926169951102,0.3094721801333621,1.9538598924631527,0.3673619338986668
2014-12-15,0.8574971204060594,-0.6295991838391161,-0.33901900190640716,-0.4811991333184024,-0.5610163636612138
2014-12-16,3.144032099753818,-0.215068794367774,1.5641616410362769,-1.3138322195533891,0.7823081136031034
2014-12-17,0.666842108711209,-1.081442953745609,-1.2553652373973025,-1.329542277784246,-0.05842073298878025
2014-12-18,-1.1267062611865206,-0.29947789473574365,-2.2985901824176933,2.959303619237475,-0.834091988543328
2014-12-19,-1.0641326516051204,0.7514462544613721,-0.08526158284735345,0.27288366176234485,-0.3432792229573852
2014-12-22,0.42479396618848814,-0.39909006881380016,-0.28262846433771116,0.7284753504569468,-0.09158460120804604
2014-12-23,1.1006777280399915,-0.7171088278640411,-0.649166958534063,-0.009897386392943767,-0.59628823337328
2014-12-24,0.02969967989428838,-0.09938354097663017,0.08391002985864064,1.781049251923817,-0.1577481054400698
2014-12-29,0.7683620123716306,0.4187644119387022,-0.31082373312204353,-0.4340689586258767,0.03997448588390271
2014-12-30,0.3679051030430706,-0.11598564133521068,-0.5222882490045675,0.49282447699422854,-0.11385877751991351
2014-12-31,-1.7585887416641957,1.2015162749449002,-0.26853082994554506,-0.009897386392943767,0.8081998644335977
2015-01-05,0.2098529541661258,-2.3546545130749177,-3.1867411491242565,-0.5597494244726419,-3.8997123069739423
2015-01-06,-0.043647624087497554,1.0891368095971656,-0.014773410886522578,-1.5651931512469865,-0.6717060898139312
2015-01-07,0.23948892416096898,-0.8692944782375813,-1.1707794310442743,-0.5597494244726419,-0.7962161034012049
2015-01-08,-2.0345511050839917,0.5702315033889365,-0.8888267432009194,0.7441854086878036,-0.6529064528082809
2015-01-09,-2.425208820170327,0.5023697162454746,0.6337177711531841,0.649925059302685,0.9907348861223847
2015-01-12,-1.0187482828544703,1.7660260358102509,-0.12755448602388328,-0.009897386392943767,-0.10459866805635093
2015-01-13,-0.2749089205051832,-1.19685582325645,-0.31082373312204353,-2.994808450254197,0.029340410600044466
2015-01-14,0.18742255111284895,-1.2183469485880505,-0.09935921723951963,-0.716850006781143,0.564591306599596
2015-01-15,-1.6999313385209638,1.7531790672994736,-0.945217280769584,0.30430377822403615,0.485646132353277
2015-01-16,0.543786541828616,0.5661698593443978,-1.6923919035544854,-2.036494898172445,-0.34909916082972314
2015-01-20,-0.22241718033456015,-1.0472166798578464,-0.12755448602388328,2.2994811735418237,-0.661918788891891
2015-01-21,-1.021856896060348,0.6169723623912763,0.19669110499600134,-0.13557785223973126,-0.29452656739451644
2015-01-22,0.30029694874805013,-2.353356040626141,0.3517650833098293,0.49282447699422854,0.7101062447623404
2015-01-23,-0.8478252965735953,-1.4103644616878466,-5.921682221204807,0.5870848263793024,-2.3097902413101306
2015-01-26,-0.027887774532134983,0.0009455569701906099,0.6478154055453816,-1.580903209477821,0.478639668211482
2015-01-27,-0.17661637442684286,-0.7747101892121631,0.8733775558200404,1.718209019000412,0.7465423213989082
2015-01-28,-0.25669831577980556,0.8439558568679646,0.5350343304080208,-1.266702044860841,1.2909482559873584
2015-01-29,0.35392395280860384,-2.060136147627533,-0.40950717386723806,-0.10415773577803998,-0.7179656694564795
2015-01-30,1.070885196263782,-1.4944910489261556,-0.14165212041601816,0.7441854086878036,-0.5295602234305442
2015-02-02,0.5098289465770783,-0.20355083253416945,0.06981239546647447,-1.2352819283991499,-0.6315032474030321
2015-02-03,-0.6447593696121389,-1.880065861815039,0.9297680933887051,-0.3555186674716149,0.39925854571178715
2015-02-04,-0.27869978038251425,2.750114783655635,0.9861586309574011,0.9327061074579736,1.626211291399378
2015-02-05,0.8007256451783836,-0.8672122509300246,-0.5081906146124013,-0.8425304726279083,0.45205021414599356
2015-02-06,-0.616755717574594,1.0390390021176723,0.5209366960158547,0.28859371999317934,0.9725376443556506
2015-02-09,1.6891634988046489,-1.1735555529417616,-2.4254688919472205,2.2209308823875844,-1.225445973484856
2015-02-10,-0.780045621354337,1.1074838518228096,0.3094721801333308,-0.6382997156269036,-0.07089016561840539
2015-02-11,0.7775522230416971,-0.969185073117958,0.23898400817249987,-0.009897386392943767,0.8738726464551366
2015-02-12,1.1382698828366749,-2.0688110413965517,0.19669110499600134,2.7864929786981394,0.5169861162012878
2015-02-13,-1.2684742401380058,2.3092678582782202,0.7464988462905136,-2.036494898172445,0.5381726652622892
2015-02-17,-0.027887774532134983,0.0009455569701906099,0.4786437928393562,-1.0310511713981005,0.05123212758475069
2015-02-18,0.4327301141549305,0.7495026174874682,-0.6068740553575646,1.419717912614289,0.3605065421262706
2015-02-19,-0.027887774532134983,-0.5602987438364827,0.21078873938816753,-0.7954002979353825,0.38211259792089924
2015-02-20,0.014330983909596638,0.2731938758911509,-1.2553652373973025,0.21004342883893995,-0.964860793434774
2015-02-23,-0.3286308636263269,0.40885979046825416,-0.0006757764943564026,0.27288366176232254,-0.07043867032421997
2015-02-24,0.3606489568855144,-1.036914654155541,0.42225325527069146,-0.2612583180865187,0.9571003229059528
2015-02-25,-0.9960561316654132,1.9207399747245326,0.25308164256466603,-0.18270802693227936,0.5689219028919901
2015-02-26,-0.4827422659591174,-0.490585630985837,-0.40950717386723806,0.22575348706979675,0.19406708659091926
2015-02-27,-0.6595242497722218,-1.103668265205257,-1.0861936246912458,0.47711441876337174,-0.9405354274539159
2015-03-02,0.11666663122130537,-0.4079322537496642,-0.183945023592548,0.9327061074579736,-0.2690374619243448
2015-03-03,0.031186940125667556,0.9881237862101432,-0.8324362056322546,-0.15128791047058807,-0.4131050837079033
2015-03-04,0.0383963448405403,-0.237044450012711,-0.6209716897497307,-0.32409855100992363,-0.2697234130559455
2015-03-05,1.4431165989354138,0.13696274176515885,-0.7760456680635899,0.35143395291658425,-1.0693188086523562
2015-03-06,-0.027887774532134983,-0.2541367869027751,-1.4950250220641277,0.38285406937827554,-0.7499972869587264
2015-03-09,1.7177047605914266,-1.8933697220499524,-1.452732118887629,1.529688320230242,-0.8079390042901969
2015-03-10,0.31735030438469064,-0.8219011709577262,-1.7205871723388177,0.6656351175335418,-0.6645867332841275
2015-03-11,0.1678145001859813,-0.7208835022754694,-2.256297279241195,-0.3869387839333062,0.11905943920808464
2015-03-12,-0.7766895269209859,0.0009455569701906099,0.49274142723149106,0.6185049428410161,-0.7445439259987947
2015-03-13,0.42038706011897053,1.1516195294918083,-0.5786787865732321,-0.3083884927790668,-2.067379955912913
2015-03-16,0.5929125129811346,-0.4965709198391818,-0.21214029237684903,-0.05702756108549187,-0.17409454028669652
2015-03-17,-0.5702753510939511,-0.11926715306579881,1.0989397060946993,-0.009897386392943767,-0.4009083768349446
2015-03-18,-0.11175249259445874,-0.23962308037839167,-0.6068740553575646,-0.11986779400889679,-1.300058426156561
2015-03-19,-1.0834776957974388,1.9030839866324631,1.197623146839925,-1.3138322195533891,2.953505719782632
2015-03-20,0.27299381690313335,-0.9229271916503458,1.3949900283302201,0.33572389468572744,-1.337734216616371
2015-03-23,-0.8889327114255795,2.458371892817748,1.9166025008404624,-1.2038618119374584,1.5208124980505122
2015-03-24,-0.4040965276471677,0.6630818715435658,0.5350343304080208,-0.3240985510099013,0.018280634290659417
2015-03-25,0.5760685986501316,0.20438896224367717,0.49274142723152237,0.021522730068747525,0.05207520075031258
2015-03-26,1.363472966596419,-0.9496282051999836,-0.1698473892003818,-0.7639801814736911,0.1646705734475131
2015-03-27,-0.3044050649183001,-0.22015062930528995,-1.6500990003779867,-0.16699796870142256,-0.26330792238435596
2015-03-30,0.07117105772521999,-1.499964234534834,-0.15574975480818434,0.05294284653043882,-1.1674000359393195
2015-03-31,-0.19454596956105433,-1.4043549419109407,-1.2130723342207728,1.3568776796909063,-0.004302062240490609
2015-04-01,-0.027887774532134983,0.08682151520378831,-0.05706631406305241,-0.2612583180865187,-0.28737067699986846
2015-04-02,-0.027887774532134983,-0.8072512538956288,1.0566468029182319,-0.465489075087568,0.13159943693021492
2015-04-03,-0.027887774532134983,0.0009455569701906099,-0.0006757764943564026,-0.025607444623778248,0.007014271406772265
2015-04-06,-1.8515359893384076,0.0009455569701906099,-0.0006757764943564026,-0.9525008802438836,0.007014271406772265
2015-04-07,0.7071988010809352,1.9062097765679238,0.23898400817249987,0.7913155833803516,1.159632042386488
2015-04-08,-0.03885064696110302,-0.4956708698407834,0.21078873938816753,0.9955463403813785,0.6378169060055334
2015-04-09,-0.33798609116132455,0.24079307339154973,-1.2412676030051364,0.16291325414639182,-1.3125298706229596
2015-04-10,0.43607122965233075,0.0009455569701906099,-2.876593192496569,0.28859371999317934,-2.274480861559616
2015-04-13,0.06691370567290464,-1.5786830325031838,-0.25443319555337884,-0.5126192497800938,-0.3008731202461146
2015-04-14,-0.027887774532134983,-0.10236039484628719,0.168495836211669,-0.575459482703521,0.5882960744976594
2015-04-15,0.031504003477390706,0.08703629662842509,0.21078873938816753,-0.3555186674716149,1.0185331828088584
2015-04-16,-0.17154587276167957,2.5382131672143604,1.8602119632717664,-0.9682109384747181,1.917787038836069
2015-04-17,-0.12271918074623647,0.8192998984530199,1.451380565898916,0.06865290476131795,1.367134632164769
2015-04-20,0.8865679526770535,0.4432994269605491,-1.2835605061816036,-0.22983820162482746,-1.2404492427112206
2015-04-21,1.4664436446909515,-2.0632159586570817,-0.3249213675142097,0.7756055251494949,-0.4213225391103361
2015-04-22,-0.45309035818937426,1.196802875860414,0.6055225023688517,0.46140436053251493,1.7837176868413704
2015-04-23,1.5020963130921139,-0.30610998422261404,0.408155620878494,0.42998424407082364,-0.35191721281525035
2015-04-24,0.8675858734680965,0.5125320076547102,0.7324012118983786,-0.7639801814736911,1.238922896785855
2015-04-27,0.8451690353608902,0.8346830869469056,-0.02887104527868875,-0.8896606473204787,0.2080854942432879
2015-04-28,-1.1917687982481342,0.8832255625219074,1.4795758346832484,0.24146354530063124,1.7436234490560685
2015-04-29,-0.5597405759497708,1.926229149336772,1.0566468029182319,-0.009897386392943767,0.8823691423243227
2015-04-30,1.5293575920011442,-0.2011405785834847,3.002120349037352,-0.9367908220130045,0.6479462540954111
2015-05-01,-0.027887774532134983,-1.315910864632586,-0.0006757764943564026,1.781049251923817,-1.6424770616597284
2015-05-04,-0.027887774532134983,-1.1517727209495214,-0.8888267432009194,-0.009897386392943767,0.007014271406772265
2015-05-05,-0.2703120644829268,1.0013498171521185,-0.4940929802202351,-0.009897386392943767,-1.6075572718082924
2015-05-06,0.48111452177668207,1.065538810518487,1.5923569098206092,-0.009897386392943767,1.0436347136079218
2015-05-07,0.9514102183917654,0.4392131293446858,1.0566468029182319,-0.402648842164163,-0.05974904646759914
2015-05-08,0.6680110250948132,-1.3834421925357479,-1.1848770654364404,0.6970552339952331,2.279143269558172
2015-05-11,-0.8493482447270337,-0.2699181646036941,-1.1143888934756097,-0.16699796870142256,0.6245078815268992
2015-05-12,1.4196863162530684,0.7114468962828027,1.3667947595458878,0.6970552339952555,2.113879837469835
2015-05-13,-0.0790862129666292,0.6760676182405002,-0.25443319555334754,-0.7011399485502862,0.11631470998149977
2015-05-14,-1.4716216833655926,2.6029228820265495,2.790655833154828,-1.2038618119374584,1.260919278695585
2015-05-15,-1.097535822450784,-1.3224305820054743,-1.2835605061816036,0.5870848263793024,-0.7992034495946301
2015-05-18,-0.12921461358249162,-0.46949035946015805,0.8592799214278742,0.39856412760913235,-0.4188180343314084
2015-05-19,0.5196465712618328,-0.23454666481308029,-2.9470813644574,0.47711441876337174,-1.7907701802456202
2015-05-20,0.7087868025970995,-1.4496799366992703,-0.8747291088087844,1.4354279708451458,0.0180113417077802
2015-05-21,-0.7100769768444011,-0.2358616762364602,0.21078873938816753,0.27288366176232254,1.8375065088117657
2015-05-22,-0.553391837381564,0.3729881361135364,0.4363508896628577,-0.025607444623778248,-0.463169989152202
2015-05-26,1.0953992197320637,-1.5749064399251538,-3.355912761830282,1.0898066897664522,-2.532430745194876
2015-05-27,0.3938770341471456,-1.2588415476624941,-0.8888267432009194,1.9538598924631527,-0.31342007293100266
2015-05-28,-0.21914243049023402,-0.8703459570401266,0.4645461584471587,1.1055167479973314,-1.0230604145609274
2015-05-29,-0.6024750001624498,-0.7184752261727713,1.0425491685260657,0.06865290476129562,-0.4816535304693671
2015-06-01,-0.6603317263687405,-0.222079030503139,-0.3672142706907082,0.6970552339952555,-0.4602364318523287
2015-06-02,0.8992123188576444,0.5838941166528286,1.1976231468398937,1.2469072720749534,0.3630853461544702
2015-06-03,0.04829900947631032,1.9644098917373687,1.4795758346832484,-1.8165540829405615,0.5180762747390395
2015-06-04,1.3110927788040523,-1.2610402591320196,2.5791913172723353,0.7284753504569468,1.656050273685593
2015-06-05,-1.1857546080867645,-0.4437059965464078,-1.3963415813189644,0.24146354530065356,-1.464478955644652
2015-06-08,0.8532867783767047,0.0009455569701906099,-0.7901433024557248,1.3568776796908841,-0.692710892794016
2015-06-09,-0.7424638819546152,-0.11887992893249098,1.225818415624226,-1.4238026271693198,0.6068854449817385
2015-06-10,-0.238106931005836,0.7191884920762774,0.4222532552706602,-0.08844767754718316,1.909213538459817
2015-06-11,-0.0027844195121040304,0.4788297800788592,-0.6632645929262292,-2.2564357134043287,0.05109842348342398
2015-06-12,0.5439114856813826,-0.40862331504857113,-0.1698473892003505,0.8227356998420429,0.41446474047395887
2015-06-15,0.20483846963526484,-0.46048233936756655,-0.028871045278720055,-0.041317502854635056,-0.05901860586291441
2015-06-16,0.23332840000477195,0.7354808902229364,-0.04296867967085493,-0.05702756108549187,0.9520041232398162
2015-06-17,-0.17958348769036125,-0.5626085878137369,0.9015728246043727,-0.041317502854635056,1.745810975707898
2015-06-18,-1.1127654653324177,0.2230769137492227,1.7615285225266346,-0.29267843454823234,1.7459392945393677
2015-06-19,-0.15144868023119465,0.5299869731154301,-1.4809273876719926,-0.4497790168567111,-0.6438206337593018
2015-06-22,-1.3068010359158413,0.4950201735542417,0.6478154055453816,0.14720319591553502,-0.2646130243181498
2015-06-23,0.5130011877259354,-1.3126827268854453,-1.9884422257900063,0.8541558163037565,-0.42813696327271367
2015-06-24,0.05224260046481105,0.10351111058506404,0.12620293303513916,0.39856412760911003,-0.23260681338638134
2015-06-25,-0.22577907910484799,0.3084340098395213,-0.09935921723951963,-0.025607444623778248,-0.48375791987838423
2015-06-26,-0.06053947266398603,-0.3920117786784698,-0.0570663140630211,-0.5440393662418074,0.3342910704254644
2015-06-29,1.2619132317053992,-1.1809943776685792,-0.9734125495539476,-0.8582405308587874,-0.5168119553971031
2015-06-30,-0.6955139396383438,0.5325326745731366,0.7887917494670433,-0.8582405308587651,0.2799624290991957
2015-07-01,-0.5752589332169478,0.565805368598496,-1.2553652373972712,0.30430377822403615,-0.637569900543738
2015-07-02,-0.2420226742239556,-1.0955013722610607,-0.4799953458280689,1.1212268062281658,-0.693873706917633
2015-07-06,0.005194466529162163,-2.705706393679048,-0.8183385712400885,-1.2981221613225546,-0.3989865072946479
2015-07-07,-0.8711085910708422,-0.051010121745267895,-1.0861936246912771,0.22575348706979675,-1.0822092188464203
2015-07-08,0.7760474244431026,-1.3878368193522874,1.3104042219772543,-1.031051171398123,-1.0643205751416336
2015-07-09,-0.28648997581856755,1.2164779483314454,0.4222532552706602,-2.0050747817107317,0.23929984518346767
2015-07-10,-0.5549697474707854,0.12223095016157041,1.8461143288796316,1.3254575632291927,1.5506909154231512
2015-07-13,0.32941502340896844,-0.6406851292872885,-1.9179540538291755,1.3568776796909063,0.40259111043475393
2015-07-14,0.10587410912199018,-0.398592055381335,-0.25443319555337884,1.8595995430780563,0.14972454901402624
2015-07-15,-0.4965551759493239,0.6260758841017355,-0.31082373312204353,-0.3869387839333062,0.6866359533641336
2015-07-16,0.4312570022647827,-1.8085180435260915,-2.0025398601821727,0.6499250593027074,-0.21203876233426397
2015-07-17,-0.03906694110607667,0.9766150341739133,0.3094721801333308,0.508534535225063,-0.11353781504337157
2015-07-20,0.212981748608603,-0.9049289278859105,-0.5222882490045675,-0.009897386392943767,-0.4317939836931569
2015-07-21,0.38381852738041,-0.19102938218596863,0.21078873938816753,0.24146354530063124,-0.19067350331866045
2015-07-22,-0.5335156245167049,1.0292084276213873,0.49274142723152237,-0.8896606473204787,0.6763932787831973
2015-07-23,0.7386546362894874,-0.6260538364095566,1.3667947595459191,0.41427418583996684,-0.13550646540295813
2015-07-24,0.7047763297103544,-1.3094864991301414,-0.8465338400244208,-0.13557785223973126,-1.0917254656728492
2015-07-27,0.4293166739200971,-0.1742078337367238,1.6769427161735748,-0.5440393662417851,0.2161060924317752
2015-07-28,0.07150812274709709,0.29864608751593064,-0.46589771143587144,-0.8268204143970961,0.8747294950009542
2015-07-29,-0.5733776553226223,0.26337974219774096,0.06981239546647447,0.6342150010718729,0.5548180301633687
2015-07-30,0.43176237373292814,-0.1040008346957764,-1.0579983559069448,0.9641262239196648,-0.24484266230492782
2015-07-31,-0.03076326712491948,-0.36665341180093103,0.168495836211669,-0.3083884927790668,-0.47542967586803103
2015-08-03,-0.20499563425130637,0.0009455569701906099,-0.2262379267690465,0.14720319591553502,0.29219501455655666
2015-08-04,-0.15452409541933415,1.3291948681540875,0.3094721801333308,-0.041317502854635056,-0.0368408318282018
2015-08-05,-0.5037215517574757,-0.19094093739244955,-1.2694628717894374,0.38285406937827554,-0.047814246278131224
2015-08-06,-0.257051334838148,-0.41813829213292736,0.02751949228997595,0.6970552339952555,-0.02588798141988455
2015-08-07,0.16089792180705625,0.5595952740949219,0.7887917494670433,0.05294284653046114,-0.8498010303336584
2015-08-10,-0.22203396526217728,0.5237455925955444,0.26717927695683225,-0.6225896573960468,-0.42237631354768107
2015-08-11,1.6746264764734935,-1.4126906042713823,1.3385994907615553,0.6185049428409937,1.1725455521813777
2015-08-12,2.637574533438587,-0.839888474816461,1.4090876627224176,0.6185049428410161,0.116720602481256
2015-08-13,0.3539705551461704,1.9592731889501354,-0.649166958534063,-1.4238026271693422,0.4344596734133457
2015-08-14,0.7862959343603608,-0.08621032492834117,0.8733775558200404,0.16291325414639182,0.05081803809174169
2015-08-17,0.3655729089625098,0.0009455569701906099,-1.0016078183382486,-0.025607444623778248,0.007014271406772265
2015-08-18,-0.027887774532134983,-0.17344147458701353,-0.564581152181066,0.06865290476129562,0.8161531889538282
2015-08-19,0.10313705987787479,-0.592722434837994,-0.26853082994554506,-0.19841808516313617,-0.36446259630443356
2015-08-20,-0.08432135969829248,0.2630013440981922,2.0011883071934595,-0.6225896573960468,-0.22267320158235063
2015-08-21,2.345300046868487,-0.6108709819659014,1.3808923939380853,-1.015341113167266,0.4225016403452886
2015-08-24,2.6734986468439215,-1.3494165253555799,3.0444132522138503,-3.7803113617966355,0.3345966748515566
2015-08-25,0.7608613518008637,-0.8615206991270182,0.12620293303517047,-2.2093055387117806,0.8243013404155621
2015-08-26,-2.1979069579542467,-0.8109575168352836,-1.4668297532797951,-0.009897386392943767,-1.816072923531145
2015-08-27,-0.42777730783853035,-0.44122055875016053,-1.664196634770153,1.0898066897664747,-1.8831187981344408
2015-08-28,0.05293421045092947,0.9552170616955298,-0.2262379267690465,1.4354279708451458,-0.6995533841705679
2015-08-31,0.8678750653482141,-0.3344739512386715,-0.7478503992792576,0.11578307945384372,0.007014271406772265
2015-09-01,-0.210055622454186,-0.40558615133335457,0.2953745457411646,-0.32409855100992363,-0.39121315629037423
2015-09-02,-0.41128258725223726,-1.8619225202261,0.26717927695683225,-1.1567316372449103,-0.8466515355588194
2015-09-03,0.22724031237466447,-0.3730067890701237,-0.3672142706907082,0.508534535225063,0.06252601725720883
2015-09-04,0.6556226378771237,-0.49837678808495545,-1.2835605061816349,-1.0467612296289575,-0.593094437461887
2015-09-08,0.7858351940702031,-0.3383496910929214,0.33766744891769446,-0.8425304726279306,1.6155230411311607
2015-09-09,-1.2611097233364605,1.8535045572624935,-0.324921367514241,1.2940374467675015,-0.12575435012529318
2015-09-10,1.118423303989202,-0.7636429980984545,0.6478154055453816,-0.07273761931632634,0.2946002756478405
2015-09-11,-0.8089835008723996,0.8720676179840621,1.1694278780555611,0.9012859909962823,0.3716034054551568
2015-09-14,-0.09050595558047973,0.24937812603824955,0.5209366960158547,-0.13557785223973126,0.13947479661782558
2015-09-15,0.23952403447703585,0.6565382098065334,0.21078873938813622,-0.11986779400889679,-0.026094999271766586
2015-09-16,0.2163123842467014,0.4077621259765432,-1.2976581405737697,-0.4811991333184024,0.029087552520925507
2015-09-17,-0.027887774532134983,0.8834489939437955,1.1835255124477275,0.39856412760913235,1.1194634425134022
2015-09-18,-2.3103678692253347,0.3884340293868009,1.5077711034675807,-1.2509919866300065,1.1807590057920307
2015-09-21,-0.7166536083263773,-0.6863056964155265,-2.3831759887706907,-0.009897386392943767,-1.144746228862514
2015-09-22,-0.5408208669300731,-0.5464455523203089,-1.3399510437502997,-0.009897386392943767,-1.0170787618102441
2015-09-23,1.3497127976550625,-1.9316442719342284,-0.07116394845518728,-0.009897386392943767,-1.3864548128901855
2015-09-24,0.4887760418631689,-0.5687694631161387,1.282208953192922,0.6027948846101593,-0.4923347706787948
2015-09-25,-0.027887774532134983,0.26813289496825754,-1.2694628717894687,0.24146354530063124,-0.5488620246074319
2015-09-28,-0.10271621500796678,0.12555237318038986,0.26717927695683225,0.06865290476131795,-0.237920531381387
2015-09-29,0.38499926716388494,-1.2653066238727804,0.4786437928393562,-1.031051171398123,-0.0598232455990948
2015-09-30,-1.7924850950465387,1.089172304861257,-0.014773410886522578,0.30430377822403615,0.09612742399707654
2015-10-01,-0.7803338682699192,0.8012373446763986,-0.7055574961027591,0.38285406937827554,-0.7178504399653485
2015-10-02,-0.027887774532134983,-0.30113844498983183,0.09800766425083812,-0.5597494244726642,0.17445699016225985
2015-10-05,-1.0872234362150817,0.0009455569701906099,1.070744437310367,0.22575348706979675,0.4753231114331012
2015-10-06,0.3758387469077479,1.632168442031375,-0.1698473892003505,0.7284753504569468,-0.30510477860738744
2015-10-07,-0.5661912175427114,0.8485439146985984,0.5914248679766856,-0.8425304726279306,1.6750439809693072
2015-10-08,-0.4316223181384836,-0.08723535991367222,-0.1698473892003818,0.11578307945384372,0.3505077193435315
2015-10-09,-1.5344639603907002,1.9525464376480353,1.5218687378597782,-0.08844767754718316,-0.059435529443762056
2015-10-13,0.9312004040125881,0.5612421614819894,0.1684958362116377,-0.19841808516313617,-1.0472096840512852
2015-10-14,0.3391138393879962,-1.577537772432965,0.5068390616236885,-0.4654890750875456,1.3048106164792785
2015-10-15,-1.1949043248463354,1.6144130367209912,0.408155620878494,-0.92108076378217,1.4089737638593498
2015-10-16,0.5625322251788588,-0.6644452006206194,-1.1143888934756097,0.14720319591553502,-0.4117359177178754
2015-10-19,-0.6434610099184556,-0.08671477223328727,-0.3813119050828744,0.35143395291658425,0.5028345509734985
2015-10-20,0.2681211147427595,-0.08674014792600354,0.5632295991923533,0.28859371999317934,-0.14714707967137977
2015-10-21,1.0257512570394423,0.07109615141262168,-0.26853082994554506,0.6185049428410161,-0.30156270589349304
2015-10-22,-0.027887774532134983,-1.2466490277904159,-0.5786787865732321,-0.009897386392943767,0.3045764826159519
2015-10-23,-1.1192192940906622,0.8273926766722325,-3.229034052300755,1.6239486696153158,-0.9971433911469167
2015-10-26,0.2913168154645084,0.08873291172136248,-1.0298030871226123,0.32001383645489295,-0.49087799480108724
2015-10-27,-0.048130539354283554,-0.4030871010305367,0.7042059431140463,-0.6068795991652123,-0.10374851027443638
2015-10-28,0.3180524460710251,-1.9565636258114263,0.33766744891766315,-0.6697198320885949,-0.4586673607385536
2015-10-29,0.41934904012602836,-0.31768378389122626,-2.185809107280364,0.5242445934559199,-0.31497936448555613
2015-10-30,0.2609835189062682,-0.06990650240169873,1.225818415624226,0.27288366176234485,0.9718890134380253
2015-11-02,1.003202925514865,0.7263947125828283,0.21078873938816753,-0.6697198320885949,1.2883753739423964
2015-11-03,-0.1415872442932095,1.0946766653456594,-0.790143302455756,-0.009897386392943767,-0.7213184883489667
2015-11-04,0.4418638355045381,0.05376799418641565,-0.5786787865732321,1.168356980920714,0.23896160290366608
2015-11-05,0.402994380868385,-0.9689324132141162,-0.7337527648870601,0.47711441876337174,-0.32439777172722034
2015-11-06,0.43428653707487774,-0.10504742204862504,-0.26853082994554506,0.28859371999317934,-2.7812425037001343
2015-11-09,2.1493449576751895,-1.5223769230250876,-1.2412676030051364,2.5194219887737077,-0.38399650538772717
2015-11-10,0.018505518271538336,-0.19445177687966975,-0.9170220119852517,-0.22983820162482746,0.029372425776777386
2015-11-11,-0.027887774532134983,0.37386751961842846,0.06981239546650578,-0.465489075087568,0.6211665562763506
2015-11-12,-0.027887774532134983,1.25838758528216,0.14030056742730534,-0.08844767754718316,0.2745873891184158
2015-11-13,-0.8638050240901314,-0.06975766222194049,0.5350343304080208,-0.4340689586258543,0.4078962335057536
2015-11-16,0.09140533579402312,-0.35281829690210637,-0.5786787865732321,-0.07273761931634867,-0.28245413917694745
2015-11-17,-0.7783322489452296,-0.45956598662537923,-0.7478503992792576,1.3411676214600496,0.07384117844072838
2015-11-18,0.5030161761223504,0.14271599912918465,-0.0570663140630211,0.005812671837913042,0.1294889548172254
2015-11-19,-0.04101819926025423,1.291544840761694,0.2953745457411646,-0.22983820162482746,0.5963715744556642
2015-11-20,-0.09354958454429717,0.4240539001649292,0.013421857897809772,-0.4969091915492592,0.08476147209661829
2015-11-23,0.9850866687052716,-0.24579581445976634,-0.8042409368479223,-0.009897386392943767,-1.6190471430050746
2015-11-24,0.11084850894376273,0.28291929429603996,0.2812769113489984,-0.3083884927790668,-0.17175839652591762
2015-11-25,-0.027887774532134983,1.213959471068869,-0.9170220119852517,-0.5283293080109506,-0.5411864927379825
2015-11-30,1.6738800560933769,-1.3353995705897381,-0.09935921723951963,0.5870848263793024,-0.6095913371210296
2015-12-01,-1.1991590904841545,1.3197454173325225,0.2953745457411646,0.5399546516867767,0.813933314055958
2015-12-02,0.3586312931754778,0.7369731767780376,0.1684958362116377,-0.37122872570247173,-0.4970381865751934
2015-12-03,0.4818721798462205,0.15843335053177396,0.8310846526435419,0.571374768148468,-1.1163540482200882
2015-12-04,0.3325387198224759,0.12337947948119371,3.2558777680964055,-1.0938914043215278,2.059375475184261
2015-12-07,-0.8566100150813585,0.17576536066179413,-1.3117557749659674,1.0583865733047833,-0.5858430736227236
2015-12-08,0.6504204783185464,-1.8045490590352797,0.9297680933887051,-0.22983820162482746,-0.6993359467529141
2015-12-09,-0.2181922737555123,-0.15732855554757838,0.9297680933887364,-0.2612583180865187,0.8141266964224766
2015-12-10,0.1316935020406139,1.1421825106968522,0.02751949228997595,-2.1621753640192325,1.1687607236670712
2015-12-11,-0.045614318735393886,-0.6832805225269603,0.09800766425080683,0.47711441876337174,-0.2829718072130792
2015-12-14,0.7902451159898459,-0.8785343752091991,0.46454615844719,-1.580903209477821,-0.32795779849379386
2015-12-15,0.16644343692708477,0.950673695737261,0.09800766425080683,0.30430377822403615,0.40893280508785
2015-12-16,-0.8009459687979161,-0.8078940836995043,-0.8042409368479223,1.1840670391515484,-1.4582944903349846
2015-12-17,-0.8083219681022389,-0.3866556033362749,-1.2976581405737697,0.9641262239196872,-1.2180704656291628
2015-12-18,-0.9187104875718245,-0.8464552020955253,-0.07116394845521859,-0.009897386392943767,0.029541119159864935
2015-12-21,-0.422252830130408,0.4955507189127399,0.4786437928393562,-1.9736546652490403,-0.2183356143005369
2015-12-22,-0.1290500329868702,1.0581020468658997,1.155330243663395,-0.009897386392943767,-0.2749277793701644
2015-12-23,-0.4110648083315226,0.19435800991695262,-0.5081906146124013,-0.009897386392943767,0.17621348831259562
2015-12-24,-0.027887774532134983,0.38740036697821845,0.4363508896628577,-0.5597494244726419,0.3788938726946866
2015-12-28,-0.28231913785672497,0.0009455569701906099,0.21078873938816753,-0.7325600650119998,0.007014271406772265
2015-12-29,0.8932747948746352,0.14135242683383403,-0.14165212041604947,-0.18270802693227936,-1.0874939430385844
2015-12-30,0.18725378255176056,0.4392980189996253,-0.3672142706907082,0.25717360353148805,-0.15130906986474765
2015-12-31,-0.4174885712040629,0.31616699826779876,-0.5504835177888998,-0.009897386392943767,0.10880381465437539
2016-01-04,0.5121694624202751,-1.4553144248548477,0.1543982018195028,-1.5651931512469641,-0.5476204408152956
2016-01-05,0.28660900530716765,-0.22777884333950504,-2.1435162041038653,0.005812671837890716,-1.139682199989611
2016-01-06,0.6619154242415489,-1.5342100950534274,-0.0570663140630211,-1.6123233259395122,-0.06125396842905919
2016-01-07,0.7399713248331334,-1.453139998853956,1.7756261569187695,-0.7954002979353825,-1.0989661990837427
2016-01-08,-0.983124380843701,0.356244718518091,-0.09935921723951963,0.46140436053251493,0.4179900352522504
2016-01-11,0.4432641224910243,-1.511962518778817,0.3799603520941617,-0.009897386392943767,-0.3811137102319894
2016-01-12,0.3736104246454568,0.07231091610546385,-0.7337527648870914,-0.811110356166217,-1.5508876731350956
2016-01-13,-0.22895504099753167,0.9449526755674412,-0.28262846433771116,0.6813451757643987,-0.45284284045986356
2016-01-14,0.9763301498081689,-1.8363393114661624,1.0848420717025644,-1.3452523360151027,-0.08504763940105767
2016-01-15,1.2923449888899692,0.3228290973883266,0.2953745457411646,1.1840670391515709,-0.36153566019223954
2016-01-19,0.4808574239626314,-1.3065956849565874,-0.649166958534063,-0.8896606473204787,-0.5698156529140961
2016-01-20,1.581226027554785,-0.1426903963814917,0.5491319648001871,-0.92108076378217,-1.6725283388663033
2016-01-21,0.29169201820150514,0.6826105424458927,-0.19804265798471415,0.38285406937827554,-0.4348089964973214
2016-01-22,-1.237028609409425,1.805317428915267,-1.1989746998286066,0.8541558163037342,2.0128717590243332
2016-01-25,-0.4368226538841416,0.3391839655698526,0.09800766425080683,1.2469072720749534,-0.6522928818958647
2016-01-26,-0.027887774532134983,0.0009455569701906099,0.3094721801333621,-0.7325600650119775,0.007014271406772265
2016-01-27,1.2818347414226965,-0.07023114909625933,0.7183035775061811,0.19433337060808312,0.8511120372002445
2016-01-28,0.38020740883408527,0.4455258250071766,0.21078873938816753,0.35143395291658425,-0.004531577924503603
2016-01-29,-0.8388872006202897,0.9590178331065524,0.23898400817249987,3.9176171713192494,-0.02762612680813721
2016-02-01,-0.8180257940273107,-0.49545438044592055,-0.5081906146124013,0.46140436053251493,-0.3627495931239108
2016-02-02,0.5982026231674401,0.08964808635996993,0.49274142723152237,-1.1096014625523622,1.7590698775171647
2016-02-03,1.320667269544082,-1.1008060071659087,0.19669110499597003,-1.580903209477821,0.8675020351545698
2016-02-04,-1.4722808454720808,2.7654883178163634,3.8479784125674477,-2.444956412174499,1.1274236050166984
2016-02-05,-0.6993297311707173,0.3359355531924229,-0.0570663140630211,-1.942234548787349,-0.7699373226162595
2016-02-08,0.6811950797443056,-1.7663305497177495,-1.4245368501032967,0.6342150010718729,-1.254390997618277
2016-02-09,1.3008841682241405,-1.0643905896219001,1.9025048664482649,-3.0419386249467677,0.05298302505461972
2016-02-10,-1.1274364514044564,0.3920039904801151,0.2953745457411646,-0.8739505890896219,1.0965650808222525
2016-02-11,0.5042679627006168,0.6752232700523568,1.2681113188007558,-0.009897386392943767,-1.1055199736599994
2016-02-12,1.5960903797254664,0.2489857952132903,-1.015705452730446,-3.7803113617966577,1.3026363367683986
2016-02-16,-0.4146630531182716,0.9028069627139161,-1.5373179252406262,3.5719958902405784,-1.2886077939548541
2016-02-17,0.9562290471126149,-1.1489560870166347,-0.4236048082594042,-1.3138322195533891,-1.259982076612875
2016-02-18,-0.4041916684717474,1.1508472009570159,-0.7337527648870601,0.27288366176234485,0.6872961608378741
2016-02-19,-0.027887774532134983,-0.8477907838134745,0.1684958362116377,-1.7065836753246084,-0.938909599599401
2016-02-22,0.1937349335776219,1.0614949234222713,-0.9875101839460826,0.021522730068747525,-1.9177204614587997
2016-02-23,0.3139797996640488,1.1281203554335533,-0.3390190019063759,-1.1410215790140537,-0.13263612088306018
2016-02-24,-0.3186968128310064,-0.8793010971400215,-0.2967260987298774,-0.37122872570247173,-2.6478808750616127
2016-02-25,0.10259344423998576,-0.104856143528635,0.6478154055453503,0.22575348706979675,0.8049514153338159
2016-02-26,0.6560945607425573,1.145167010763106,-0.2967260987298774,1.1369368644590003,0.13587942752855714
2016-02-29,-0.6466534016281258,-1.7611901015236022,-1.664196634770153,0.8541558163037565,-1.2607760356835462
2016-03-01,-1.7904925013943906,-0.14046913535019923,-0.2262379267690465,-1.580903209477821,1.3919033963101763
2016-03-02,-1.7936530877052081,1.7463228086004956,-0.2262379267690465,2.503711930542851,0.34632481009487986
2016-03-03,-1.2886368882182169,1.3515422204748744,0.6337177711532154,0.14720319591553502,0.6377428355013655
2016-03-04,-0.44724726425889777,0.9968732635039603,0.9720609965652036,-0.7325600650119775,1.0783349116486363
2016-03-07,-0.027887774532134983,0.8544843492178381,-0.24033556116121269,0.08436296299215244,0.08836062621602458
2016-03-08,0.23287259306689223,0.3486387373038884,1.0566468029182319,-1.266702044860841,0.7612494272660217
2016-03-09,0.4608889596915682,-0.10332049837010106,-0.7760456680635899,-0.6068795991652123,0.007014271406772265
2016-03-10,-1.640490765841682,0.7820675591365295,-1.6360013659857893,1.215487155613262,-0.13207666568924847
2016-03-11,0.11255528783811464,0.2608725762507008,3.2840730368807067,-0.041317502854635056,1.0831702946853672
2016-03-14,-0.278226073464642,1.710892579898468,0.4081556208785253,0.9169960492271391,0.52625721800631
2016-03-15,0.7795715377889599,-1.6916809258584793,-0.14165212041604947,-0.009897386392943767,-2.1338222316302877
2016-03-16,0.5155749616529796,-0.6232186817413877,-0.6350693241418969,-0.6697198320885949,-0.7257708663981196
2016-03-17,-1.938406554691949,2.3866225748897802,3.4814399183710645,-1.1724416954757673,3.0880644010564704
2016-03-18,-1.0992607749745154,0.9293805177982634,-0.4518000770437366,-2.2250155969426153,1.2139677369703632
2016-03-21,-0.44213619177426927,-1.0480507051304442,-0.11345685163168581,-0.009897386392943767,-0.854565371858426
2016-03-22,0.11883281788646272,0.10428675275800113,-0.8324362056322546,1.0112563986122352,-1.145888523049331
2016-03-23,1.2457027760643868,0.43115478345189073,-0.5786787865732321,0.6813451757643987,-1.359530742844927
2016-03-24,-0.027887774532134983,-2.1216006645193106,-0.24033556116121269,0.6813451757643987,-0.6089450965704394
2016-03-25,-0.027887774532134983,0.0009455569701906099,-0.0006757764943564026,0.25717360353148805,0.007014271406772265
2016-03-28,-0.8002312980896499,0.0009455569701906099,-0.0006757764943564026,0.7756055251494949,0.007014271406772265
2016-03-29,-0.46232653044475047,1.0554494721188579,0.5632295991923533,0.16291325414639182,1.6427222515942712
2016-03-30,-0.6115421613259399,1.120571934979149,1.8320166944874654,-1.5966132677086777,1.6677425811800277
2016-03-31,-0.33546221997612335,0.6707403218691614,0.8592799214278742,0.03723278829960434,-0.03898461951057177
2016-04-01,-0.027887774532134983,-0.10200344100115705,0.6619130399375165,-0.6854298903194294,-1.3417995845219215
2016-04-04,-0.38465787080022706,-0.22223070922973154,-0.7337527648870914,-1.1096014625523622,-0.6408729412357481
2016-04-05,0.29675682813307913,-0.6179405582142974,-0.1839450235925167,-1.031051171398123,-0.28270468957640527
2016-04-06,0.9851768095031155,-0.7571920219400367,-0.43770244265157043,-0.7168500067811207,-1.550997773851194
2016-04-07,-0.46645020951811356,1.0858750389969916,0.39405798648635915,-1.7851339664788701,0.07696128495676735
2016-04-08,-0.027887774532134983,-1.4810395830436405,-0.014773410886522578,-0.8425304726279306,-0.08625228786344465
2016-04-11,-0.3340030215905554,0.41525270372506773,0.3799603520941617,-1.015341113167266,1.935972743223037
2016-04-12,0.37794603576932134,1.137376944486445,0.08391002985864064,-0.041317502854635056,0.9550033121441232
2016-04-13,-0.28794636986915206,0.841910600771772,-1.3822439469267982,0.8855759327654478,-0.7904700723856203
2016-04-14,-0.027887774532134983,-0.30770914157706697,-0.649166958534063,1.168356980920714,-1.2457892935481472
2016-04-15,-0.027887774532134983,0.9430711559721138,0.45044852405502384,0.508534535225063,0.5645063916501116
2016-04-18,0.9090345111029023,-0.7696663828156813,0.3094721801333308,-2.6963173438680963,0.07662298556158312
2016-04-19,-0.027887774532134983,2.085629837876534,0.5209366960158547,1.6396587278461727,2.041226658563233
2016-04-20,-1.7131477672371798,-0.2545958648798478,0.5068390616236572,0.17862331237724863,0.0761031978413529
2016-04-21,0.18012812318785373,0.6649053761302538,-0.3390190019063759,0.7913155833803516,0.007014271406772265
2016-04-22,0.7626015792571335,-0.8505484131037867,-1.2976581405737697,-0.4811991333184024,0.018527439114199854
2016-04-25,0.7283133687587497,0.0009455569701906099,0.013421857897809772,3.037853910391714,0.8921128489504798
2016-04-26,0.16575648437505558,-0.8871546396084755,0.32356981452549693,-0.5911695409343555,1.2780432423125274
2016-04-27,-0.7661446173211309,-1.4048321524636265,0.2248863737803337,0.32001383645489295,0.49785211237897437
2016-04-28,-0.5878749526368354,-0.22252200421530346,0.7746941150748459,0.8698658745345687,-0.6323855586424374
2016-04-29,0.4198003729699321,0.6880119483885834,0.6337177711532154,-0.009897386392943767,0.7148349053171125
2016-05-02,-0.7173465391052776,-0.8237213208067252,1.2681113188007245,-8.399068481666172,0.007014271406772265
2016-05-03,-0.32028654523147204,-0.6190313242017559,1.0707444373103983,-0.009897386392943767,0.6675568191441223
2016-05-04,1.0378030830285778,-1.20820970860548,-0.9029243775930855,-0.009897386392943767,-2.1855807290431226
2016-05-05,-0.13980323516825985,-0.01636310652692185,-0.9311196463774492,-0.009897386392943767,-0.21089562773434664
2016-05-06,0.2587276619796444,-1.8394044690747453,-0.1698473892003505,1.4982682037685284,0.511390187642797
2016-05-09,-0.6018225807075623,-0.3998562334386529,-0.4518000770437366,0.28859371999317934,-0.6924771809113648
2016-05-10,1.096276416498258,-0.7498050745646823,-0.28262846433771116,1.4040078543834544,-0.23419823384241908
2016-05-11,-0.13279383724107338,0.6121624655569708,0.4786437928393562,0.5870848263793024,0.0185052834492818
2016-05-12,-0.4151348384503374,-0.48792926426322425,-0.28262846433771116,-0.716850006781143,0.2367357646134541
2016-05-13,0.6160301182374246,-0.6112596054108711,-0.5786787865732321,0.6499250593027074,-0.36063042839969417
2016-05-16,0.21121304498050647,-0.3669723328736588,-0.3390190019063759,-0.009897386392943767,-0.6951453011173783
2016-05-17,-0.41520462764059113,1.2081443313208498,-0.08526158284738476,0.33572389468572744,1.4325156706045967
2016-05-18,0.7194487693966164,-1.2062532173804685,-0.5504835177888998,0.8070256416112084,0.08727062459243108
2016-05-19,1.2180013515848989,-1.5104455357272197,-1.1566817966521081,0.8227356998420206,1.7668723453794413
2016-05-20,0.6635476205800599,0.8103019986755937,0.3094721801333308,-0.11986779400887446,-0.6430761038812974
2016-05-23,-0.2559534489066565,0.05365463145401972,-0.0570663140630211,-0.32409855100992363,-1.2518192118103975
2016-05-24,1.3624691086189253,-0.8963584731546371,-0.6632645929262292,-0.8268204143970738,1.5283461714900177
2016-05-25,-1.0375931184048421,0.2827389517436922,-0.31082373312204353,1.3568776796909063,0.6906393234093571
2016-05-26,-0.6575250329574419,0.12414778162207879,0.3094721801333308,-0.716850006781143,0.38229946115526126
2016-05-27,-0.9060748317081359,0.22961682887542811,-0.0006757764943564026,0.30430377822403615,-0.45932477024951585
2016-05-31,0.5274841220051757,0.2645826957643911,-0.19804265798471415,1.8595995430780563,-0.40309403232612995
2016-06-01,0.5571962426897928,0.492455135868955,0.2812769113489984,-0.6382997156269036,-1.9607064097394409
2016-06-02,-0.4161059375325997,-0.5432730964124028,0.19669110499600134,-2.586346936252143,-0.1652451193446868
2016-06-03,-0.07405798816059447,0.12391913314896998,-0.4799953458280689,-0.15128791047058807,-0.2573223172440224
2016-06-06,-1.1261937555471275,1.4902259704462144,2.7483629299783607,-3.183329149024389,-0.17701900245390959
2016-06-07,-0.5427154655132852,1.6741983003024916,-0.014773410886522578,1.2940374467675015,2.2531489060295553
2016-06-08,-0.39623048078191014,0.4698873189932808,0.4222532552706602,-1.1410215790140537,-0.2099381131806961
2016-06-09,-0.4697809977825913,0.19178796540981166,-0.4940929802202038,-0.716850006781143,-1.1720238838359769
2016-06-10,0.6417681687362125,-0.8674904319362006,-0.5504835177888998,0.7441854086878036,-0.521150745528389
2016-06-13,1.0684044291576866,0.0009455569701906099,-0.5081906146124013,-1.4238026271693198,-3.0203316430345066
2016-06-14,0.27908421137589007,-0.24266335530295194,-0.6068740553575646,-0.29267843454823234,0.0767094166466361
2016-06-15,0.0018889387653216315,-0.46942561833026647,0.06981239546647447,0.14720319591553502,0.3668303925728923
2016-06-16,0.15696697887123728,0.2971903389676337,-0.790143302455756,-2.2093055387117584,-0.7596010695282155
2016-06-17,-0.17905183001914438,-0.033891736391777644,1.1271349748790627,-0.009897386392943767,1.480310743087383
2016-06-20,0.9125590855750404,0.9575142386736198,1.0989397060947306,-0.08844767754718316,4.221533981156423
2016-06-21,0.23741867102901235,0.5041044605318424,-0.25443319555337884,-0.8739505890896442,1.4621677630782262
2016-06-22,0.28506888175473777,-0.20715676903606484,-0.4377024426515391,0.6185049428410161,-0.8105809961153072
2016-06-23,-0.7564780930066812,1.2474203748093224,1.4936734690754145,0.22575348706979675,2.4188669248794543
2016-06-24,2.476386152871463,-2.531995820539852,-4.554211685164532,-4.958565729110315,-13.729392136967915
2016-06-27,-0.4708967159641954,0.38397962570499616,-0.9593149151617502,1.168356980920714,-5.891815681917185
2016-06-28,-0.07943915809300409,-0.1905109334404907,1.0566468029182006,-0.32409855100992363,1.5745627176197485
2016-06-29,-0.5804610297269761,-0.19063202135393365,0.23898400817249987,0.5399546516867767,0.9912914049849493
2016-06-30,-0.5243930608728319,0.679629111648626,0.168495836211669,0.7756055251494949,0.7967375957498349
2016-07-01,-0.7121421901661353,0.5913802463055201,0.4645461584471587,-0.009897386392943767,-2.392955309972638
2016-07-05,-0.17697287103792306,0.9882172163536995,0.1543982018195028,-1.1567316372449103,-1.5398073229709497
2016-07-06,-0.027887774532134983,-1.4029840297978609,-1.0861936246912771,-2.0050747817107317,-2.1705169113326277
2016-07-07,0.3403807460403817,1.474036686466603,0.1543982018195028,0.06865290476129562,0.6169656820186352
2016-07-08,-0.17919090875639107,-0.570109984197768,-0.14165212041604947,-0.08844767754718316,-0.5785136135974006
2016-07-11,-1.2625694507790752,1.2282493643437151,-0.2967260987298774,-0.29267843454823234,-0.017409254200917948
2016-07-12,-0.010253992814611102,0.5008118153411941,0.6055225023688517,3.5719958902405784,2.196663099819841
2016-07-13,0.19733032819702737,0.24196538874156728,-0.28262846433771116,2.032410183617392,1.650158989657034
2016-07-14,-1.1696441236572828,0.15578566990577802,1.1976231468398937,-0.24554825985566192,-0.9221138385894047
2016-07-15,-0.027887774532134983,0.25883665190915783,-0.40950717386720675,2.346611348234372,1.83818969607318
2016-07-18,0.7099075748501699,-0.44620531635228305,-1.0579983559069448,-0.009897386392943767,-1.6670793880862238
2016-07-19,0.14732845929358643,-1.2234934040770382,-0.25443319555337884,0.38285406937827554,-0.7792752288304262
2016-07-20,0.0731914381367581,-0.4832959068521387,-0.31082373312204353,0.16291325414639182,0.03124067157554904
2016-07-21,0.09547104016829122,-0.24146578078036227,0.02751949228997595,1.8753096013088908,0.1886456438866185
2016-07-22,-0.29425747760474746,-0.18965668138890115,-0.014773410886522578,-2.130755247557519,-0.9387550994512764
2016-07-25,0.3930894755988519,0.15690176241394604,-0.4518000770437053,0.8855759327654478,0.298359839417546
2016-07-26,0.46078759039240463,0.6585435121680434,0.21078873938813622,-3.199039207255246,-0.12648157156307932
2016-07-27,-0.5431727444119462,-0.7086288788279961,-0.08526158284735345,1.168356980920714,-0.22371912767113203
2016-07-28,-0.737933988385167,0.7450908973309451,1.3949900283302514,-0.4811991333184248,0.5895543795386633
2016-07-29,-0.1103001167910519,-0.05091227956730978,0.32356981452549693,-1.3452523360150805,0.34627177126331193
2016-08-01,-1.1796087504558626,0.0009455569701906099,0.7183035775062124,-2.460666470405356,0.05544616808523117
2016-08-02,0.050939950593359665,0.43282316505914764,0.408155620878494,0.005812671837913042,0.6721066951301458
2016-08-03,0.6632224041710219,0.7251166184646722,0.09800766425083812,-1.8951043740948008,1.332489260353925
2016-08-04,0.003162306758030419,0.31077538157733803,-0.9029243775931168,0.14720319591553502,-0.7272485345695819
2016-08-05,-0.5416608043831711,0.9113862610171558,0.2812769113489984,-0.16699796870142256,-1.5157692554711972
2016-08-08,-0.3170737211027889,-0.8578876394217471,-0.9734125495539163,1.3254575632291927,-1.1222687289660889
2016-08-09,0.8481622025302453,0.36195213041304447,-0.12755448602388328,0.38285406937827554,-0.9924812506456953
2016-08-10,-0.8901411179731096,1.0985098551586157,1.4936734690754458,-1.3452523360150805,1.0308433203814191
2016-08-11,0.4167702879784563,0.10363860760298017,-0.43770244265157043,-0.009897386392943767,-1.0656618288757957
2016-08-12,-0.15345129288484433,-0.1702288742625451,0.06981239546647447,0.8384457580728997,-0.20068059708790376
2016-08-15,-0.027887774532134983,-0.5817721187905516,0.3094721801333621,-1.1724416954757673,-0.5312637469457733
2016-08-16,0.2597582330203711,0.7034954905394785,1.6205521786049102,-1.6123233259395122,0.7529871582539938
2016-08-17,-0.027887774532134983,-0.46152602864433717,-0.26853082994554506,0.33572389468572744,0.3487652274515722
2016-08-18,-0.43879301749590405,0.685837071289794,0.6337177711532154,-1.1096014625523622,1.7822901946311376
2016-08-19,0.5060872248826203,-1.14712470636045,0.06981239546647447,0.8541558163037342,-0.4054042195343312
2016-08-22,1.0094604141361359,-0.9447631895062977,-0.28262846433771116,0.6342150010718729,-0.4060111638164589
2016-08-23,-0.4413239140591981,0.9123165756483437,0.4645461584471587,-0.9996310549364317,1.1595358122189887
2016-08-24,0.14265871474658262,-0.669419327359667,-1.0016078183382486,0.33572389468572744,0.7445669733193913
2016-08-25,-0.2019639622222191,0.4823833283269239,0.3094721801333308,0.14720319591555733,-0.5368943794710922
2016-08-26,-0.2542780965843258,0.15553104919924482,-0.0006757764943564026,-0.009897386392943767,0.05540441465026083
2016-08-29,0.5645582125361123,-1.5312115913272433,-1.6923919035544854,2.2994811735418237,-1.3996984770741379
2016-08-30,-0.39276686822693035,0.31144585625814303,-0.02887104527868875,0.021522730068747525,-0.005143268614638811
2016-08-31,-0.44628947822236814,-0.9488066448523413,-0.5081906146124013,1.5925285531536246,0.662768953345908
2016-09-01,-0.13553791983041455,0.4157491349015679,0.19669110499600134,0.6342150010718729,1.3139448463294667
2016-09-02,-0.4738799886756604,0.36343330997137135,0.6619130399375165,-0.11986779400889679,0.13978669967893426
2016-09-06,-1.1860635211622694,1.2061147369067993,-0.4799953458280689,0.30430377822403615,0.8985816997988461
2016-09-07,-0.7606493977513931,0.8417200513342722,1.0989397060947306,-3.230459323716937,0.6078252830626094
2016-09-08,0.31479298306273934,0.3434492857369263,0.8310846526435419,0.32001383645487064,-0.10103683224134065
2016-09-09,0.3594257617081703,-0.7873927782738643,-0.3954095394750406,0.9169960492271391,-0.6782771247201389
2016-09-12,1.3738420321883391,-2.0480218456743384,-0.5927764209653983,0.5870848263793024,-0.595499340385855
2016-09-13,-0.027887774532134983,0.05277086128810346,0.2953745457411646,-1.1567316372448881,0.06732387356881159
2016-09-14,0.21778982505620065,-0.9679252065088292,-0.40950717386723806,1.8753096013088908,-0.8505990845529603
2016-09-15,0.21010559337766344,-0.1897330335452489,0.5068390616236885,-0.9682109384747181,0.3092898241625171
2016-09-16,-0.595337336100623,0.7283462009097083,-0.3954095394750406,-0.8582405308587651,-0.6341968632925574
2016-09-19,-0.054246100852848936,0.5712517451093807,-0.8606314744165869,-0.009897386392943767,-1.4623964387782744
2016-09-20,0.5470768866531236,-0.033587905468003,0.26717927695683225,-0.05702756108549187,-0.9809573409791156
2016-09-21,0.14126108455085465,0.2253427208826835,-0.4799953458280689,-0.22983820162482746,0.36113232673601714
2016-09-22,-0.8845452077356856,1.412555395493786,1.2399160500163922,-0.009897386392943767,0.6773926619419808
2016-09-23,-0.7893944570939803,0.0009455569701906099,-0.3390190019063759,-1.2352819283991499,-0.9563954509765874
2016-09-26,0.19937256662567948,-0.22240792870794213,0.676010674329714,-0.32409855100992363,-0.5799678669197349
2016-09-27,-1.0029991836925223,0.7219564470560552,-0.5927764209653983,-0.041317502854635056,0.37402195098806706
2016-09-28,-0.0852884425348845,0.2751655738409507,0.06981239546647447,-0.32409855100992363,0.7639793372549656
2016-09-29,0.3831454062595377,0.03520561078137805,-0.0570663140630211,1.278327388536667,-0.02956610349536499
2016-09-30,0.39672227114529196,-0.9254387146139811,-0.8465338400244208,-0.5126192497801161,-0.6522491063676185
2016-10-03,-0.5280108513847468,0.0009455569701906099,1.0566468029182006,0.508534535225063,-0.9234693133908204
2016-10-04,0.06264624514561372,0.721711357858664,-1.0579983559069135,0.9169960492271391,-1.468480382806904
2016-10-05,0.02744541965586664,-0.6682800574033645,0.704205943114015,1.3254575632291927,-0.48654616809822754
2016-10-06,0.21820599708576274,-0.6353304623633123,-0.3672142706907082,0.9484161656888304,-0.22773135294340785
2016-10-07,0.5845835792677824,-0.3952520658545938,-0.6350693241418969,0.5242445934559199,-4.076698995877045
2016-10-11,-0.027887774532134983,-0.3612532377533164,-0.8606314744165869,0.22575348706979675,-1.5146087521676432
2016-10-12,-0.027887774532134983,0.4320855219369076,-0.8324362056322546,-0.5126192497801161,-0.01820595979110727
2016-10-13,0.2075770634090928,-0.6891732480035212,0.2530816425646347,1.3568776796909063,-0.6242292078956502
2016-10-14,-0.02473915022705463,0.7772187655078796,-0.50819061461237,-1.078181346090671,0.38593070958876297
2016-10-17,-0.30432096086040694,0.2936873729175716,-0.1134568516317171,0.5870848263793248,-0.9159094370247824
2016-10-18,-0.22928920175136175,1.2376662492274844,-0.014773410886522578,-0.6068795991652123,1.5099513814799186
2016-10-19,-0.07638869503485994,-0.08477486849607793,-0.19804265798468285,-0.041317502854635056,0.2714049952288533
2016-10-20,0.07698932306322233,0.0695238378718318,0.013421857897809772,-0.27696837631737553,-0.5220164838875262
2016-10-21,0.57534076394973,-0.6855369248336748,-1.3258534093581336,0.7598954669186604,-0.6367237769878158
2016-10-24,-0.1529889866522369,-0.2568870011831717,0.06981239546647447,-0.29267843454823234,0.3984819813944037
2016-10-25,0.03191634311440212,0.24159610397575612,-0.26853082994554506,0.8070256416111861,-0.08133394635639499
2016-10-26,-0.48305059575899695,0.9273822971608376,0.7464988462905449,-0.18270802693227936,-0.23292832286704993
2016-10-27,0.45756544343623684,-0.8911281354866637,0.02751949228997595,0.32001383645489295,0.5875754218507182
2016-10-28,-0.14119933819134514,-0.5837570786077466,-0.07116394845518728,1.0740966315356177,-1.5734084914657078
2016-10-31,-0.027887774532134983,0.2762403357701341,0.33766744891766315,-0.716850006781143,0.4630892317448652
2016-11-01,-0.5896469176906887,0.6880898780637359,1.1130373404868965,0.06865290476129562,0.8033663946292939
2016-11-02,0.4268107244264641,-0.49707863311499734,0.9861586309573698,-1.6280333841703691,0.970985228548347
2016-11-03,-0.5606800113901345,0.7562475282551618,-0.4377024426515391,-0.009897386392943767,1.9000912526089113
2016-11-04,0.08135820306776734,0.2066105634781807,0.408155620878494,-1.2038618119374362,0.4689395138318593
2016-11-07,0.004443618207614014,-0.10186949140569974,-0.4377024426515391,2.1580906494641794,-1.0114786679298398
2016-11-08,-0.11779450929965378,0.4462256112409436,-0.33901900190640716,0.005812671837913042,-0.13073456826782065
2016-11-09,0.3248619185766969,-1.7841155703525775,-0.22623792676901522,-4.015962235259376,0.4388184114890368
2016-11-10,-1.4872308648195542,1.1178409003773158,-1.7910753442996799,6.2741259059465655,-0.37469155854939673
2016-11-11,2.3452520855517784,-0.7374624401035881,0.12620293303517047,1.2469072720749534,2.6308985067649466
2016-11-14,-0.027887774532134983,-1.2395031741685838,-1.7910753442996485,1.2469072720749534,-1.1180640915474453
2016-11-15,2.659528767465696,0.20804009474195084,-0.1698473892003818,0.6185049428410161,-1.2914877419594004
2016-11-16,0.2121574989495125,-0.10258401354443313,-0.8888267432009194,1.718209019000412,0.019528517170825592
2016-11-17,0.48217122338128554,-1.2788370857081997,0.21078873938816753,0.22575348706979675,0.8005283089740659
2016-11-18,0.6806972388298234,-1.458363430786094,-1.2412676030051364,2.2680610570801103,-0.917927185784529
2016-11-21,0.6044180059478198,-1.2205388208303773,0.02751949228997595,0.5085345352250854,-0.4064444719073934
2016-11-22,-0.12738243782208694,1.292080490480828,-0.19804265798468285,-0.6854298903194517,0.8583252761426148
2016-11-23,0.917355518291909,0.5054336964399558,-0.21214029237688034,-0.009897386392943767,-0.6750808914056948
2016-11-28,0.9170852865382172,0.8687844082346069,-0.19804265798471415,2.503711930542851,0.08218857522616617
2016-11-29,-0.2961150549695675,0.0009455569701906099,-0.1698473892003505,-0.08844767754718316,0.9075388082810941
2016-11-30,-0.5171379796843956,-0.051054717618692284,0.8310846526435106,0.5242445934559199,-0.2803393205659593
2016-12-01,-0.6146340220189086,-1.1453248046481874,-0.11345685163168581,3.1478243180076677,2.111608865669514
2016-12-02,-0.04520983723492874,0.05314296634982545,0.21078873938816753,-1.0624712878598142,-0.005392648538701164
2016-12-05,-0.7934894026620077,0.7307664210852161,0.8451822870357081,0.1000730212229869,1.3931911081542674
2016-12-06,-0.5615591461488507,0.10506228534925974,0.4504485240549925,-0.19841808516311382,0.27849633614057484
2016-12-07,-0.6533416792681921,-0.5026171545477307,-0.0570663140630211,0.8855759327654255,-1.979628020655638
2016-12-08,-1.732357025364908,1.163084456910347,0.45044852405502384,-1.3452523360150805,1.0732564922897336
2016-12-09,0.5626340085348459,-0.6576306314520444,-2.862495558104403,1.6396587278461727,-0.9847073641917357
2016-12-12,-0.027887774532134983,-0.10317117140887852,0.5209366960158547,1.6396587278461727,0.4351240639966033
2016-12-13,-0.40699692297927303,0.6943820538187758,0.19669110499597003,-0.5126192497800938,0.9045427703709026
2016-12-14,0.25931832688346224,-0.016371022451357683,0.4786437928393562,-0.025607444623800574,-0.6983874473882731
2016-12-15,0.9013667226264765,-1.2310687926869683,-3.17264351473209,3.886197054857558,-2.0637134287338403
2016-12-16,-0.11212606969907114,-1.0266669434840727,0.2812769113489984,0.8541558163037342,-0.6616112246109846
2016-12-19,-0.22791458747736348,-1.205277841387063,-0.24033556116121269,-1.3766724524767942,-0.16195630554264182
2016-12-20,0.6287259513341796,-0.6829636317238393,-0.8183385712400885,-0.15128791047058807,-0.8896041509612211
2016-12-21,-0.11704901436564027,0.10626291288375646,0.8028893838592095,1.0740966315356402,0.28947592069640465
2016-12-22,0.1318060487487025,-0.4381185370772965,0.32356981452549693,-0.6068795991652123,-0.3696644706002825
2016-12-23,-0.035250195343984304,-0.5267728089928259,0.02751949228997595,-0.009897386392943767,-1.0251612763083464
2016-12-27,-0.027887774532134983,0.0009455569701906099,-0.014773410886522578,-0.27696837631737553,0.007014271406772265
2016-12-28,1.1834019830573683,-0.05187688024603444,-0.6209716897497307,0.33572389468572744,-0.2831814003395656
2016-12-29,-0.41739084636660606,0.05376799418641565,0.7324012118983474,-1.3452523360150805,0.29720994315311017
2016-12-30,-0.6831009198800828,0.5462387113370204,1.2399160500164235,0.06865290476129562,0.5990913557500134
2017-01-03,0.4816465877129451,-0.03420503958201002,-2.1999067416725304,-0.009897386392943767,-0.15033115313170498
2017-01-04,0.3301772922797754,0.10638511205766042,0.7324012118983786,1.7653391936929825,-0.06854287779372968
2017-01-05,-1.540277643241209,1.0883438909587784,0.9015728246043727,-2.09933513109585,0.28395776050973887
2017-01-06,-0.027887774532134983,0.28093195744626653,1.2399160500163922,-1.4238026271693198,0.7797505614217172
2017-01-09,1.512292889522609,-0.13901529359591622,-1.0298030871225812,-0.009897386392943767,-2.5264409332991273
2017-01-10,-0.49995179910123105,1.1188257894330462,0.7183035775061811,0.44569430230165813,-0.2843471869479379
2017-01-11,0.6035314872110488,0.12296379243624564,-0.9029243775930855,0.005812671837913042,-0.214876602510783
2017-01-12,-0.57541801169257,1.4093073915375058,2.480507876527172,-1.5023529183235815,2.0229332236769744
2017-01-13,0.5327570600398697,0.3996600166504245,-0.25443319555337884,-0.10415773577803998,-1.305796838669017
2017-01-17,-0.7234637963148366,0.26069426413896735,0.32356981452549693,-1.3766724524767717,0.5252983200524475
2017-01-18,-0.471049711199389,0.8996871613599293,-0.28262846433771116,-1.690873617093774,0.7889473445208909
2017-01-19,0.9009392957529689,-0.5172337313654046,0.0557147610743083,2.7393628040055913,0.5480460903913412
2017-01-23,-0.38441965363077435,0.6916544765854014,0.6619130399375165,-1.4552227436310334,1.3425382009113442
2017-01-24,0.25297399248763097,0.24232206904719025,0.46454615844719,-1.7380037917862998,0.2758577931063858
2017-01-25,-0.03329360314401001,-0.5683213186160857,-0.07116394845518728,1.1212268062281658,1.5525478144655018
2017-01-26,-0.027887774532134983,0.0009455569701906099,-0.6068740553575646,-0.22983820162482746,0.1685541808302488
2017-01-27,0.16009355713752216,-0.2581662025340826,-0.26853082994554506,2.566552163466256,-0.7206486709861061
2017-01-30,-0.6525579891120693,0.41541804870412513,-0.7196551304949252,-0.9525008802438613,-0.1736387783878674
2017-01-31,-0.9193237698934393,0.25970316726832177,1.7615285225266033,-1.2667020448608635,-0.7105155876940942
2017-02-01,-0.6755682814041991,-0.01629807525765445,0.49274142723152237,-0.9525008802438613,2.340054933672022
2017-02-02,-0.7984447500653102,1.2399848435092435,0.25308164256466603,-0.7954002979353825,0.24235042479257562
2017-02-03,-0.2835428395572594,0.2584420436292753,-0.945217280769584,0.7756055251494949,-2.255408102764223
2017-02-06,-0.7579483020337979,0.20678526053548263,-0.40950717386723806,-0.716850006781143,-0.11158153617485894
2017-02-07,0.650231204735598,0.10381297887184378,-0.5222882490045675,-1.1096014625523622,-1.2255996958001505
2017-02-08,-0.27562780610996984,-0.6683179706774689,-0.14165212041601816,0.8541558163037565,1.408144133943666
2017-02-09,-1.1777643702106266,-0.11933534531879345,0.3799603520941617,-0.3555186674716149,0.8294163317404721
2017-02-10,-0.3248777599373006,0.34447864221610347,-0.8888267432009194,2.3780314646960634,-1.30248782311672
2017-02-13,0.08843336722302024,0.34408947975926824,-0.0006757764943564026,0.30430377822403615,0.9679128026871678
2017-02-14,-0.11590992059221761,0.2237808357196359,-0.08526158284735345,-0.37122872570247173,-0.7976703758122587
2017-02-15,-0.12458839365242104,-0.1190222998776015,-0.9593149151617502,1.0269664568430696,-0.47440327891590284
2017-02-16,0.08021020401345473,0.7200410308393242,1.3667947595458878,-0.7639801814736911,0.8692291817673214
2017-02-17,0.36443488930931006,-0.06746622480072692,-0.02887104527868875,-0.6540097738577381,-0.9678589930113287
2017-02-21,-0.027887774532134983,-0.7011674793951873,-1.5937084628092908,0.08436296299215244,0.06334910132684853
2017-02-22,-0.35105068985831095,0.39501422904333466,-0.33901900190640716,0.11578307945384372,0.1759509446166677
2017-02-23,-0.5363942261401109,-0.06755130927195967,0.8451822870357081,-0.3555186674716149,0.544432061640636
2017-02-24,-0.027887774532134983,0.514294903847467,0.5068390616236885,-0.8111103561662393,0.9356927153070534
2017-02-27,-0.4620440792854041,-0.3754255430649894,-0.31082373312204353,-1.10960146255234,-1.6843534658573445
2017-02-28,0.02178835636029656,-0.11890702114944075,0.14030056742733665,0.6185049428409937,0.3073361112805745
2017-03-01,0.4081557204028736,-0.5475566579984261,-0.9029243775931168,0.6970552339952555,-1.5606958299644103
2017-03-02,-0.44106758470657054,-0.016211151450951897,-0.26853082994554506,1.5611084366919332,-0.4209221693752216
2017-03-03,0.3349096653859956,-1.5988908953821006,0.7183035775062124,0.38285406937827554,-0.6992477750003774
2017-03-06,-0.3410225750149771,0.19061472041408217,0.3799603520941617,-0.716850006781143,0.43602815351623775
2017-03-07,-0.5059783747893339,0.8100150276067266,-0.22623792676901522,0.30430377822403615,-0.8959384780429449
2017-03-08,-0.021965577372147715,-0.5152322426580387,-0.28262846433771116,-0.5283293080109506,-0.4803970452381325
2017-03-09,0.5026027289528218,-1.3106551804117104,-0.07116394845521859,1.1997770973824053,0.045024799342031026
2017-03-10,-0.35394561085482096,0.1392765402846825,0.7746941150748772,1.1840670391515709,-0.10703275999577738
2017-03-13,-0.027887774532134983,0.0009455569701906099,0.8028893838592095,-0.5597494244726642,1.0444009588592194
2017-03-14,-0.027887774532134983,0.0009455569701906099,-0.4518000770437366,-0.009897386392943767,-1.2205538508363916
2017-03-15,-4.697622429718961,0.8985604036523293,-0.12755448602385197,-0.08844767754718316,0.8112351544835411
2017-03-16,-0.5543270947439877,1.7882347322068082,1.4654782002910822,-2.2093055387117584,1.312911711382897
2017-03-17,0.604918905035568,0.18937053095027703,0.1543982018195028,0.06865290476129562,0.81777174671447
2017-03-20,-0.664314804775172,0.5997009712366005,0.21078873938813622,-0.009897386392943767,0.3143636578175958
2017-03-21,-0.3136479982795118,-0.2726243559111754,0.7042059431140463,-1.1881517537066018,0.983278786207514
2017-03-22,0.6815223746128329,-0.6840621195098936,0.06981239546647447,-1.8793943158639441,-0.15546082936822736
2017-03-23,-0.2934947599252666,-0.10193933463267289,-0.2967260987298774,-0.05702756108549187,0.6438779837793975
2017-03-24,0.11720415238504178,-0.7546133200135149,0.26717927695683225,-0.22983820162482746,-0.03040832116565273
2017-03-27,-1.5142849561508231,0.25873422997034706,1.1835255124477275,-1.5023529183235815,1.1337396609727994
2017-03-28,-0.027887774532134983,-0.3084271876980899,-0.4236048082593729,0.27288366176232254,-0.3908691190114261
2017-03-29,-0.569864881113129,0.4992239924810084,-1.5655131940249898,1.0112563986122352,-1.540133970215003
2017-03-30,-0.11980936900058341,0.32695997898759843,-0.15574975480818434,0.19433337060808312,0.29463033941508115
2017-03-31,-0.4084638440769663,-0.3250688650472172,-0.6491669585340943,1.0898066897664747,-0.017984123744676988
2017-04-03,0.2627607902834167,-0.72096542132929,-0.4236048082593729,-1.1881517537066018,0.6250710567033245
2017-04-04,-0.027887774532134983,-0.44681544909804527,-0.14165212041604947,-1.282412103091698,-0.667297045614068
2017-04-05,0.5124365349431975,0.06987496116989934,0.379960352094193,0.46140436053253725,0.3880743877640883
2017-04-06,-0.28961628250029814,-0.6545179461608531,-0.1698473892003818,-0.465489075087568,-0.27404558286239716
2017-04-07,-0.027887774532134983,-0.32731884381575227,-0.5081906146124013,-0.11986779400887446,-0.3994586350779842
2017-04-10,-2.2113757543508106,-0.5700447449004398,-0.7337527648870601,1.5453983784610765,-0.21209984182877417
2017-04-11,0.38799668081913913,0.208702948824251,0.5350343304080208,-0.9839209967055749,0.2574164405706517
2017-04-12,0.575216001213575,-0.05098043363414289,-0.15574975480821562,-2.083625072864971,0.8941419612164235
2017-04-13,-1.5586496545491249,1.5548661951996001,0.3517650833098293,-0.9996310549364317,0.5553794813287046
2017-04-14,-0.027887774532134983,0.0009455569701906099,-0.0006757764943564026,0.49282447699422854,0.007014271406772265
2017-04-17,0.334906976831299,0.0009455569701906099,-0.0006757764943564026,-1.3766724524767942,0.007014271406772265
2017-04-18,0.6261840173467539,-0.4988922586863196,0.7324012118983786,1.2469072720749534,1.4847476992966484
2017-04-19,-0.11505915867831139,-0.6725532155442374,0.6055225023688517,-0.8739505890896219,2.221415214373898
2017-04-20,0.34707291544180047,-0.24118896067809997,0.2812769113489984,0.6185049428410161,-0.4603168695557716
2017-04-21,-0.29775751841822456,0.4850211940691698,-0.6632645929262292,0.46140436053251493,-0.09762691358591184
2017-04-24,-0.4126079349359573,0.41525270372506773,2.113969382330789,1.231197213844119,0.3208208520469838
2017-04-25,-0.8370360845870175,0.0009455569701906099,0.6055225023688517,-0.19841808516313617,0.013163835528237786
2017-04-26,-1.1605578718967893,-0.7417571053037664,0.02751949228997595,2.236640940618419,0.05005744772475056
2017-04-27,0.43510742635894367,-0.5356231515968387,-0.1698473892003505,-0.08844767754718316,0.9584256161542724
2017-04-28,0.3937731788902286,-0.17234407329865864,0.6901083087218488,-0.08844767754718316,0.5151568314847009
2017-05-01,-0.027887774532134983,0.1915586990362658,-0.0006757764943564026,0.30430377822403615,0.007014271406772265
2017-05-02,-0.06801728640920637,0.9176768244878504,-0.21214029237688034,0.8541558163037342,-0.20715053911542583
2017-05-03,-0.2872370421282017,-0.6733605151759183,0.0557147610743396,-0.009897386392943767,0.03149852290157723
2017-05-04,0.24907008264086838,-1.5956975588377553,0.112105298642973,-0.009897386392943767,-0.4830770651867809
2017-05-05,0.36656773494583866,-0.5563871953810338,0.4786437928393562,-0.009897386392943767,0.6072583140318372
2017-05-08,-0.40637370684461677,0.6800582758205796,-0.3249213675142097,1.168356980920714,0.312767360348313
2017-05-09,1.1614098567524989,-1.0968407122212733,-0.7055574961027591,1.168356980920714,-0.4150123861900259
2017-05-10,-0.027887774532134983,0.24524211472941304,-0.08526158284735345,0.5399546516867543,0.2700908943213023
2017-05-11,-0.3072703596700745,-0.2433510007890318,-0.31082373312204353,0.46140436053253725,-0.6358167835229758
2017-05-12,-0.5740371231981962,0.5764726184273838,0.2248863737803024,-0.4340689586258767,-0.4776120826117244
2017-05-15,-0.7874890237525972,0.2447785805023582,1.3526971251537527,-0.7639801814736688,0.9019980357146814
2017-05-16,-0.2042767679427203,0.41848892161796236,1.2258184156242573,0.1314931376846782,-0.43399089890581394
2017-05-17,-0.2512074343096948,0.12262070038116553,0.8169870182513443,-1.3295422777842236,0.9860863705236078
2017-05-18,1.2941174148134815,0.46980666855914693,0.168495836211669,-2.554926819790452,0.7695448519531551
2017-05-19,2.6010997961812814,-0.5374382231471834,0.704205943114015,0.5399546516867543,-0.35264201261861194
2017-05-22,-1.7630042379964619,0.31367198440726923,0.901572824604404,0.14720319591555733,-0.07839559939426649
2017-05-23,0.833772210542968,0.9198806980016859,-0.3954095394750719,-0.6382997156269036,-0.3715421967366858
2017-05-24,0.3108904027995953,-0.8138191472753954,-0.31082373312204353,1.1212268062281658,-0.054091072426019786
2017-05-25,-1.4499847383375701,1.0406843310787468,0.2953745457411646,-0.2612583180865187,-0.017431591818583336
2017-05-26,0.32122299189548137,-1.2992865100578765,-0.25443319555337884,-0.13557785223973126,-1.2916730616383483
2017-05-30,0.1312399715914417,0.05306213991900158,-0.3249213675142097,-1.1253115207832192,0.1482005701523439
2017-05-31,-0.3849382937792106,0.20932226694089062,0.676010674329714,0.14720319591555733,-0.32457905351886623
2017-06-01,-0.3356516565689079,-0.816016604450518,-0.028871045278720055,0.06865290476129562,0.1912811513834193
2017-06-02,-0.23026760609734445,-0.22541225259375222,-0.02887104527868875,0.9798362821505217,0.007014271406772265
2017-06-05,-0.3231640299753524,1.2871906550424914,0.45044852405502384,-1.6908736170937517,0.6571233395016215
2017-06-06,-0.015220541613857195,0.5035287141754083,0.12620293303513916,-1.0938914043215056,0.007014271406772265
2017-06-07,0.3893861948064909,0.8137101513551652,-0.5786787865732321,-0.5911695409343555,-0.07263511346312458
2017-06-08,-0.42963498773180386,0.1735931908538585,0.168495836211669,0.5399546516867543,0.527389885822848
2017-06-09,-0.4245115383440715,-0.25806280891641886,-0.7478503992792576,0.6970552339952555,-2.3145583356099846
2017-06-12,0.3086669494018644,0.0009455569701906099,0.6337177711532154,-0.16699796870142256,-0.7711305873021063
2017-06-13,0.3992485456935162,0.36349528959682537,-0.05706631406305241,-0.33980860924078043,0.5136710967744785
2017-06-14,-0.5637548126090743,-0.08533645729954548,-0.19804265798468285,0.08436296299215244,-0.042375417465466136
2017-06-15,-0.027887774532134983,1.1206992849297337,-0.5222882490045675,-0.5597494244726419,0.617600773506759
2017-06-16,1.0908194911136533,-0.394801956239938,0.013421857897809772,2.1580906494641794,0.007014271406772265
2017-06-19,-0.8822030441994092,0.3623007606970042,0.4504485240549925,-0.07273761931632634,0.3148871522572673
2017-06-20,0.33292994935484527,-0.033450657845452855,-0.6068740553575646,1.011256398612213,-1.6223840730679902
2017-06-21,0.5234168399808613,-0.8429840866921118,-0.12755448602385197,-0.5126192497800938,0.14934621164507136
2017-06-22,-0.4658232567822089,-0.0853020633979601,0.3094721801333308,-0.3555186674716149,-0.1291278223897566
2017-06-23,0.1412608149889162,-0.016306914368594726,0.0557147610743083,0.32001383645487064,0.8413927865614927
2017-06-26,-0.027887774532134983,0.36304126392338254,0.19669110499600134,-0.08844767754718316,0.03169879867376573
2017-06-27,-0.35119753311093926,0.36260893531923527,1.2822089531928906,0.9955463403813785,0.13040435146912185
2017-06-28,0.26404588249904176,0.20741663485255402,1.3667947595459191,0.2257534870697744,0.9368625316776529
2017-06-29,-0.2614907346056625,0.8768809354750957,0.5350343304080208,0.28859371999320166,1.7292357171616854
2017-06-30,1.0564531522804066,0.515020917301583,-0.014773410886522578,-0.5597494244726642,0.15972609736294663
2017-07-03,-0.027887774532134983,0.0009455569701906099,-0.6068740553575646,0.9169960492271391,-0.2801527326787417
2017-07-05,-0.09695233342508369,-1.2514959417161724,-0.564581152181066,0.8384457580728774,-0.5620772081658281
2017-07-06,0.2036112020177791,-0.37752029416524735,0.7887917494670433,-0.041317502854635056,0.6005569387088294
2017-07-07,-0.20535236958251735,-0.20568984331085738,0.3799603520941617,1.1369368644590228,-0.7764822847885716
2017-07-10,-0.8159216436938669,0.39687299124455966,-0.35311663629854206,0.49282447699420623,-0.2014701907088233
2017-07-11,-0.18275722737956185,0.06974970614701154,0.25308164256466603,0.11578307945386604,0.36257104532832385
2017-07-12,-0.050718236683870224,0.7052884736935374,0.6196201367610179,-1.1253115207832192,-0.5571819547334552
2017-07-13,-0.2665013396256578,0.8919091385864683,-0.4518000770437366,-0.4654890750875456,0.7977960866357068
2017-07-14,0.035355388609573775,0.6674526583704021,-0.02887104527868875,0.49282447699420623,0.5696246051017898
2017-07-17,-0.3842851405037532,1.159564252170746,0.6619130399375478,-0.009897386392943767,1.1836208190603914
2017-07-18,-0.1770381104445404,1.5614677910932586,1.310404221977223,-2.05220495640328,-0.49838309028902983
2017-07-19,-0.06467737651201713,0.5249680224851787,-0.31082373312204353,-0.24554825985568426,0.3298428997863665
2017-07-20,0.405906895293841,-0.18489414990668748,-0.6773622273183953,-0.3398086092407581,-1.341581257038337
2017-07-21,-0.4723114952924216,-0.21883028360902765,2.212652823075952,0.16291325414639182,0.782790822087753
2017-07-24,0.5067192049085942,0.30520812597170777,0.08391002985867195,-1.6751635588629172,0.36059388438666445
2017-07-25,-0.40106053494406646,0.1867334531697011,0.6478154055453503,0.6342150010718505,-0.005170716441923984
2017-07-26,0.22857144201776233,-0.8444646079028754,-0.7055574961027278,0.9327061074579959,0.27496187309865167
2017-07-27,-1.2519591408026962,2.630859751251127,0.704205943114015,-1.580903209477821,1.1429461922268638
2017-07-28,0.0815741727591254,-1.2774426229495486,0.49274142723152237,0.21004342883893995,-0.7396317854116166
2017-07-31,-0.31906540452612436,0.2873696132768339,-0.02887104527868875,-0.7796902397045479,0.46859099687840805
2017-08-01,-0.06482029969046663,0.4048484097898718,1.1976231468398937,-0.402648842164163,1.0790684850386016
2017-08-02,-0.025015061595480205,-0.8242629153103764,0.23898400817249987,0.6970552339952555,0.218518305540062
2017-08-03,-1.8297999837147343,-0.6574635278091069,0.43635088966282637,-0.05702756108549187,-0.5069151503757896
2017-08-04,0.29294780033869294,0.9122083241315802,0.1121052986430043,-0.9839209967055749,-0.5563652227436823
2017-08-07,0.08928418185395959,0.0009455569701906099,-1.00160781833828,1.0112563986122352,-1.0561845280115827
2017-08-08,-0.02500038249477059,-0.9103172101911989,0.23898400817249987,-0.009897386392943767,-0.24266146432349753
2017-08-09,0.017069016669380318,-0.6588977710906674,-1.1707794310442743,-1.3452523360150805,-0.3648660642545457
2017-08-10,0.7734641374301087,-0.1854242741144188,0.013421857897809772,0.14720319591553502,-0.005186873390430994
2017-08-11,0.898120403591695,-0.23641837078537156,0.46454615844719,-0.009897386392943767,-0.4386909222535196
2017-08-14,-0.6185860183699171,0.5601490253351428,0.4504485240549925,-0.9996310549364094,0.04978382155797049
2017-08-15,-0.027887774532134983,-0.6770096621325153,-0.7478503992792263,1.2626173303058101,-1.1255197508840644
2017-08-16,0.8638097646515819,-0.1687806005765226,-0.4799953458280689,0.7441854086877812,-0.0543341741084846
2017-08-17,-0.027887774532134983,1.6264042077544896,-0.183945023592548,-1.0467612296289575,-0.07889608798570759
2017-08-18,-0.5933091094429961,-0.7091195752825418,0.6055225023688517,-0.9525008802438613,0.34436807915798595
2017-08-21,-0.34102314525388555,0.4238038569961847,0.2953745457411646,-0.22983820162482746,0.05605015203578587
2017-08-22,0.30616492116590616,0.32192353204353474,0.14030056742733665,-0.025607444623800574,-0.9076882139397948
2017-08-23,0.043054869509142245,-0.7767448970354165,0.39405798648632784,0.6970552339952555,-0.1529041849377393
2017-08-24,-0.27237075616178374,0.03479973587645952,0.09800766425083812,-0.8268204143970738,0.17308161820627407
2017-08-25,-0.027887774532134983,0.15324255685662425,0.02751949228997595,0.649925059302685,0.19141836883422125
2017-08-28,-0.8396488848953634,0.6431344879232884,1.6487474473892425,-0.7954002979353825,0.7863188954959764
2017-08-29,0.5777759422176408,-0.2861812041993152,1.733333253742302,-0.4811991333184024,0.6068917445102248
2017-08-30,-0.333220581086305,0.9289026477344569,-1.8615635162605106,1.6396587278461727,-0.2866430593897273
2017-08-31,0.2692306846694546,-1.4005203077816863,-1.2835605061816036,1.0112563986122352,-0.5934918809977477
2017-09-01,-0.17167977175656288,0.6096067104218407,1.3385994907615553,-0.6382997156269036,0.7054403454574565
2017-09-05,0.5304132623099564,0.45664015006565045,-0.4236048082593729,-1.2352819283991499,0.3372420034772429
2017-09-06,0.3745139419771339,0.540141810728633,0.5773272335845194,-1.2824121030916755,1.0684459161026159
2017-09-07,-0.7946949418781838,-0.03272610440824295,0.5632295991923533,0.8855759327654255,0.5301512328571907
2017-09-08,-0.6906719820909695,2.1818552056006513,1.2540136844085583,-1.1410215790140537,1.2743089980871065
2017-09-11,0.05237525198294037,-1.1043231129087923,-0.8888267432009194,0.13149313768470053,0.25495231823348163
2017-09-12,0.22509155347393361,-0.5363974795757642,-0.9029243775930855,1.482558145537694,0.7555454481641791
2017-09-13,0.11351165927095891,0.06816558841355175,0.6478154055453503,1.168356980920714,-0.1437386798996984
2017-09-14,0.3310290231136913,-0.4530794075451857,-1.3258534093581336,0.49282447699420623,-0.2524703786105446
2017-09-15,0.005761600940050805,0.017773437613845144,1.0989397060947306,-0.4654890750875456,4.0767025102456005
2017-09-18,-0.19330294811523469,0.45494531816969686,-0.21214029237684903,-0.009897386392943767,-0.45750132802381566
2017-09-19,0.5454963183652818,-0.8740319319498688,0.33766744891766315,2.063830300079083,-0.5179792806406835
2017-09-20,0.7363483210572238,0.8927247912116117,0.49274142723152237,0.16291325414639182,0.4068144577211332
2017-09-21,0.632712739503778,-1.0931109905967558,-1.4386344844954941,1.4354279708451458,-0.625767943222985
2017-09-22,1.734942163794675,-0.5222302272587461,0.7887917494670433,-0.7639801814736911,0.9258707338662577
2017-09-25,-0.529961498843668,0.5578436084701083,-1.3258534093581023,0.7127652922261123,-0.9237952025147741
2017-09-26,1.9981162545619937,-0.47150816138867563,-1.1284865278677758,-1.5180629765544384,-0.555352288456568
2017-09-27,1.4077308071874206,-1.352996871311094,-0.6491669585340943,1.3568776796909063,-0.06485838234239559
2017-09-28,0.23503379231867602,-0.7633150006938101,0.5209366960158547,0.7284753504569468,-0.06487679313208845
2017-09-29,-1.6535780435962035,0.442753494693495,0.39405798648635915,-0.37122872570247173,-0.4247192712547757
2017-10-02,-0.027887774532134983,0.0009455569701906099,-0.8747291088087531,0.14720319591555733,-0.8765093076460763
2017-10-03,0.766534700355447,-0.6449912807892857,0.12620293303513916,0.25717360353148805,-0.6137146872438076
2017-10-04,-1.085226837077826,0.9862967004518158,0.4786437928393562,-0.5283293080109729,0.2844026977339058
2017-10-05,-0.48790944974044287,-0.4573536628479007,-0.6350693241419282,0.22575348706979675,-1.2010227719182696
2017-10-06,0.18105464838068122,-1.309877318688539,-0.4940929802202038,0.38285406937827554,-1.425189954429499
2017-10-10,0.12367465574659078,0.5123304822266816,1.2681113188007245,-0.5597494244726419,1.5239505557705655
2017-10-11,-0.012172126250950408,-0.05015410274250873,0.46454615844719,-0.5126192497801161,0.07962139476305212
2017-10-12,-0.7089410085502952,0.596572552488608,0.36586271770199547,0.06865290476129562,-0.33197979561755325
2017-10-13,-0.7163527314589593,0.25585617156671137,-0.649166958534063,-0.21412814339397065,1.49312490135528
2017-10-16,-0.7165080280671063,0.6796603052976786,-0.09935921723955093,-0.402648842164163,0.1455581470160467
2017-10-17,0.6303538466112667,-0.4400460042986895,-0.6209716897497307,0.28859371999317934,-1.1697706902885168
2017-10-18,0.5479077005286872,0.03489078762694396,-0.14165212041601816,0.021522730068747525,-0.28946803750481753
2017-10-19,-0.027887774532134983,0.06882460833516688,1.1976231468398937,1.231197213844119,-0.1443729635441312
2017-10-20,-0.027887774532134983,-0.11785276699643221,-0.2262379267690465,0.25717360353148805,0.14023934925180204
2017-10-23,-0.19366079785723217,-0.32174209337908066,-1.1002912590834433,1.2940374467675015,-0.05353474235125366
2017-10-24,-0.4257583585913188,-0.11802607357534145,0.2953745457411646,-0.9996310549364094,0.07967152049601586
2017-10-25,0.8334844374988972,-1.6866761458758632,0.33766744891769446,0.8384457580728774,0.7929311461863082
2017-10-26,-1.4439482512986557,-0.2384686550236323,-0.4518000770437366,-0.5754594827034987,-0.29500105225391016
2017-10-27,1.2044038873550351,-1.0959356341867743,-2.0871256665351696,0.9327061074579959,-1.4046791877327245
2017-10-30,-0.6722788879203998,0.601294534070773,0.09800766425080683,-0.6540097738577604,1.0679623016773139
2017-10-31,-0.6738376599088958,-0.06760556421603817,0.36586271770199547,-0.9367908220130045,0.35775970027572723
2017-11-01,-1.040297578480791,-0.23910561127516766,-0.3672142706907082,1.168356980920714,0.9482292365300763
2017-11-02,0.24664336544681417,0.9600109177295293,0.46454615844719,0.1786233123772263,-1.9270984448250181
2017-11-03,-0.09547607724609851,-0.42683345135083034,0.1684958362116377,-0.009897386392943767,-0.5454420036564395
2017-11-06,0.5834485094042924,-0.5989617994312124,-0.945217280769584,0.5399546516867767,0.2560577592570779
2017-11-07,0.2957202638649676,0.42957201231448106,-0.3954095394750719,-0.9525008802438836,0.26796901014784574
2017-11-08,0.9959757434567358,-0.46199723073758275,0.39405798648635915,0.005812671837913042,-0.18109147728706812
2017-11-09,-0.6855770405057108,0.5152827851114934,0.5632295991923533,0.33572389468572744,0.043431676580967665
2017-11-10,0.4498568131544176,-0.016184954299675453,0.33766744891766315,-1.015341113167266,0.4800110157061101
2017-11-13,1.6355093134929768,-0.41047761724511467,0.02751949228997595,0.46140436053251493,-0.8182154944749979
2017-11-14,0.33326089430704037,-0.44539438786665514,1.2540136844085896,-0.025607444623778248,0.2378375607872788
2017-11-15,-0.6235021030741178,-0.8420254829907746,1.3385994907615553,-0.3083884927790892,0.7104607282660466
2017-11-16,-0.31773526261042223,0.19038826263247133,-0.9734125495539163,-0.6854298903194294,0.26127626098043244
2017-11-17,-1.8494362503784019,-0.3435838994722908,0.33766744891766315,-0.15128791047058807,0.10381542182963228
2017-11-20,0.8236069023887187,-0.3094663562221243,-0.19804265798471415,-1.4866428600927248,0.5750477289470542
2017-11-21,-0.10025839695750725,-0.32705692819103277,-0.8888267432009194,0.9327061074579736,-0.15602662007172696
2017-11-22,-1.2165170055931143,0.5359246579387632,0.4363508896628577,-0.4340689586258543,0.22438108533022613
2017-11-27,-0.23307933808366574,0.6038208116047518,2.86114400511569,-1.470932801861868,1.2115515507396912
2017-11-28,-1.1447776690461098,0.13857730373449018,-0.9029243775930855,-0.3555186674716149,-0.6247231443419844
2017-11-29,-0.08830521300564546,-0.4293614527023698,-0.8606314744165869,0.41427418583996684,1.2870585893250486
2017-11-30,0.08395536128307168,-0.01627944462380046,0.3094721801333308,0.8541558163037342,0.49824902949983385
2017-12-01,-0.027887774532134983,-0.3610059256493031,0.5068390616236572,0.6656351175335642,0.7004664950329927
2017-12-04,-0.24549433153191003,0.5867456954769222,-0.28262846433767985,0.49282447699420623,0.03686596877906847
2017-12-05,-0.042183342138172944,0.9118511807983269,-0.25443319555337884,-0.402648842164163,-1.105612380550532
2017-12-06,0.2591023237304778,-1.2544111677100402,-0.4236048082594042,-0.08844767754718316,-0.5869938504922199
2017-12-07,0.3476316975269243,-0.5682564873419319,-0.4377024426515391,-0.08844767754718316,-0.3716465450842795
2017-12-08,-0.32915848026036226,-0.5693280952117965,-0.620971689749762,1.4040078543834322,1.4946717897022639
2017-12-11,-0.4495849295441262,0.22572699553717507,0.760596480682711,0.508534535225063,-0.9638683872057646
2017-12-12,0.469260875378796,0.13918973322959802,-0.4236048082593729,-0.24554825985566192,-0.29332042388715107
2017-12-13,-0.15392409967631,0.6395054505511942,-0.4236048082594042,-0.22983820162482746,0.05508942592133588
2017-12-14,-0.7334018302269555,1.6514993901969748,1.5359663722519443,-0.9053707055513355,0.9847565247774727
2017-12-15,-0.781621196947188,0.15522486134587524,-0.5504835177888998,-0.6540097738577381,-0.46643543725950726
2017-12-18,0.016001773116530053,-0.29053690475003924,-0.15574975480821562,0.46140436053251493,-0.33508539900338663
2017-12-19,0.02952691008211405,0.18958388049723443,0.39405798648632784,-0.07273761931632634,0.09708093789186996
2017-12-20,-0.28553021092451797,-0.1876927665568532,0.3094721801333621,0.508534535225063,0.23505388106388958
2017-12-21,0.09768242718187793,0.13814871431473585,0.19669110499597003,0.6970552339952555,-0.3110920047354427
2017-12-22,-0.22242359597771225,0.8228619878509977,-0.08526158284735345,-0.11986779400889679,0.23512704573113197
2017-12-26,0.025069556585394722,0.0009455569701906099,-0.0006757764943564026,-0.05702756108549187,-0.20308285713060284
2017-12-27,0.39826201667301125,0.5305837656764611,0.5914248679766856,-0.16699796870142256,0.5589332940812379
2017-12-28,0.02907206031134735,0.7851576232310601,0.5491319648001871,0.021522730068747525,0.24664093605075474
2017-12-29,-1.0307616887454214,0.15414116525016042,0.8310846526435419,-0.5126192497800938,0.9336398919214123
2018-01-02,-1.0766547185946491,0.6299369899600598,1.014353899741702,-0.009897386392943767,0.4781199942232631
2018-01-03,-0.8114808427604445,-0.3558892849813451,-0.5927764209653983,-0.009897386392943767,0.13211197332844088
2018-01-04,-0.4087289525291893,0.3238142332157607,0.5914248679766856,-0.32409855100992363,-0.07637800054001197
2018-01-05,-0.06562849624760898,0.37436406441298964,-0.28262846433771116,0.13149313768470053,-0.07640278699969581
2018-01-08,-0.16935926049103028,-0.2536080299159782,-1.0157054527304148,-0.009897386392943767,-0.07046663256606296
2018-01-09,0.47294090305977726,0.2046055369294175,-0.5786787865732321,-0.19841808516313617,-0.004907766469378786
2018-01-10,1.4483916347504637,-0.44049092615898966,0.8451822870357081,-0.5911695409343555,0.16791906691471092
2018-01-11,-0.39887438578792367,0.7645638961801732,0.3517650833098293,-0.8739505890896219,-1.0853733221407904
2018-01-12,-0.8959466740242586,0.20425241539842762,1.6910403505657723,-0.8268204143970738,2.1163288719933027
2018-01-16,0.9383266110552207,1.403427745115496,1.3104042219772543,-0.7639801814736911,1.286309067406031
2018-01-17,0.8756729858873389,-0.21829190219150987,-0.3813119050829057,-0.6854298903194517,0.49114945134871485
2018-01-18,-0.5898354383534834,0.1527422353905039,0.45044852405502384,1.6082386113844813,1.1608427956788907
2018-01-19,-0.5423281773250533,0.9269426986234913,0.2812769113489984,-0.4811991333184024,0.001139414377108047
2018-01-22,0.6775664787498784,-0.4869546678171122,-0.2262379267690465,-0.402648842164163,0.18320650875592367
2018-01-23,-0.5110382390064343,-0.015892613380696575,0.14030056742733665,0.24146354530063124,0.4059743012870685
2018-01-24,-0.5573493806408939,0.45524794275936015,1.451380565898916,-1.4395126854001767,2.3598690923765555
2018-01-25,-0.6300165196962807,1.3095602039968917,0.7746941150748459,-1.6594535006320603,1.4220434861493036
2018-01-26,-0.027887774532134983,0.0009455569701906099,0.4081556208785253,1.168356980920714,-0.12027809479529304
2018-01-29,0.17366221149881714,0.034425553185366414,-0.8042409368479223,-1.533773034785273,-2.13084474330703
2018-01-30,0.8246353649089238,-0.4345832965635477,0.5914248679766856,0.1000730212229869,0.7175670691432539
2018-01-31,-0.29854980046884977,0.051230856941532135,0.5068390616236885,-0.025607444623778248,0.4371304208517747
2018-02-01,-0.3438694998117713,-0.4854957081316967,0.02751949228997595,0.5242445934559199,0.67992664379038
2018-02-02,1.8944257612847712,-0.7890874913052734,0.46454615844719,0.33572389468572744,0.05336260272570814
2018-02-05,-0.22738166770574758,-1.1457405560770082,-0.7337527648870914,0.8541558163037342,-2.027917400849546
2018-02-06,0.9672764431693982,-1.4385435000458373,-1.5655131940249585,-1.9736546652490403,-1.3558959132163935
2018-02-07,-0.5791145453903586,0.6622664092601704,0.12620293303513916,1.1212268062281658,-0.49771114697849744
2018-02-08,0.07007290867958944,-1.2040779594872382,-1.2130723342207728,-0.07273761931634867,0.9687302534044512
2018-02-09,0.8190581610637621,-0.5607718223863714,0.2953745457411646,-0.8582405308587651,-1.6840469987774083
2018-02-12,-0.3745244442050432,0.9365633282924211,-0.14165212041604947,-0.009897386392943767,0.3013332007894493
2018-02-13,-0.027887774532134983,0.6117887819082946,0.9861586309574011,-0.19841808516313617,0.6005987114452384
2018-02-14,-0.6745365038994754,0.11957771548653302,0.21078873938813622,-2.554926819790452,-0.5924535234368362
2018-02-15,-0.8644213078094658,0.9483339229454057,2.0434812103699893,-0.8268204143970738,2.2980533825741554
2018-02-16,-0.0793068879034125,0.5409829441119252,-0.40950717386723806,-1.3923825107076286,0.19952249822908172
2018-02-20,2.4931182637793565,-0.6573534596131991,-1.74878244112315,1.6867889025387208,-0.8866391145003883
2018-02-21,1.1541728509583036,-1.2520809736846885,-0.3954095394750406,1.1212268062281658,-0.7369438978347458
2018-02-22,0.9024444998196223,-0.7805834093295729,-0.5081906146124013,-0.24554825985568426,-0.5037669738057602
2018-02-23,-0.9314434135916425,0.25601358123304985,0.32356981452549693,-0.7168500067811207,1.1681351773038364
2018-02-26,-0.6728959152161998,0.7139954966435775,0.2953745457411646,-0.6382997156269036,0.8076134621981168
2018-02-27,0.733526945401955,-0.27049463185631917,-0.26853082994554506,0.6027948846101593,-1.1625116639922506
2018-02-28,0.9908338357621427,-0.9339896446757742,-1.227169968612939,0.6656351175335418,-1.226255909624261
2018-03-01,0.4685279521451409,-1.03936885084262,-0.6068740553575646,-1.0153411131672438,-1.137128404707075
2018-03-02,-0.027887774532134983,0.4277360937297477,1.9870906728012934,-0.6854298903194517,0.5442806189679384
2018-03-05,-0.7267668961629767,-0.06730053218829155,-0.07116394845521859,-1.1096014625523622,0.27231585441257483
2018-03-06,-0.26611008804160585,0.35906610955905943,1.4654782002911135,1.2469072720749534,1.0128792440766834
2018-03-07,-0.15497264868940744,0.5288270874767106,0.08391002985864064,-1.1567316372448881,-0.4984087198646884
2018-03-08,-0.19594311258552832,0.4429766676659686,0.0557147610743083,0.7756055251494949,0.07171218663660374
2018-03-09,0.6081400481099772,-0.6453176766092404,-1.833368247476147,0.9012859909962823,-0.4108441517168804
2018-03-12,-0.264400573660898,1.3090483408028462,0.15439820181947153,-0.13557785223973126,0.342527304520501
2018-03-13,-0.28363807806104274,0.017896801578503735,1.0707444373103983,-0.41835890039501983,0.4772342567198087
2018-03-14,0.09678063020684388,0.017895853018251622,-0.12755448602385197,0.13149313768470053,0.9685092612068745
2018-03-15,-0.23394585316585195,0.08568281252283996,-0.3954095394750719,-0.7011399485502862,-0.5436835122740963
2018-03-16,-0.28274521200559355,-1.459848101736816,-0.564581152181066,-0.18270802693227936,0.4581977829993067
2018-03-19,0.6352876615551135,-1.6894348777714032,0.1121052986430043,-0.11986779400889679,0.924718756101955
2018-03-20,0.6255773059775774,0.2063432698401203,-0.46589771143590275,0.42998424407082364,-0.4368501336819577
2018-03-21,-0.027887774532134983,0.0009455569701906099,0.14030056742730534,-0.009897386392943767,0.4917256399647359
2018-03-22,-0.581492959106002,0.7016720738438228,0.42225325527069146,-0.6540097738577381,1.66504089627028
2018-03-23,0.2593548941377395,-0.5629264862597501,0.4222532552706602,-1.266702044860841,-0.8295011991133928
2018-03-26,-0.9492885301619567,0.20611140470656894,0.9156704589965702,0.11578307945384372,1.2434781877760335
2018-03-27,-0.4666490926072982,0.25720760557156946,-0.4940929802202351,1.011256398612213,-1.334189609821048
2018-03-28,0.9718586019120689,-0.7513720390352109,0.3094721801333308,-0.24554825985566192,0.3792455790337823
2018-03-29,-0.027887774532134983,-0.49592367958342165,-1.0861936246912771,1.718209019000412,-0.9419866102402745
2018-03-30,-0.027887774532134983,0.0009455569701906099,-0.0006757764943564026,-0.6225896573960468,0.007014271406772265
2018-04-02,-0.027887774532134983,0.0009455569701906099,-0.0006757764943564026,0.19433337060808312,-0.010482111665560106
2018-04-03,-0.1091697243420974,0.3437011980098317,-0.183945023592548,-0.6854298903194294,-0.3840227582160777
2018-04-04,-0.03112338902863077,0.25775800596789356,-0.4518000770437053,0.9641262239196872,0.14714987365145893
2018-04-05,0.12131415811810536,-0.1702385478675595,-0.2262379267690465,0.6656351175335418,0.2987388960073125
2018-04-06,-0.31787689734584673,-0.22173850603654005,-0.3672142706907082,0.35143395291658425,-0.5592082666205914
2018-04-09,-0.26958365459024775,0.2407523844849627,0.9861586309573698,-0.3555186674716149,1.0393663954109875
2018-04-10,0.00491796374033525,0.7192290433188274,0.8028893838592095,-0.3869387839333286,0.652489434287367
2018-04-11,0.7420910469080226,0.2741299645953573,0.32356981452549693,0.5870848263793248,0.4017084507781165
2018-04-12,0.8686969677438835,0.0350762911413613,-0.8606314744165869,-0.4340689586258767,-0.06839906576095386
2018-04-13,-0.5395076087160192,0.4954095263843362,-0.08526158284735345,0.7913155833803516,1.0783010335432077
2018-04-16,0.8778563652262584,-0.18651473875005872,0.7464988462905449,-0.18270802693227936,0.2438820363412301
2018-04-17,0.6335757375618603,0.035037877259272245,-0.183945023592548,-0.3555186674716149,0.40519461615745955
2018-04-18,0.24857404530200036,0.0009455569701906099,0.43635088966282637,0.49282447699420623,-1.4557504985785321
2018-04-19,0.3814708877048338,0.5629155711328128,-0.08526158284735345,0.17862331237724863,0.12872009739854884
2018-04-20,0.9021378837957691,-1.5341624017118274,-1.0298030871225812,0.06865290476129562,-1.6667132723554028
2018-04-23,0.7718148811052742,-0.7009690693393666,-1.00160781833828,0.508534535225063,-1.4071407036337773
2018-04-24,0.5455466946575034,-1.1151900135019037,-0.35311663629854206,1.4668480873068594,-0.1336216688549218
2018-04-25,1.3011491220252338,0.0009455569701906099,-0.3954095394750719,0.6499250593027074,0.14179178763383712
2018-04-26,0.49070007560633905,-0.5845215700515219,-0.24033556116118138,0.28859371999317934,0.1592935657456153
2018-04-27,-0.22401307794380965,-0.49931923955944496,-1.3822439469267982,-0.10415773577803998,-2.309510981840131
2018-04-30,-0.027887774532134983,0.4322574131955989,0.12620293303513916,-0.009897386392943767,-0.5070901968310794
2018-05-01,-0.027887774532134983,-0.5167024165415902,-0.0006757764943564026,-0.025607444623800574,-0.35401224823708805
2018-05-02,-0.4872583838606987,-0.6387076682909065,-1.0157054527304148,0.8227356998420429,-0.47903299191391696
2018-05-03,-0.24226815358048767,0.36415772681504777,-0.21214029237688034,-0.009897386392943767,-0.8069230321353198
2018-05-04,0.5985825599161643,0.24284527413718535,-0.3249213675142097,-0.009897386392943767,-0.18939690810656226
2018-05-07,1.3002660854364376,-0.31010386154688724,-0.9452172807696153,-1.4080925689384853,-0.43392327600447095
2018-05-08,-0.1263193359412782,-0.10280860244410879,-0.4518000770437053,-0.05702756108549187,-0.19581116163894777
2018-05-09,1.1485600088526093,-1.3684756984465396,0.12620293303513916,0.9169960492271391,0.6031417127289885
2018-05-10,-0.039212679606335815,0.4002770626783464,-0.014773410886522578,0.6342150010718505,0.02487854609148896
2018-05-11,-0.6468011798071572,1.3167443894545716,0.7887917494670433,-0.7954002979353825,0.11417604667321242
2018-05-14,0.3437105561531075,0.2599686883214147,0.760596480682711,-0.13557785223973126,0.2093193855955656
2018-05-15,0.8053484381272779,-0.7075763670804759,-1.4809273876719926,0.571374768148468,-0.6241836703590027
2018-05-16,1.1339041690673446,-0.4145692756044438,-1.3963415813189644,0.9012859909962823,-0.7809956205139409
2018-05-17,-0.46277332362616075,0.9695950156490833,0.2953745457411959,0.11578307945384372,0.24603888456984807
2018-05-18,0.91127635501334,-0.3619350919466448,-0.33901900190640716,0.8227356998420429,-0.12442407302403773
2018-05-21,0.47737285814016767,0.0009455569701906099,-0.31082373312204353,0.22575348706979675,-0.9627501190071565
2018-05-22,-0.2970347891786251,1.191638879009965,0.49274142723152237,-0.15128791047058807,0.6778260220984724
2018-05-23,0.7262758954079989,-0.8095979239671748,-1.2130723342207728,-0.7482701232428343,-1.2640944496420057
2018-05-24,0.6398840551243404,0.3633713515336971,0.2812769113489984,-1.5494830930161296,0.643288261265878
2018-05-25,-0.5178607328853988,0.052685289856865825,-0.7478503992792576,0.05294284653046114,-0.7494733468563607
2018-05-29,-1.7293421991933502,-0.5168498946685064,-1.6500990003779867,-0.8582405308587874,-1.1013738358101093
2018-05-30,-0.7711977548443766,-0.5869612964500294,1.0425491685260657,-0.7954002979353825,0.33275615772008255
2018-05-31,-0.714360985937192,1.08940226633721,0.9438657277808713,0.24146354530063124,0.6092434467023914
2018-06-01,-1.0777577195445613,-0.3959743747880936,-0.4236048082593729,0.6027948846101593,-0.01705010010472889
2018-06-04,-0.5363244538743225,1.2761414124675954,0.9579633621730375,0.9484161656888304,0.7520519780582385
2018-06-05,0.4625330035526315,0.31031830163847113,-0.8747291088087531,0.33572389468572744,-0.30518013237342656
2018-06-06,-0.5756026472151855,0.5330146077829703,1.2681113188007558,-0.041317502854635056,0.6969795432252827
2018-06-07,-0.11267419346225328,-0.0848088431293915,1.000256265349536,0.14720319591553502,0.4381306700188628
2018-06-08,1.9462092942094429,-0.8579363427418286,-1.1566817966521081,-0.24554825985566192,-0.7658729012233925
2018-06-11,-0.759577605990213,0.0009455569701906099,0.5068390616236885,-0.18270802693227936,-0.43130087985665294
2018-06-12,0.44764605263445273,0.10414006130073182,-0.02887104527868875,1.0898066897664747,0.4693269201265354
2018-06-13,0.6266344768866792,-0.7049185768967798,-0.33901900190640716,0.11578307945384372,-0.7378639663702706
2018-06-14,0.21481246847673255,-0.3267207930385797,-0.47999534582803766,-0.41835890039501983,1.2433895502409864
2018-06-15,1.0832232082778763,-1.5559924161597114,-1.8897587850448432,0.7441854086878036,-1.6868783905216322
2018-06-18,0.16909978009954593,-0.2593239123849868,0.23898400817249987,-0.2612583180865187,-0.46331987690224474
2018-06-19,0.4602778021954431,-1.2166109822057234,-1.1143888934756097,-0.6382997156269036,-0.9723594187194233
2018-06-20,-0.28789976622475943,0.38413379965675465,0.6196201367610179,-0.19841808516313617,-0.15048792459616128
2018-06-21,0.4015945163396457,-0.7310167777299408,-0.564581152181066,0.869865874534591,0.2977185521224098
2018-06-22,-1.675024202799657,0.6632733475823731,1.5500640066441105,-0.8739505890896219,1.3897858276027997
2018-06-25,1.4324006048167683,0.3663484547385225,0.7324012118983474,-0.8425304726279306,-0.49337813217164084
2018-06-26,0.053198717258437736,-0.051227877712872724,-0.3954095394750406,0.14720319591553502,-0.16199426157992164
2018-06-27,1.3468286461126544,-0.625837604713693,-0.790143302455756,0.46140436053253725,-0.39176614295799833
2018-06-28,1.5586544421904678,-0.46999440298227685,-0.46589771143587144,0.2257534870697744,-1.3263610429655595
2018-06-29,-1.4197698012544508,0.6635402309712018,1.0566468029182006,0.6185049428410161,0.5108048539269583
2018-07-02,0.15397396683589712,-0.1558538247289268,-0.26853082994554506,0.8541558163037342,0.3040088221388906
2018-07-03,0.2435233579268639,-0.38268386739280313,0.3658627177020268,-0.009897386392943767,0.2855397564734452
2018-07-05,0.2057341272636274,0.314860305433155,0.6196201367610179,-0.9839209967055749,0.7021210576545499
2018-07-06,0.43568652521940554,0.5234149536463294,0.21078873938816753,0.49282447699422854,-0.10167146976349994
2018-07-09,-0.8638218695669974,1.025847217835446,0.9156704589965389,-0.3555186674716149,1.1822072198443685
2018-07-10,0.4964080266834975,-0.17252270195030045,-1.072095990299111,0.7913155833803293,-1.2044166127677884
2018-07-11,0.10522436003651944,-0.8504878449745737,0.3094721801333308,-0.18270802693227936,0.15797481110220013
2018-07-12,-0.7849862074841312,-0.4169578417345984,-1.0861936246912771,2.189510765925893,-0.5610191861335099
2018-07-13,-0.8802254927008655,0.5580220642333275,-0.21214029237688034,0.6499250593027074,-0.8471974228723741
2018-07-16,0.6571930696202664,0.3485988321900202,1.0848420717025644,-0.009897386392943767,1.8274055328262542
2018-07-17,-1.1426645737547803,-0.15544904186514227,-0.1839450235925167,-0.4969091915492592,-0.4515063103161905
2018-07-18,1.0005342724635886,-1.1484221276388535,-1.3540486781424659,0.869865874534591,-2.5344205633566883
2018-07-19,0.9985006677224968,0.8720788660160251,-0.3249213675142097,-0.32409855100992363,-0.5357893530748691
2018-07-20,0.020671131945388554,-0.6260177874335118,1.155330243663395,-0.27696837631737553,0.5924658163444502
2018-07-23,-0.5705669344907486,0.8366086389390913,0.6478154055453503,-2.6177670527138344,1.3380223518939276
2018-07-24,1.305783331450643,-0.817284342325867,-0.14165212041601816,0.508534535225063,-0.10214587488619768
2018-07-25,-0.983327443857933,0.4538564988824433,-0.2262379267690465,0.03723278829960434,0.32225003398533575
2018-07-26,-0.41493057811609635,0.5921937511873399,0.36586271770199547,-0.9053707055513355,0.18872012153504306
2018-07-27,-0.018693311290771276,-0.816673459246947,-1.2835605061816036,0.6342150010718729,-0.9269930049984695
2018-07-30,0.159763335933849,0.1402706973318949,0.8310846526435419,-0.13557785223973126,0.15277846741532983
2018-07-31,-0.588551736653015,0.5923635136111605,0.7324012118983474,-0.11986779400889679,0.6438439809625157
2018-08-01,-0.03172411760155108,-0.41640604305417067,-0.564581152181066,1.3411676214600496,-0.4052438562856612
2018-08-02,-0.9856267897374703,-0.38213254880426817,-1.1143888934756097,-0.22983820162482746,-0.22970143562420534
2018-08-03,1.6482036393572157,-0.26052210315628616,-0.40950717386720675,0.08436296299215244,-1.2893524909383671
2018-08-06,-0.44908684612730704,0.0009455569701906099,-0.6350693241418969,-0.6540097738577381,-0.8177378681968979
2018-08-07,0.41894469685384955,0.5584706478928018,0.8310846526435106,-0.025607444623800574,0.367759699062967
2018-08-08,-0.6157789199838807,0.4357991523520069,-0.1839450235925167,0.10007302122300923,-1.2668357830687895
2018-08-09,-0.1141696088112737,0.2441911657902518,0.0557147610743083,-0.9210807637821923,0.33828143175855185
2018-08-10,1.2340301026571587,-1.9155527951821716,-1.9320516882213417,0.08436296299215244,-1.4313092828809608
2018-08-13,1.9296764216584077,-0.9092737816926052,-0.7478503992792263,-0.9996310549364094,-0.2519284496363228
2018-08-14,-0.027887774532134983,-0.1393312688993959,0.04161712668214212,0.7913155833803516,0.290605748181628
2018-08-15,-0.027887774532134983,-1.018008854522325,-1.1989746998286066,0.9484161656888304,-0.7704633558459372
2018-08-16,2.8373900968202843,1.090046501619073,0.6901083087218488,-0.8582405308587874,-0.18460050351592633
2018-08-17,-0.027887774532134983,-0.08674014792600354,0.2953745457411646,0.05294284653046114,0.18627074990612202
2018-08-20,-1.7844172668371099,0.6317168142959152,0.408155620878494,-0.5911695409343555,0.525594743126161
2018-08-21,-0.38625255764884403,0.9446464491670289,1.155330243663395,-0.92108076378217,1.0413093716109048
2018-08-22,-0.027887774532134983,-0.06885747720173077,1.6064545442127753,0.35143395291658425,0.6821721822342972
2018-08-23,1.4748497689339513,-1.0830634762642646,-0.5222882490045675,1.0740966315356177,0.17861362409678702
2018-08-24,0.24289535875291834,-0.2443684910463236,0.12620293303517047,0.9012859909962823,-0.5694848903026052
2018-08-27,-0.4076625470534087,0.7537790175869314,0.6337177711531841,-0.33980860924078043,0.007014271406772265
2018-08-28,0.46822812073766024,0.08836302473473721,1.0848420717025644,0.08436296299215244,0.467082458400402
2018-08-29,1.2294850852069563,-0.3313751186533155,-0.7055574961027591,-0.041317502854635056,-0.08493905092596565
2018-08-30,0.8233394968127431,-0.5069846957875908,0.45044852405502384,0.6342150010718505,1.590526042348461
2018-08-31,0.688126202332211,-0.34984807279525837,-0.5786787865732321,-1.0467612296289575,-0.1271458310303183
2018-09-04,0.9363985591651973,-0.5611706153815353,-1.2553652373973025,0.11578307945384372,-2.215937071033915
2018-09-05,2.063599991093844,-0.7384185079601795,0.2812769113489984,0.6499250593027074,0.013162353656851105
2018-09-06,0.5883946123953687,-0.26355100969289114,0.7324012118983786,-0.402648842164163,1.3502101313258568
2018-09-07,-0.1029680577412475,-0.35207617804979174,-0.26853082994554506,-1.1881517537066018,1.0574556335932686
2018-09-10,2.4281578462897295,-0.6355322092276346,-0.6209716897497307,0.6813451757643987,-1.0801414568080363
2018-09-11,-0.9433461776220274,0.19556680252719943,0.04161712668214212,0.7913155833803516,1.045399344779733
2018-09-12,1.5415187735971698,-0.4061324852667784,0.1543982018195028,0.14720319591553502,-0.38345637604092325
2018-09-13,-0.027887774532134983,1.379258558410642,0.49274142723149106,-0.21412814339397065,0.9517516426545655
2018-09-14,-3.460417412171602,0.3357406838957877,0.9720609965652349,0.9798362821505217,0.7119687352901939
2018-09-17,2.6635731393092494,-0.6690151426025956,-0.25443319555337884,-0.009897386392943767,-0.14476595174522408
2018-09-18,-0.6490820809672677,0.7941586114355605,0.36586271770199547,-0.402648842164163,0.39540785683797236
2018-09-19,1.0561717881885857,0.721846833726331,-0.4236048082593729,0.8541558163037342,0.5522849550361106
2018-09-20,-0.027887774532134983,0.2116168987983639,1.43728293150675,-0.041317502854635056,0.5935111198910779
2018-09-21,-3.0502203612642433,0.6320818864764584,-0.14165212041604947,0.571374768148468,-0.5189622886190423
2018-09-24,3.0473547679431987,-0.5950931228301173,0.19669110499600134,-0.009897386392943767,-0.7079580802261389
2018-09-25,0.4091242315705173,-0.31507978776041207,0.0557147610743083,0.38285406937827554,0.29807028150267956
2018-09-26,-0.37251369445111326,0.352064485178488,-0.564581152181066,-0.05702756108549187,-0.09603354784567364
2018-09-27,-0.273234027104131,-0.5434624064206763,-0.4236048082593729,-0.15128791047058807,-0.0718125398916074
2018-09-28,-0.4019579679964948,-0.19246689597657138,-1.8474658818683445,0.9955463403813785,-1.1841426398207686
2018-10-01,0.9006989224907294,0.0009455569701906099,0.42225325527069146,0.6656351175335642,-0.017347771367288337
2018-10-02,-0.027887774532134983,-0.3862502333527322,-0.8888267432009194,0.05294284653043882,-1.1159319228695863
2018-10-03,0.7896503534824872,-0.31621954547942904,0.06981239546647447,-0.5440393662418074,0.4225397308595911
2018-10-04,2.560252178493946,-1.7139623269010729,-0.6491669585340943,1.2469072720749756,0.025332114870424673
2018-10-05,-0.6358726716575895,-0.35385420886307195,0.0557147610743396,-0.4969091915492592,0.6778442427740122
2018-10-09,1.8203774042087277,0.44438036819034793,-1.00160781833828,-1.7222937335554653,0.17142773672686187
2018-10-10,0.08836026273470438,0.49682309010274245,0.9156704589965389,0.05294284653046114,1.3673355415197486
2018-10-11,0.8800896980827888,-0.8141395917965062,1.0566468029182319,-1.4080925689384853,0.539627423866067
2018-10-12,-2.128831711528591,0.9044949058483708,-0.014773410886522578,0.005812671837890716,0.15814064285555568
2018-10-15,0.59294890648707,-0.2645245883689017,0.09800766425080683,-0.27696837631737553,-0.5434771735845176
2018-10-16,-0.2655679384989597,0.2487249290264378,0.08391002985867195,-0.21412814339397065,0.5454186009915067
2018-10-17,-1.5276117722695886,0.24852241214896967,-0.8042409368479223,0.8227356998420429,-1.04049617836782
2018-10-18,-0.027887774532134983,-0.08745152115111307,-0.35311663629854206,0.17862331237724863,-0.029385815012591736
2018-10-19,-0.20433225331406324,-0.3883083423826523,-0.4940929802202351,-0.3083884927790892,-1.19075169741691
2018-10-22,-0.5050866737487254,-0.03446597749247173,0.33766744891766315,0.19433337060810543,-0.03564013084800291
2018-10-23,1.689122907022839,-0.7791574015453941,-0.2262379267690465,0.46140436053251493,-0.4870301983573905
2018-10-24,-1.8815005116120707,0.7279234505257149,-1.2553652373972712,-0.4969091915492592,-0.8305763548383959
2018-10-25,0.008426432766566018,-0.47759976751727473,0.3799603520941617,-0.7796902397045256,-0.2747820480518326
2018-10-26,0.3292383393634876,-0.7627464082998072,-1.0016078183382486,0.7127652922260899,-1.2707393776665965
2018-10-29,0.13040267448135537,1.1546203616806048,0.5068390616236572,-0.7325600650119775,0.44997224721950646
2018-10-30,0.5198406551391029,-0.10536361542958922,-0.12755448602385197,0.869865874534591,-1.052325250114806
2018-10-31,1.4815001208777965,-0.14085806921297497,-0.7619480336714237,1.1369368644590003,0.4139779448341397
2018-11-01,-0.6128474893980406,0.7977288277423968,1.0566468029182319,-0.5597494244726419,1.7453657799676865
2018-11-02,-3.4386401879312043,1.992565916266301,0.33766744891766315,0.24146354530063124,1.2961287814521647
2018-11-05,0.6731143484053922,-0.9491687404790229,-0.6632645929262292,0.22575348706979675,-0.20641066778256756
2018-11-06,-0.027887774532134983,0.4235865400619567,0.8169870182513757,0.11578307945384372,0.7928356177088878
2018-11-07,-0.027887774532134983,0.8971044342407565,0.8310846526435419,0.49282447699420623,1.1240819137568028
2018-11-08,-0.027887774532134983,0.17635251389474413,-0.8888267432009194,0.02152273006876985,-0.6724102790138033
2018-11-09,-1.2538599322436699,-0.5255803281626602,-1.1002912590834433,0.42998424407082364,-0.9420764723019738
2018-11-12,0.5982672337295717,-0.31540984039970804,-1.142584162259942,0.28859371999317934,-1.9192585459917364
2018-11-13,-1.1956507175831663,-0.24533726722959975,-0.0570663140630211,-0.6225896573960468,0.6505753461911884
2018-11-14,-1.7805793014445916,0.0889266971654162,0.49274142723149106,0.33572389468572744,0.17226315100926232
2018-11-15,0.17695550269702437,1.0897939266444876,0.12620293303517047,-0.4969091915492592,-1.4775891136668544
2018-11-16,-1.3366932208583944,-0.17441062799459164,0.5773272335845194,-0.3398086092407581,0.02546660269194702
2018-11-19,0.33279271686428696,0.6842613658721838,1.1412326092712288,-0.9996310549364317,-0.036043055627324044
2018-11-20,-2.1354353703657165,-0.5946794701340029,-0.08526158284738476,-0.4340689586258543,0.44343259501673227
2018-11-21,-0.027887774532134983,-0.6837167271855045,-0.1698473892003505,0.6027948846101593,-0.48477318098694205
2018-11-26,-2.3014749403933967,0.2644603760673212,-0.649166958534063,0.5556647099176111,0.6216140540384023
2018-11-27,0.6864538582007239,-0.38562134043117885,-0.4940929802202351,0.38285406937827554,-1.3715632142897458
2018-11-28,-0.8401772810326724,0.08884499911470413,-0.6209716897497307,0.46140436053251493,0.6848405002025957
2018-11-29,-2.9198879621008014,1.4213743329315605,1.451380565898916,-0.8425304726279306,-0.39948498438455
2018-11-30,-1.0030472764301628,0.0359337482246474,-0.3954095394750719,0.24146354530065356,-0.14094974023512405
2018-12-03,1.3690507260525748,0.8917816825864097,-0.3813119050828744,0.1000730212229869,-0.3879382297914097
2018-12-04,1.1631108781327109,0.14044714964873278,1.0848420717025644,0.13149313768470053,1.079495480545985
2018-12-05,-0.027887774532134983,-1.5195949866392913,-0.7760456680635899,-0.9367908220130268,-0.4424358115629182
2018-12-06,2.548183551318914,-1.0873349471182443,-0.04296867967085493,-0.32409855100992363,-0.3320885783583556
2018-12-07,-1.7788197335726526,0.12401191915751962,0.2812769113489984,-0.08844767754718316,0.3029813250224015
2018-12-10,2.7907155384926825,-0.2100559715816931,0.760596480682711,-0.29267843454823234,-1.3706503893072917
2018-12-11,2.184458319286768,-0.28061864428121674,-0.6491669585340943,0.7598954669186604,-0.6564263014712254
2018-12-12,0.38665373466534997,0.17695385096853342,-0.46589771143587144,0.6813451757643987,-0.7140059023548043
2018-12-13,-1.876508501070691,0.19443663058780986,0.3517650833098293,-0.08844767754718316,1.335731975805628
2018-12-14,0.7040657490656455,-0.6503799778139453,-1.2130723342207728,0.19433337060808312,-1.2096995030204933
2018-12-17,-0.2589110120092602,-0.2811430640321613,0.7887917494670433,-0.16699796870142256,1.0688281442402896
2018-12-18,-1.7937776301102444,0.28303417797254254,0.5068390616236572,-1.5494830930161296,0.6570201187837568
2018-12-19,-4.070083890951827,0.07142668472664834,0.39405798648635915,-0.16699796870142256,-0.5438457905383005
2018-12-20,0.6251023821059977,-1.7305807406837608,0.6478154055453503,0.1786233123772263,0.46510847517391224
2018-12-21,-0.9536484227901315,0.2666174922424432,-0.5222882490045675,-2.020784839941588,-0.1971786134879924
2018-12-26,-0.20161418095054848,0.0009455569701906099,-0.0006757764943564026,-1.266702044860841,0.056529220826178964
2018-12-27,1.234504031011853,-0.8855352204441177,-0.5222882490045675,1.0269664568430696,-0.5505332252176651
2018-12-28,-1.3354218189091944,-0.1588968664297313,1.0848420717025644,-0.4340689586258543,0.8305550543656213
2019-01-02,-1.4223973675838075,-0.5502693072927002,-0.8042409368479223,-0.009897386392943767,-0.42612699281808525
2019-01-03,2.807775898289161,-1.3368025268301864,-0.6914598617105615,-0.009897386392943767,-1.290213677259993
2019-01-04,-1.8956364218906214,1.409874528290848,0.7746941150748772,-5.037116020264555,1.3723515617068747
2019-01-07,-1.478427037207189,1.9342143458349048,0.5914248679766856,1.3411676214600496,1.0945217733911397
2019-01-08,2.012850375849968,-0.05209888155933856,-0.07116394845521859,0.38285406937827554,0.2720728026449836
2019-01-09,1.5454840860366104,0.4250412026529513,0.21078873938816753,0.24146354530065356,-0.5171805318619855
2019-01-10,0.23997657279568588,0.547858442019921,1.1271349748790627,-1.533773034785273,0.06873508988714402
2019-01-11,-0.17654358999874026,0.617243359495726,-0.02887104527868875,0.7284753504569468,1.078789326111349
2019-01-14,1.2791621700029934,-0.6329791922534587,-0.9311196463774178,-0.009897386392943767,0.6211299050266293
2019-01-15,0.7346724883261678,0.4941127453670559,-0.6068740553575646,-0.07273761931634867,-0.15866456277939212
2019-01-16,0.5457511835909695,-0.28076594015290446,-0.4940929802202351,0.14720319591553502,-0.14647931298671882
2019-01-17,0.5526424728822583,-0.7751147068056707,0.09800766425080683,0.869865874534591,0.6082292649815884
2019-01-18,-0.7671656362236272,0.7241557350412592,0.08391002985867195,0.508534535225063,0.4356663867821766
2019-01-22,0.8379708936724495,-0.9872857224201457,-0.6773622273184267,0.42998424407082364,-0.44615203646192514
2019-01-23,-0.6639815037582836,0.0009455569701906099,0.18259347060383518,0.005812671837913042,1.6934901103203703
2019-01-24,0.2607954787076975,-0.4766775260211719,-0.3672142706907082,-0.22983820162482746,-0.1514249695205135
2019-01-25,-0.6822159758350926,-0.26472637830206197,0.06981239546647447,0.33572389468572744,0.9077069609863814
2019-01-28,0.07911888995273748,0.0009455569701906099,1.014353899741702,-0.6382997156269036,0.6139581337856514
2019-01-29,-0.17526449287065207,1.2740511092907167,0.0557147610743396,-0.22983820162480512,0.15248569235515877
2019-01-30,0.5271282351748107,0.4946007173077191,0.09800766425080683,0.32001383645487064,-0.6724984054197375
2019-01-31,-0.8085699485036064,1.2842048466102693,0.8310846526435419,-0.7482701232428343,0.3530432735514376
2019-02-01,0.2570350887364223,-0.473051303904992,-0.24033556116121269,-0.07273761931634867,-0.8132205308254459
2019-02-04,1.9930219249980285,-0.24512290940377712,-0.3672142706907082,1.0112563986122352,0.03135201868654351
2019-02-05,0.29496822031148606,0.5806446789973786,-0.31082373312204353,0.7127652922260899,-0.6203562427033901
2019-02-06,-0.6629518181724093,-1.8827322886890128,-0.40950717386723806,-0.3869387839333062,-0.7379036964904276
2019-02-07,-0.4119369925833207,-0.954161758585441,-0.6914598617105615,0.19433337060808312,-0.9545283120673629
2019-02-08,-0.6694460308974658,-0.40677571045810557,0.013421857897809772,-0.13557785223973126,1.0785872010031694
2019-02-11,-0.5188584890937564,0.30235765199870696,-0.5222882490045675,-0.009897386392943767,-0.5619407486825736
2019-02-12,-0.8684758914116087,-0.3714306394602252,-0.183945023592548,1.0898066897664747,-0.7226896951129383
2019-02-13,-1.4444777004932814,1.0990252520229884,0.12620293303517047,0.06865290476129562,1.0794529504566923
2019-02-14,1.4091181212383255,-0.2643540823126599,-0.5222882490045675,0.6970552339952555,-1.6493261457059953
2019-02-15,1.1229015866297747,-0.4594583023693409,-0.1134568516317171,-0.9839209967055749,0.15464101355498178
2019-02-19,-0.027887774532134983,0.35516446589473444,0.4786437928393562,0.46140436053253725,1.2281038344268485
2019-02-20,-0.3022637759940316,0.8846848506665052,0.676010674329714,0.24146354530063124,1.2959604250446624
2019-02-21,-0.11410447208205478,-0.016703985085736377,0.1684958362116377,-0.19841808516313617,0.3907206681077022
2019-02-22,0.2077545901617448,-1.2193631035947408,-0.40950717386720675,-0.009897386392943767,-0.5473968382137859
2019-02-25,-0.6783512775677624,0.9033864813711795,0.4222532552706602,0.11578307945384372,0.9202943893492327
2019-02-26,0.1692326169218225,0.26585849585782023,0.08391002985867195,-0.009897386392943767,1.5346658878201098
2019-02-27,0.23532997669918126,0.42432494980029595,0.3517650833098293,-0.402648842164163,1.297808456627262
2019-02-28,0.07939803908032271,-0.652011660627758,0.4222532552706602,0.5242445934559199,-0.1735807880719564
2019-03-01,-0.8640072914889437,-0.9368304815505846,-0.46589771143587144,1.2626173303058101,-0.9520845197990854
2019-03-04,-0.027887774532134983,0.03638609350863438,-0.6491669585340943,0.46140436053251493,-0.4223234121266143
2019-03-05,-0.8063432862199834,-0.3359070745967695,-0.11345685163168581,-0.24554825985568426,-0.12009889430811917
2019-03-06,-0.6996643262352782,-0.7272258167300736,-0.3390190019063759,-0.13557785223973126,-0.4959495952577293
2019-03-07,-2.0989047787304065,0.24978630070766025,-0.4799953458280689,-0.19841808516311382,0.031274178288035324
2019-03-08,0.2509302804420149,-0.7105710434740676,-0.6914598617105615,-0.21412814339399297,-0.7825081214684108
2019-03-11,-0.667873304587064,0.6236139282705094,0.3094721801333308,-0.6382997156268813,-0.6262067241803575
2019-03-12,-1.2950781638180917,0.44492632629241596,0.43635088966282637,0.42998424407082364,0.39685777909644226
2019-03-13,0.07611385945748374,-0.24760349672890555,0.39405798648635915,-0.1669979687014449,1.2702787366239772
2019-03-14,0.13540758760102836,0.07198038533078938,-0.1134568516317171,-0.08844767754718316,0.8722218587908316
2019-03-15,-1.7436866635068857,0.3913396262320576,0.18259347060383518,0.9484161656888304,0.4356039554586391
2019-03-18,-2.336101829416039,0.6032939263114755,0.5773272335845194,-0.4969091915492592,-0.011081914595525221
2019-03-19,-0.12035633013370456,-0.17609142378442058,0.12620293303513916,-0.4340689586258543,0.18792364547147494
2019-03-20,1.0280298918903328,-0.5307870525665858,-0.0570663140630211,0.49282447699420623,-0.6568909969896879
2019-03-21,-0.027887774532134983,1.2402061155101642,0.46454615844719,-0.009897386392943767,-1.1798505864369762
2019-03-22,-0.7923120177485228,-0.6888740370866194,-1.1989746998286066,-1.4080925689384853,0.2557025172002628
2019-03-25,1.2326037842911026,-0.4775437727214872,0.32356981452549693,-1.4395126854001767,0.5279382334087265
2019-03-26,-0.5755623324254863,0.7626278631833824,-0.4799953458280689,0.44569430230168045,0.6598312601062035
2019-03-27,0.18650362579428742,-0.37079954853252534,-0.4236048082593729,0.7127652922260899,-0.19833845920814908
2019-03-28,0.3568968997431546,-0.06991478967695917,-0.6068740553575959,-0.5597494244726419,-1.252543195474712
2019-03-29,0.6102877229991635,-0.17627786573588275,0.23898400817249987,1.1212268062281658,-0.18119320776786535
2019-04-01,-0.027887774532134983,0.6030826252942965,0.013421857897809772,0.24146354530063124,0.0009409605230280627
2019-04-02,-0.22394060207419034,-0.7253096304634395,-0.50819061461237,0.41427418583996684,-0.5644645748147381
2019-04-03,-2.438696031064718,0.46169957441414,0.6055225023688517,0.17862331237724863,1.403259250578531
2019-04-04,1.332828397983592,0.08947180637968967,-0.33901900190640716,0.021522730068747525,-0.30198905989513575
2019-04-05,1.3141373597885544,0.24868150466622957,0.19669110499600134,0.42998424407082364,-1.0376303159607327
2019-04-08,1.177944243648884,-0.5478852561911545,0.18259347060383518,-0.5126192497800938,-0.09644695028947987
2019-04-09,0.0686619566295041,0.7442840047262906,0.43635088966282637,-0.1669979687014449,0.432786470722499
2019-04-10,-1.5140702037632408,0.1423272470274812,0.02751949228997595,-0.29267843454821,-0.07808850938210359
2019-04-11,-0.6910776483649643,0.33646283519006004,-0.21214029237684903,-0.1669979687014449,0.2136477051929246
2019-04-12,1.3036840222545145,-0.5466690099586401,0.8028893838592095,1.0583865733047833,-0.18138067963787943
2019-04-15,-0.38772408087863913,0.6367924117992084,-0.1134568516317171,0.36714401114741874,0.3654637723907908
2019-04-16,1.2909138364417985,-0.36980288356802693,-0.11345685163168581,-0.041317502854635056,-0.29672689179518585
2019-04-17,-0.027887774532134983,0.9357728671250802,-0.0570663140630211,0.03723278829960434,-0.4857451155678323
2019-04-18,-0.6267425954100571,-0.2985905470488031,-0.7196551304949252,-0.041317502854635056,-0.44391847739781887
2019-04-19,-0.027887774532134983,0.0009455569701906099,-0.0006757764943564026,-0.08844767754718316,0.007014271406772265
2019-04-22,1.1956613649796486,0.0009455569701906099,-0.0006757764943564026,0.03723278829958201,0.007014271406772265
2019-04-23,-0.008637304735443515,-1.0939971265154471,-0.07116394845518728,-0.21412814339397065,-0.023480304762354482
2019-04-24,0.5644234204306523,-1.4533102671374574,-0.5081906146124013,0.14720319591555733,-0.8420641075933062
2019-04-25,0.11255092915324899,0.0009455569701906099,-1.2130723342207728,0.1000730212229869,-0.771014517537652
2019-04-26,0.7340119565916835,-0.2480412886764499,0.14030056742730534,-0.4811991333184024,0.466740814750004
2019-04-29,-0.027887774532134983,0.5519986844388972,0.23898400817249987,-0.009897386392943767,0.1233588739356761
2019-04-30,-1.1853131776237695,-0.3011207248518755,0.9579633621730375,-0.009897386392943767,1.100741772413377
2019-05-01,-0.027887774532134983,0.26749025968984486,-0.0006757764943564026,-0.009897386392943767,0.6770289264682929
2019-05-02,-1.141893442826772,-0.6035594875413264,-0.08526158284735345,-0.009897386392943767,-0.09034305067395278
2019-05-03,-1.067123843524365,-0.3908485972380756,-0.8042409368479223,-0.009897386392943767,-0.7059394565313049
2019-05-06,0.3059430177454617,-0.15948004415731262,0.6196201367610179,-0.009897386392943767,0.007014271406772265
2019-05-07,-0.2036760930936347,0.8022252732617504,-0.19804265798468285,-1.5494830930161296,1.0970396423379516
2019-05-08,1.0765547015414474,-0.19472717026952016,0.23898400817249987,-1.1253115207831967,-0.8634477544219266
2019-05-09,0.9823418447933248,-0.8365374010569538,-0.12755448602388328,-0.10415773577803998,-0.3956498343262953
2019-05-10,0.1706128757008094,0.3397813665514178,0.5209366960158547,-0.1669979687014449,0.47063772327777853
2019-05-13,1.2357364273760743,-0.33789025261103656,0.21078873938816753,-0.16699796870142256,0.03748897989243139
2019-05-14,0.5829953041814471,-0.373998676126983,-0.26853082994554506,-0.27696837631737553,-0.8719847613270766
2019-05-15,-0.8220836202779455,-0.4102408670352508,-0.6068740553575646,0.10007302122300923,-0.549887243982802
2019-05-16,0.11532436376421609,-0.321242311145,0.2812769113489984,-0.3083884927790892,-1.0240239114568594
2019-05-17,-0.3290222048126381,-0.5906237246925715,-0.43770244265157043,0.7441854086878036,-0.8057527885380378
2019-05-20,-2.364464991406917,0.699948876094878,-0.07116394845518728,0.35143395291658425,-0.19037514818983153
2019-05-21,0.6620209303656387,-0.7518941197917675,-0.08526158284735345,-0.041317502854635056,-0.5550718312148398
2019-05-22,0.10950298031208347,-0.052900370724441974,0.14030056742730534,0.5556647099176111,-0.33944524450866387
2019-05-23,-0.3764092057778241,0.018895263084793085,-0.4518000770437366,-0.465489075087568,-0.25930773873552493
2019-05-24,-0.2683040328471357,0.21625910621977265,0.676010674329714,-0.8111103561662393,0.5888792951715486
2019-05-28,-0.010491913852287208,0.7354475511499396,0.06981239546647447,-0.3083884927790668,-0.23425140358993696
2019-05-29,0.9772543834062328,0.0188380089348991,-0.5081906146124013,-0.402648842164163,-0.3707663884511597
2019-05-30,-0.38716048992555513,-0.01694689499451788,-0.31082373312204353,0.46140436053251493,-0.14176025127024083
2019-05-31,0.04981339515377565,-0.231752545821297,0.23898400817249987,-0.3869387839333062,-0.6199442630147454
2019-06-03,-1.4345293429193617,0.5734196521445227,0.4786437928393562,-1.7065836753246084,0.8323213154005566
2019-06-04,-0.5667917221431877,0.608016141845969,0.8310846526435419,-0.37122872570247173,0.539382320444953
2019-06-05,-0.027887774532134983,0.32184399072962805,0.18259347060380388,0.14720319591555733,0.2481045751272532
2019-06-06,0.08111927198490426,-0.4448385785989291,0.12620293303517047,0.1786233123772263,-0.22170738761100806
2019-06-07,-0.09852838165424656,-0.08829004993488848,0.09800766425080683,0.36714401114744105,0.32223067544359923
2019-06-10,0.5712045990586755,0.0009455569701906099,0.39405798648635915,0.005812671837890716,-0.4999774084072259
2019-06-11,-0.17042500924020584,-0.30265229367386864,0.26717927695680094,0.16291325414639182,0.31008282674732607
2019-06-12,-0.09387491441691105,-0.08840586854676713,0.041617126682173426,-0.24554825985566192,0.42705770535427984
2019-06-13,-0.20583091555413544,-0.6252534960053305,-0.4799953458280689,-0.19841808516313617,-0.777988674904703
2019-06-14,0.7554632777461656,-0.26782225704426144,-0.3390190019063759,0.06865290476129562,-0.3894113807074592
2019-06-17,0.9979399096987475,-0.3577828902719816,-0.43770244265157043,0.33572389468572744,-0.5389869280906159
2019-06-18,-0.16061539910224337,-0.6818111284983477,-0.6632645929262292,-0.10415773577801765,-0.7267948425190892
2019-06-19,-0.5311170489173471,0.6837022424387289,0.2812769113489984,-0.27696837631737553,0.635223347480742
2019-06-20,-0.41813698445093783,0.3058918127092378,1.4090876627224176,-1.1410215790140537,1.4200006732342512
2019-06-21,0.23612226025656982,0.6814820905324727,0.12620293303513916,-0.8739505890896442,-0.45080727515097824
2019-06-24,-0.6164050539593131,0.3763766301676115,1.0989397060947306,0.46140436053253725,0.9651101406166946
2019-06-25,-0.5550580337263226,0.07240351093417721,-0.08526158284735345,-0.6382997156269036,0.19824157563050646
2019-06-26,-0.10610378856648527,0.21521833090061626,-0.3672142706907082,0.5556647099176111,-0.820518469564278
2019-06-27,-0.3987763434982136,0.3933857414113206,0.112105298642973,1.1212268062281658,0.3160805896504519
2019-06-28,-1.1848989539002202,0.37507385475460225,0.14030056742730534,-0.6382997156268813,-0.32060685379753323
2019-07-01,0.15728116667899872,-0.33753155905722493,-0.4377024426515391,0.8698658745345687,-0.6183811707998024
2019-07-02,0.07094368992738485,-0.26654063953791984,-0.6773622273183953,0.27288366176234485,-0.11079027735294285
2019-07-03,-0.4662300854196817,0.33972153150764967,-0.1134568516317171,-1.2981221613225546,-0.700853343877835
2019-07-05,-0.027887774532134983,0.0009455569701906099,-0.46589771143590275,0.39856412760913235,-0.2791228538432566
2019-07-08,-0.7143371816471168,-0.14165078105149503,-0.6350693241418969,1.0269664568430696,-0.2981052025507321
2019-07-09,0.09430224678714472,-0.570112023166024,-0.14165212041601816,0.5242445934559199,-0.7166343241403431
2019-07-10,-0.8071846931402202,-0.6069850541030043,0.21078873938816753,0.05294284653046114,0.06947131685898282
2019-07-11,-0.6446516517766483,0.8588463393928639,0.9156704589965389,-1.2038618119374584,1.1288707921975774
2019-07-12,0.813847746010491,0.5180856288884169,-0.4518000770437366,0.39856412760913235,-0.341527444297424
2019-07-15,-0.0351791046988918,0.5883433470244428,0.2248863737803337,-0.009897386392943767,0.18133923624385911
2019-07-16,-0.09083174358292415,0.03650884030406855,-0.649166958534063,-0.716850006781143,-1.5908591744408487
2019-07-17,0.8837333470505843,-0.4617031202713822,-0.1134568516317171,0.33572389468572744,-0.15577981314149866
2019-07-18,0.24243236839304885,0.4280309508778855,0.013421857897809772,-0.7482701232428343,0.8887287318556065
2019-07-19,-0.22247539238576902,0.5517077972643968,0.14030056742733665,-0.32409855100992363,0.8486211061751361
2019-07-22,0.7168177108797299,-0.47869429148552484,-0.15574975480821562,0.7127652922260899,-0.928260413613436
2019-07-23,-0.13354767259758693,-0.33703463157341923,-0.5927764209653983,0.13149313768470053,-0.08668485115057732
2019-07-24,0.05336344189950051,-0.6048039111764908,-0.46589771143587144,0.17862331237724863,0.7308076644055208
2019-07-25,-0.11600642397180452,-0.3023840423546513,-0.35311663629857337,-0.009897386392943767,-0.2860219428330778
2019-07-26,0.24171705536884075,-0.42780223640618453,0.32356981452549693,0.7441854086878036,-0.8238776826376414
2019-07-29,-0.6338313465474096,-0.6433161508758399,-0.26853082994551375,-0.32409855100992363,-1.3791039273378498
2019-07-30,-0.6103234450989368,-0.23204167167640788,0.49274142723149106,0.508534535225063,-1.8666261256145664
2019-07-31,0.38105909556226436,-0.016983962431823645,-0.04296867967085493,-0.3555186674716149,-0.04995843837689426
2019-08-01,0.7397288739813571,-0.7710294594255077,-1.6078060972014883,1.058386573304761,-0.779122748443489
2019-08-02,1.2653037735579056,-0.7009232983271315,0.9720609965652349,-3.356139789563725,0.04510390017177426
2019-08-05,3.590095648813138,0.0009455569701906099,1.0707444373103983,-1.7065836753246084,0.7423994895294534
2019-08-06,1.3315361060282018,-0.503965110748346,0.06981239546647447,-0.6854298903194517,0.24749792285156205
2019-08-07,0.8370856680462783,-1.2287813887238024,0.21078873938816753,0.8541558163037565,-0.5755641732895459
2019-08-08,-0.42006827101307037,1.0682008882301044,-0.12755448602388328,-0.07273761931634867,0.19711841237536348
2019-08-09,-1.2616579003991741,0.6322906889466211,0.06981239546647447,-0.21412814339397065,-0.8049956479108685
2019-08-12,-0.027887774532134983,-0.4318349887751022,-0.0570663140630211,-0.009897386392943767,-0.012045416831181273
2019-08-13,2.6395916534003376,-0.3963138644920274,0.39405798648635915,-0.8739505890896219,0.0006607543408996
2019-08-14,-0.5448109250119713,0.4342936501196641,-0.4799953458280689,1.4511380290759803,0.17215898698121487
2019-08-15,-0.027887774532134983,-0.08928418527413537,-0.5363858833967337,-0.6854298903194294,-0.06919429149296889
2019-08-16,0.6763902033893919,0.1272596718164337,-1.0439007215147786,0.33572389468572744,0.8568374901960195
2019-08-19,0.17410119123998008,-0.12536855787605247,0.379960352094193,0.35143395291656193,-0.46197290299156424
2019-08-20,1.10072962320734,0.10921802283707348,-0.3813119050829057,0.27288366176234485,-0.6025717035279864
2019-08-21,-0.3865096179932729,-0.1434263327802631,0.39405798648635915,-0.15128791047058807,0.6166002463415309
2019-08-22,0.5328213010372702,-0.21574137837349397,-0.2967260987298774,-0.041317502854635056,0.2035772678181156
2019-08-23,0.05804480312118948,-0.23397367633054558,-0.25443319555337884,0.14720319591553502,1.0130340038518395
2019-08-26,1.63645563295886,-0.3970255865624655,0.7183035775061811,-2.05220495640328,0.3037019458011864
2019-08-27,-1.3476770351116982,0.4350699816161653,-0.1698473892003505,0.9169960492271391,0.1646991721068842
2019-08-28,-0.45543617660069785,-0.36078157635394736,-0.2967260987298774,-0.08844767754718316,-0.5484299650235963
2019-08-29,1.0461042573587682,-0.2887474864596577,-0.15574975480821562,0.19433337060808312,-0.16362673865107868
2019-08-30,-0.9017826760935836,-0.07152101405692189,-0.5081906146124013,0.7913155833803516,-0.22699575027504995
2019-09-03,1.5503668431781832,0.019063825088705477,-1.3963415813189644,-0.21412814339399297,-1.859384413775784
2019-09-04,-0.46570212279857226,1.0138428323733804,1.1412326092712288,-0.4969091915492592,2.2780639883290017
2019-09-05,-0.7924042741071473,0.7584019619574455,0.5632295991923533,0.6342150010718729,1.5883978064070654
2019-09-06,-0.5003534584554556,0.10899916053523456,-0.4377024426515391,1.011256398612213,-0.46457791599366066
2019-09-09,-0.5559982874969257,0.6664257297293774,0.08391002985864064,-0.16699796870142256,0.9807662091254743
2019-09-10,-0.027887774532134983,-0.052957862595252814,0.09800766425083812,0.7441854086878036,-0.5014281650822822
2019-09-11,0.24824181027550077,0.32422228503811934,-0.5222882490045675,0.32001383645487064,0.24565752770411398
2019-09-12,-1.3031872500719712,0.1086278423020939,-0.564581152181066,0.6027948846101593,-0.4138880914035812
2019-09-13,-1.4302895821348671,-0.14263933187044933,1.8743095976639326,0.25717360353148805,1.661851071912567
2019-09-16,2.1808490163405176,0.03684816047892728,-0.9170220119852517,-0.009897386392943767,-0.011735986324948681
2019-09-17,1.0133837995559312,-0.6099781894003727,-0.07116394845518728,-0.025607444623800574,-0.5811292692800022
2019-09-18,-1.8913726299370461,0.14480321022847467,0.3799603520941617,0.021522730068747525,0.7451248099609535
2019-09-19,-0.6749000016872251,-1.0616142092111909,0.19669110499600134,-0.13557785223973126,-0.14920309076010696
2019-09-20,-0.7737094651424579,0.21736156911607923,-0.5222882490045675,-0.21412814339397065,0.6375991443422827
2019-09-23,-0.08654458565657681,-0.43204119756275317,-0.6350693241418969,-0.009897386392943767,-0.8862116805987141
2019-09-24,-0.30092282918006774,0.05510276062743187,0.25308164256466603,-0.5440393662418074,0.19464011913642124
2019-09-25,0.6840182706287097,0.018995806681977236,-0.2967260987298774,-0.9367908220130268,-0.3370623249035589
2019-09-26,-0.5376838888574281,-0.5410303712075624,-0.6209716897497307,0.9955463403813785,-0.9272454448808856
2019-09-27,-0.26568004852268484,0.18171196768701833,-0.04296867967088623,0.08436296299215244,-0.4455570543715567
2019-09-30,-0.597592118982208,-0.23407181931629306,-0.649166958534063,0.27288366176234485,-0.062192881516764616
2019-10-01,0.8122887281041222,-0.7414597453729397,0.12620293303517047,0.33572389468572744,0.03218248347466248
2019-10-02,-0.027887774532134983,0.10970395636077392,0.3799603520941617,-0.5283293080109506,-0.6291751132635182
2019-10-03,0.7337565286708656,0.05531011673714308,0.36586271770199547,-1.1096014625523622,0.5110453555061444
2019-10-04,-0.9403385300334081,0.6887201167341376,0.39405798648635915,-0.5126192497801161,0.5541225422880769
2019-10-07,0.36566440760770375,0.0009455569701906099,0.19669110499597003,-0.041317502854635056,-0.06838555869284747
2019-10-08,-0.027887774532134983,-0.12563247419088894,-0.09935921723951963,0.9169960492271391,-1.4041803176869583
2019-10-09,0.475458503775265,-0.21616848800663008,-0.07116394845518728,-0.4811991333184024,0.08279413755667121
2019-10-10,-0.2520154372786931,0.18188473291870824,0.6901083087218488,0.36714401114741874,0.2846988506958178
2019-10-11,-0.11833301753832154,0.5611711278057705,0.18259347060383518,1.0426765150739266,3.971772481406961
2019-10-15,1.050269128171166,-0.07128341873979054,-0.5081906146124013,0.508534535225063,1.0561306968851374
2019-10-16,0.6598698593121806,-0.7222930494906591,0.25308164256466603,0.5399546516867767,1.3730448267990785
2019-10-17,-0.38316170052337906,0.9408194420719459,1.2399160500163922,0.1000730212229869,1.4891276205471171
2019-10-18,-0.803095170868046,0.8299484667595823,0.4363508896628577,-0.13557785223973126,0.21548051453029013
2019-10-21,-0.027887774532134983,0.5224141905819364,0.408155620878494,-0.29267843454823234,1.028709239156931
2019-10-22,-1.235243363745927,0.2882685715872784,-0.6068740553575646,-0.009897386392943767,-0.24347674988775153
2019-10-23,0.2105311610908587,-0.5919570766330624,-0.09935921723951963,-0.18270802693227936,-1.1751389924717457
2019-10-24,-0.04088020683062906,0.0009455569701906099,0.06981239546647447,0.35143395291658425,0.3750567247562944
2019-10-25,0.06675690348581542,-0.448996989513839,-0.2967260987298774,0.13149313768470053,-0.7111161319469592
2019-10-28,-0.027887774532134983,-0.0711073133620435,-0.28262846433771116,0.08436296299215244,-0.011423512824882943
2019-10-29,-0.053865326412462056,0.7207041597252419,0.112105298642973,0.32001383645487064,0.24661103680800905
2019-10-30,-0.8530609926619871,0.1806182981349984,0.1543982018195028,-0.21412814339397065,0.5468925576642827
2019-10-31,0.9427271952395999,1.1125441088501715,0.6760106743296826,-0.025607444623800574,0.7965544120812245
2019-11-01,-0.7038239589641839,-0.3751069624007153,-0.21214029237688034,-1.3452523360150805,0.06201566723490144
2019-11-04,-0.5020632038180337,0.28750409824796874,0.26717927695683225,-0.009897386392943767,-0.5373627493341092
2019-11-05,0.1441632747519342,-0.3035318973506416,-0.6914598617105615,1.2311972138440965,-0.13383929871722788
2019-11-06,0.5589325775953967,-0.12451652335014969,-0.26853082994554506,0.44569430230168045,-0.2749051220442949
2019-11-07,0.42417702208462144,-0.537338435142117,-0.183945023592548,-0.5754594827034987,-0.6990256797828888
2019-11-08,0.8661908737700701,0.2522637956537762,-0.6068740553575646,1.011256398612213,-0.29436062516371625
2019-11-11,0.6940726204612876,-0.5018996069773224,0.09800766425083812,-0.5126192497800938,0.35756251532154193
2019-11-12,-0.027887774532134983,-0.10691566628768016,-0.36721427069073953,0.16291325414639182,0.05003388385602874
2019-11-13,0.9111313157651356,-0.07098326864497946,-0.12755448602385197,-0.16699796870142256,-0.017567556810829006
2019-11-14,1.2542399801097883,-0.8094328548031173,-0.12755448602388328,-0.4969091915492592,0.050031057925389436
2019-11-15,-1.2707164657099728,-0.053156833335021476,0.5209366960158547,-0.26125831808654104,0.5165685091917293
2019-11-18,-0.019808310034482145,0.2893800397041564,0.379960352094193,0.35143395291658425,0.8644125414022966
2019-11-19,0.34166991553353954,-0.23338653545856308,0.2248863737803024,-0.4340689586258543,-0.10919341484574689
2019-11-20,-0.5351970500937474,0.3433698114054331,-0.25443319555334754,-0.05702756108549187,-0.5134521699475658
2019-11-21,0.42734006081092707,-0.359511753904271,0.4504485240549925,-0.041317502854635056,0.6864896306583061
2019-11-22,0.16205041300377546,-0.1614002792242095,-0.46589771143590275,0.27288366176232254,-0.8931852302334289
2019-11-25,-0.7788952798308288,0.10918578161613667,-0.7055574961027278,0.17862331237724863,-0.06046385611673627
2019-11-26,-0.23344296552326999,-0.21557358409186564,0.168495836211669,0.41427418583996684,0.013149317096346778
2019-11-27,-0.8686689416596312,-0.08931644955266861,-0.15574975480821562,0.08436296299215244,0.21552606798225837
2019-12-02,1.2936226673708007,-0.05322456009145446,0.19669110499600134,0.8541558163037342,0.3501081192473429
2019-12-03,-0.4729369113417049,1.2084430824958194,0.6760106743296826,-0.8425304726279306,0.917851571352769
2019-12-04,0.631152847313904,-0.2869748738546548,0.14030056742733665,-0.92108076378217,0.8540646452464447
2019-12-05,-0.8819398935667032,0.25289089684431443,0.18259347060380388,0.47711441876337174,0.893977517109341
2019-12-06,-0.87987978742101,0.07289146680282502,-0.0006757764943564026,-0.13557785223973126,-0.05364729428514326
2019-12-09,-0.5989999348042724,-0.19694682838660257,-0.26853082994554506,-0.32409855100992363,0.47982712522412363
2019-12-10,-1.0132898385195546,-0.05304753882332155,0.02751949228997595,0.08436296299215244,0.09784857086334854
2019-12-11,-0.13301905968652467,-0.19711150836353367,-0.02887104527868875,0.14720319591553502,-0.32012688637449377
2019-12-12,-0.4685518769991168,1.1514666427289997,0.8733775558200404,-0.2612583180865187,0.3765347100181491
2019-12-13,-0.14552112025317915,0.7894014966789874,0.5209366960158547,1.4354279708451458,2.5261320075455274
2019-12-16,0.8018832924202738,-0.9490385980334718,-0.3954095394750406,-0.18270802693227936,-0.20305140579800782
2019-12-17,0.07491046772398416,-0.034961302418543255,0.2248863737803337,0.22575348706979675,-1.975326828188047
2019-12-18,0.3147345484822874,-0.4482496872079823,-0.6632645929262605,-0.1669979687014449,-0.31969668793238315
2019-12-19,0.04695598686465559,0.6116881599616917,0.02751949228997595,0.21004342883893995,-1.0483157268691885
2019-12-20,0.25203454189472524,0.18034163295622305,-0.28262846433771116,-0.3083884927790668,-0.8876605483838829
2019-12-23,0.020217461848446482,0.0009455569701906099,-0.31082373312204353,0.03723278829960434,-0.45055362542581606
2019-12-26,0.34186306872862665,0.0009455569701906099,-0.0006757764943564026,0.19433337060808312,0.007014271406772265
2019-12-27,-0.20715299459538283,0.0009455569701906099,1.0989397060947306,-0.10415773577803998,1.1890624815521893
2019-12-30,0.42835497880736206,0.0009455569701906099,0.5068390616236885,-0.5911695409343332,0.5233575793441384
2020-01-02,-0.035270114898024,2.02077188231554,0.0557147610743083,-0.009897386392943767,0.9400939913805296
2020-01-03,1.268271270182776,-0.6589316401174452,-0.649166958534063,-0.009897386392943767,-1.7100659693000013
2020-01-06,1.4264636447142827,-0.37421981046625424,0.6619130399375165,-1.690873617093774,1.1973463506538689
2020-01-07,-1.1830290475318608,-0.3031004351163007,-0.31082373312204353,0.6027948846101593,-0.08390438364496433
2020-01-08,0.8563995454643171,-1.0207356465639474,-0.8042409368479223,-0.9839209967055749,-0.4723106361889822
2020-01-09,-2.2153594767345846,0.03685241635892447,-0.07116394845518728,2.189510765925893,-1.1064753368011098
2020-01-10,-1.1678138284175124,0.0009455569701906099,-0.26853082994554506,0.49282447699422854,0.7011821999262593
2020-01-13,-1.148901178150254,0.7360997274735926,0.49274142723152237,-0.009897386392943767,-1.291379809051502
2020-01-14,0.3908627256926569,-0.2140368973686369,-0.15574975480821562,0.8384457580728774,0.38557073955023036
2020-01-15,-0.20950100436197816,-0.05282390539677143,0.379960352094193,-0.24554825985566192,0.17780802830295572
2020-01-16,0.08800241329818638,0.14430958517961903,0.3799603520941617,-0.009897386392943767,0.6039752282089885
2020-01-17,0.4807652103113688,-0.21412593809443384,-0.8606314744165869,0.41427418583996684,-0.27303377236731413
2020-01-21,0.48645720156218186,-0.5374022128998832,0.09800766425080683,-0.32409855100992363,0.2748921223131679
2020-01-22,0.05755524035336971,-0.4663976939147004,-0.3813119050828744,-0.19841808516313617,0.48733605317941675
2020-01-23,0.11297801257672778,0.5042084409397933,0.04161712668214212,-0.3240985510099013,0.30452283705563155
2020-01-24,-0.027887774532134983,-0.35844259155160757,-0.790143302455756,-0.21412814339399297,-0.4241722243000066
2020-01-27,0.5300383471776366,0.0009455569701906099,-0.14165212041601816,-0.9839209967055526,-0.059848578468027394
2020-01-28,-0.2806747718288731,-1.531229006928942,-0.28262846433771116,0.06865290476129562,-0.8331668688292834
2020-01-29,-0.5408392233682972,0.21772295084661158,-0.0570663140630211,0.14720319591553502,0.01920878932488642
2020-01-30,1.0416164075825345,-0.6317559705100773,0.39405798648632784,-0.21412814339397065,0.7194729833688956
2020-01-31,0.09145950802664808,-0.27061732059929483,0.32356981452549693,0.11578307945384372,0.6509318191090832
2020-02-03,0.23235474142483642,-0.5066241268762587,0.19669110499600134,-0.8111103561662393,-0.8559287675421307
2020-02-04,-1.6712586983172752,0.41794015254542477,-0.25443319555337884,0.13149313768470053,-0.5047109248900432
2020-02-05,0.4580940905510414,0.34498690330863657,-0.35311663629854206,1.278327388536667,0.5856820603337631
2020-02-06,-0.06705901132348281,0.39882165691623056,-0.28262846433771116,0.7127652922260899,-1.1881801211105572
2020-02-07,-0.05819399437680697,-0.7590901574328102,-0.4799953458280689,-0.009897386392943767,-0.39047776269888396
2020-02-10,0.1827063035152815,-0.34350760541450803,-0.25443319555337884,-0.402648842164163,-0.09703812504992158
2020-02-11,-0.3068682773645449,0.18228552014989352,-0.7055574961027278,-0.009897386392943767,0.055984910613393904
2020-02-12,0.07893522197452532,0.34519268816991916,0.18259347060380388,0.32001383645487064,0.6978133346140278
2020-02-13,0.7540550318601993,-0.1620701069060273,-0.6632645929262292,0.03723278829960434,0.0192255028658912
2020-02-14,-0.33537309911739704,0.0009455569701906099,-0.35311663629854206,-0.05702756108549187,0.5864366070958639
2020-02-18,0.026703813754287018,-0.48862847238911017,-0.36721427069073953,-0.16699796870142256,0.12275532595493885
2020-02-19,-0.027887774532134983,0.07352499075425722,-0.22623792676901522,0.46140436053251493,-0.645413992350162
2020-02-20,0.6668105816556444,-0.8347697341681312,-0.14165212041604947,1.796759310154674,-1.400556844423283
2020-02-21,-0.027887774532134983,-0.8188391530020294,0.1543982018195028,1.3254575632291927,0.9135650710467478
2020-02-24,0.9352859067886288,0.07390521661084003,0.23898400817249987,-0.009897386392943767,-0.5071551534730627
2020-02-25,-3.206304759555622e-05,0.09212042610769236,0.3094721801333308,-1.785133966478848,0.759585387122875
2020-02-26,-0.5073378835020981,-0.32741248651010607,0.49274142723149106,-0.9682109384747181,-0.40267258347743246
2020-02-27,-0.45671000704951936,-0.7483125176306692,1.2540136844085896,-0.009897386392943767,-0.771201378546737
2020-02-28,2.086020510925326,-0.5667995972302063,0.18259347060380388,-1.4395126854001767,0.1726424066100838
2020-03-02,0.1635910677461535,-0.0357197296991247,2.0434812103699893,-2.7277374603297875,-1.197549912664837
2020-03-03,2.263911594456759,0.5504594020243482,-0.07116394845521859,1.011256398612213,0.025490493398402942
2020-03-04,2.443970688235736,0.7868476730471613,0.1121052986430043,-1.533773034785273,0.14246941239752092
2020-03-05,-1.0250308875792087,0.4569297849541194,0.8733775558200404,-0.07273761931632634,1.547824027130896
2020-03-06,1.3364590502325198,-0.32729388145047,2.099871747938623,-1.690873617093774,1.0945960299717876
2020-03-09,1.0105014651364888,0.0009455569701906099,1.6910403505657723,-6.5138614939643364,1.1025468011489403
2020-03-10,-0.027887774532134983,-0.6566023107517575,-0.9311196463774178,1.796759310154674,-0.7837744529229872
2020-03-11,-0.5306935442177155,-1.1165015808486651,-0.7619480336714237,2.7393628040055913,-1.4097998168722916
2020-03-12,1.2419212802692143,-0.881264443581299,-1.3540486781424346,-1.580903209477821,-2.3045004920610115
2020-03-13,-0.38336676667292424,-2.77263869826997,-1.9179540538291755,1.6867889025387208,-2.6600219769741953
2020-03-16,0.6928857671764143,-2.4422684258877934,0.7464988462905136,2.8493332116215444,-2.371183849723032
2020-03-17,-0.8856469934053866,-1.0307342092336207,-2.4677617951236877,-0.5126192497801161,-2.689597710500001
2020-03-18,0.4762996395518532,-1.9406123109594708,-0.6773622273184267,1.1997770973824053,-2.421166808693563
2020-03-19,3.0996151932343845,-8.57228734957339,-1.8756611506526457,2.346611348234372,-4.926325522301451
2020-03-20,-0.027887774532134983,5.437744693703065,-1.3258534093581336,-0.009897386392943767,2.787842960233964
2020-03-23,2.8464151909425737,-1.7428412709133094,1.0707444373103983,2.0795403583099623,-2.904131438976722
2020-03-24,0.9110344605720699,2.8699788015617487,0.8451822870357081,0.41427418583996684,2.7181353107715145
2020-03-25,-0.027887774532134983,1.8040446633299085,-0.2262379267690465,1.058386573304761,1.8598408016447718
2020-03-26,-3.206743935751763,-1.4406740577253365,2.170359919899485,-0.6225896573960468,1.120531351109586
2020-03-27,-1.4178187192111005,3.2349946578110327,-0.05706631406305241,-3.686051012411539,3.1381965104939673
2020-03-30,1.732708667372848,0.9025766791687784,0.8028893838592095,-1.3452523360151027,2.4720227727844657
2020-03-31,0.11478100966919152,0.46948434404350503,-1.1002912590834433,1.796759310154674,-0.657411322651255
2020-04-01,-0.027887774532134983,-0.9556435867629209,-0.28262846433771116,-1.7694239082480134,0.2516556872097066
2020-04-02,-0.027887774532134983,-0.8079443144464409,-0.4236048082593729,-0.16699796870142256,0.8272008200192481
2020-04-03,1.5117818820217876,-0.1686306853858595,-0.0006757764943564026,0.9641262239196648,-2.2023017977722366
2020-04-06,-0.027887774532134983,-0.6972003166982247,-1.6219037315936544,1.3254575632292152,0.5169508026204619
2020-04-07,0.028413464224450447,2.0718131130640285,1.3245018563694204,-0.15128791047058807,-0.23839506858025228
2020-04-08,0.8148630330434716,0.01970683816590111,-0.19804265798471415,-0.009897386392943767,0.7300415258554145
2020-04-09,1.2541990975098374,1.2179430375153144,-0.0570663140630211,0.14720319591553502,1.1287288443823993
2020-04-10,-0.027887774532134983,0.0009455569701906099,-0.0006757764943564026,-0.5754594827034987,0.007014271406772265
2020-04-13,-0.3590508375324852,0.0009455569701906099,-0.0006757764943564026,-0.5440393662417851,0.007014271406772265
2020-04-14,-0.027887774532134983,3.862802046468746,1.3526971251537527,-0.9682109384747181,1.3919915771197384
2020-04-15,-0.329741717946309,-0.6454504015632826,-0.8465338400244208,-0.7639801814736911,-0.5536395138280289
2020-04-16,1.5793307763091733,-1.8163360501243597,-0.21214029237688034,0.8070256416111861,-0.130204953408419
2020-04-17,-0.7033602104680035,1.3741856497339988,-0.3954095394750406,0.36714401114744105,-0.5800429737281273
2020-04-20,0.2787628571054688,-0.258379580637192,-0.0006757764943564026,-0.11986779400889679,0.24448317531152988
2020-04-21,0.03436300194429963,-0.5926326179307585,-0.3249213675142097,-0.10415773577803998,-1.5841083796809912
2020-04-22,0.5107831373872271,0.16800701838765691,0.4222532552706602,0.05294284653046114,0.35231469619628747
2020-04-23,-2.596654571494736,0.3347923197665023,-1.3399510437502997,-0.07273761931634867,-0.20011499817762593
2020-04-24,1.1952631846493493,0.03801693939909105,0.39405798648635915,-0.16699796870142256,0.10118289040963101
2020-04-27,-1.0314409617675087,2.19856663287445,0.7324012118983474,-0.19841808516313617,1.1595856349696572
2020-04-28,0.8159161525105895,-0.09107129280588987,0.3517650833098293,-0.4811991333184024,0.5690528191459243
2020-04-29,-2.367415952402917,1.561443117948132,-0.4940929802202038,-0.009897386392943767,-1.2309596443000914
2020-04-30,-2.058813538618218,0.44010513436259446,0.4786437928393249,-1.1096014625523622,1.4570212818324886
2020-05-01,-0.027887774532134983,-1.961901487121235,-0.0006757764943564026,0.8070256416111861,0.5239526198865888
2020-05-04,2.3304661612167865,-1.4194821510443136,0.9297680933887364,-0.009897386392943767,-1.8033196993089897
2020-05-05,-0.789489896784473,1.4213732649846949,-1.3963415813189644,-0.009897386392943767,0.5513416573735723
2020-05-06,0.3888770541304813,-0.18314966289872822,-0.5081906146124013,-0.009897386392943767,-0.9446846450408842
2020-05-07,-0.027887774532134983,-0.4228985337988131,-0.3390190019063759,-1.3295422777842236,-0.05571078809957684
2020-05-08,-0.8997941529087677,1.9127535543782948,0.8451822870357081,0.21004342883893995,0.007014271406772265
2020-05-11,0.8185992474627269,0.239075370028287,-0.26853082994554506,0.8384457580728774,-0.6524466382791984
2020-05-12,0.3569737422806631,-1.2099632342771436,0.4786437928393562,0.8855759327654478,0.4217134099149349
2020-05-13,-1.443048485394181,-0.07259866565480182,0.23898400817246856,-0.465489075087568,-0.6844917809707376
2020-05-14,0.16605484941312085,-0.717047932778528,-1.1707794310442743,-0.5597494244726419,-1.2483288747500043
2020-05-15,0.3888740797890428,0.38776889844543017,0.08391002985867195,0.8541558163037342,0.05126748712843173
2020-05-18,1.2632879264813086,-0.478051435049996,0.4786437928393249,-0.4969091915492592,-0.9237717789929918
2020-05-19,-0.9691232305471168,1.6741316471295635,1.66284508178144,0.44569430230168045,1.5755355417341956
2020-05-20,-0.002113502692382951,0.568828050951522,0.1121052986430043,0.9012859909962823,0.26548391546782985
2020-05-21,0.3455598757240738,0.09243988377463964,0.5914248679766856,-0.402648842164163,-0.5038504906869551
2020-05-22,0.000977851606417767,-0.27362037304286946,-1.3540486781424659,0.005812671837890716,-0.5427301035545384
2020-05-26,-0.5374941249739583,0.6594861603423974,1.000256265349536,0.005812671837913042,1.552399624756009
2020-05-27,-0.0028024155106111557,1.1499577859667665,0.2248863737803337,-0.37122872570247173,0.3590535843106268
2020-05-28,0.3289748492073976,-0.5091885364484122,0.3517650833098293,0.5399546516867767,-1.2270601266284333
2020-05-29,-0.42203088029202196,0.8567534344728824,1.6910403505657723,-1.1567316372449103,1.0902687468256278
2020-06-01,-0.5779438555965289,0.0009455569701906099,-0.28262846433771116,0.9484161656888304,0.722688152444492
2020-06-02,0.3485887619660958,2.608043010226538,0.8169870182513757,-0.3083884927790668,2.2426897921955145
2020-06-03,-0.9398116435067538,2.4606518306342378,0.2812769113489984,1.7024989607695775,0.3364858923541134
2020-06-04,0.6813839159802276,-0.6076316745814485,0.7887917494670433,0.5399546516867543,-0.6460888683987756
2020-06-05,-0.24605894741092213,1.680508932310809,1.1271349748790627,0.19433337060808312,1.2683121517523577
2020-06-08,0.5449109648574265,0.0009455569701906099,-0.6350693241418969,0.508534535225063,0.031810572315829594
2020-06-09,-0.5078110739909906,-0.08815880179810497,0.12620293303513916,-2.146465305788376,0.0937840759081831
2020-06-10,-0.11273135540610968,0.03659044586147719,1.1412326092712288,-0.9525008802438613,1.5643007642879563
2020-06-11,1.0938470247911283,-1.2133399841708608,-0.3813119050828744,-0.9525008802438613,-1.0549587481072025
2020-06-12,0.6052949152886402,-1.1104556459254253,-0.6209716897497307,-0.08844767754720548,-0.8107223665615372
2020-06-15,0.4317305018420042,-1.3850443489717879,-0.7196551304949252,0.571374768148468,-1.3237938232042041
2020-06-16,-0.9458316909998238,2.8023647068364235,0.7746941150748772,0.13149313768470053,1.7222075418611882
2020-06-17,1.2278526562287324,-1.145222121816253,-1.072095990299111,0.03723278829960434,-0.9922408051638816
2020-06-18,-0.20884649543397454,-0.21444454367808344,-0.14165212041601816,-0.8582405308587874,-0.6341319259657847
2020-06-19,0.19180716357591918,-0.16069758753968666,-0.1698473892003818,0.17862331237724863,-1.6869150468087155
2020-06-22,-0.027887774532134983,-0.017020118160272258,0.04161712668214212,-0.08844767754718316,0.032091404299414546
2020-06-23,-0.027887774532134983,0.6649669042333013,1.4795758346832484,0.42998424407082364,0.8458059778839071
2020-06-24,-1.7825224063417542,0.8244609702669894,-0.5363858833967337,-0.9525008802438836,0.8806942120911948
2020-06-25,-0.28491949466482785,-1.2172178950872334,-1.1284865278677445,0.8541558163037342,-0.9666882061161601
2020-06-26,-0.5831957918330556,0.23420881233437513,0.18259347060380388,0.005812671837913042,-0.3683880485856451
2020-06-29,0.2942059616787486,-0.160525254981912,1.0002562653495672,0.16291325414639182,-1.1787958930210203
2020-06-30,-0.17091504220026432,-0.28632636588156263,-1.213072334220804,0.7756055251494949,-0.5972262528304296
2020-07-01,0.16151969217769552,0.5752172198435418,0.027519492290007254,-0.05702756108549187,1.7031358676654613
2020-07-02,-0.3548131762371817,0.5204405066206853,1.2117207812320598,-0.3398086092407581,1.2692948100167614
2020-07-07,-2.2248366158066886,0.6088761680433855,0.0557147610743083,-0.26125831808654104,-0.13642465818171223
2020-07-08,0.5561522494482518,-0.3028672365818202,-0.0570663140630211,0.5399546516867767,0.48070754536466004
2020-07-09,-0.1118462038959527,0.804492580800156,0.7887917494670433,-0.6225896573960468,1.3179606036534475
2020-07-10,0.965974219999914,-0.9814573208094394,-0.9311196463774492,-0.5283293080109506,-0.3030833608900778
2020-07-13,-0.4826273195345487,0.8406513337956111,0.7464988462905449,-0.19841808516313617,-0.09228937900887896
2020-07-14,0.801132683000057,-0.6420245875189504,0.6478154055453503,0.6342150010718505,-1.0378009728814745
2020-07-15,-0.31187350587329865,1.0361710885402111,0.9720609965652349,0.05294284653046114,1.3124266950221006
2020-07-16,-0.2739964280919742,-0.12380788568631033,-0.4236048082594042,-0.5283293080109506,-1.167583332252105
2020-07-17,-0.5204357071013902,-0.19519943413274587,0.19669110499600134,0.47711441876337174,0.2871265891638394
2020-07-20,-0.501660358973304,0.0901181165498265,0.2812769113489984,0.36714401114741874,0.6222790311616424
2020-07-21,-0.7276146567320531,0.9445642745611688,-0.07116394845518728,-0.4497790168567111,1.2087872614978592
2020-07-22,-0.3205706982401,1.9853905189083074,1.9025048664482649,-0.5754594827034987,-0.07335623995421248
2020-07-23,0.21897442785559706,-0.016715304501681336,-0.12755448602385197,-0.009897386392943767,0.23570067079144383
2020-07-24,0.36802558071444436,-1.1492247798125343,0.5491319648001871,-0.009897386392943767,0.25403337161293815
2020-07-27,-0.3984225281072388,0.7623161997750318,2.142164651115121,-1.6437434424012258,1.7300869364908444
2020-07-28,-0.08499302048249506,0.21307997972742998,-0.6068740553575646,-0.7796902397045256,0.11128953414080138
2020-07-29,0.04578275759012369,0.4247692354387812,0.1121052986430043,-0.6225896573960468,1.029310938852996
2020-07-30,0.23455248447846805,-0.10495478163859183,0.2530816425646347,0.21004342883893995,0.6051956630244729
2020-07-31,-0.27094442897832743,0.9527183832092756,1.4795758346832797,-0.8425304726279306,1.515108160280045
2020-08-03,0.6995651254446373,0.0009455569701906099,-1.7205871723388177,2.5822622216971123,-1.5010796174665004
2020-08-04,0.36019078150248346,-1.4278374968654852,0.5491319648001871,-0.13557785223973126,0.2386195539078846
2020-08-05,-0.663155423751906,0.8660761544902835,1.2540136844085583,-0.8268204143970961,1.107571022750927
2020-08-06,-0.2020772229428566,0.4589930387883714,-0.15574975480821562,-0.11986779400887446,0.5889881342927359
2020-08-07,0.31158857876201435,0.0009455569701906099,-0.3672142706907082,0.06865290476129562,-1.1338192683121813
2020-08-10,-0.30084201890764956,-0.7393219561627097,-0.7619480336714237,-0.009897386392943767,-0.632177522077324
2020-08-11,-0.14897742294090055,0.21263522753815625,0.2812769113489984,0.9012859909962823,0.7860253490660565
2020-08-12,-0.08070568990307331,-1.041289363158895,-0.1698473892003505,0.6813451757643987,-0.5465916451621708
2020-08-13,0.0013394296623463681,0.9549944258057486,0.8733775558200404,0.08436296299215244,0.7003698493217491
2020-08-14,-0.25615629886198416,-0.26376674288663415,-0.28262846433771116,0.46140436053251493,0.05560654207569735
2020-08-17,0.23382964820506685,0.45963329177390033,0.5632295991923533,-0.6854298903194294,-0.2117172322267993
2020-08-18,-0.12437282644358151,0.7404385508936827,0.7464988462905449,-1.2352819283991499,0.8990967517116858
2020-08-19,-0.23294621893050263,0.4227038411983187,0.3799603520941617,-0.8739505890896219,0.7210616702073982
2020-08-20,0.8356743171322308,-1.3542811561283146,-1.1707794310442743,1.3882977961525977,-1.0890070276491002
2020-08-21,-0.4874731784888854,0.5648931537929152,-1.142584162259942,-0.6697198320885949,0.29202816635104806
2020-08-24,-0.19440568929444293,-0.4571818587069245,1.0989397060947306,0.17862331237724863,-0.41758005801044595
2020-08-25,-1.5570940344326152,-0.06959712277306063,-0.46589771143590275,0.32001383645487064,0.15266184596708635
2020-08-26,-0.17349486055737362,0.3358770685883887,-0.35311663629854206,0.6970552339952555,0.29808285900850817
2020-08-27,-0.1264212992552842,0.7751575195262184,0.23898400817249987,-0.8425304726279306,0.43700048055105994
2020-08-28,-3.501464519993989,1.0885328069890585,1.535966372251913,1.1369368644590228,1.3954208820373664
2020-08-31,0.8409033885780282,0.962483004758018,0.3517650833098293,-2.020784839941588,0.007014271406772265
2020-09-01,-2.815640332307409,1.011634833578503,0.6619130399375478,0.7756055251494949,1.987154653524755
2020-09-02,0.6664618739454159,-0.9050331353902852,-1.7769777099075137,0.21004342883893995,-1.2454514406137507
2020-09-03,1.208216333495584,-0.9427553352266476,-0.6773622273183953,0.33572389468572744,-1.3415760208398904
2020-09-08,0.2276894289207059,-0.2967549735755494,-0.3954095394750406,0.1000730212229869,-2.289614672436402
2020-09-09,0.8518375496567508,-1.1224408490479698,-0.1698473892003818,-0.5597494244726419,-1.6222858396421176
2020-09-10,-1.1700138323649807,0.9666072703080386,1.0707444373103983,0.38285406937827554,1.13084025177649
2020-09-11,0.4012958995769883,0.018474579020067168,0.06981239546647447,-0.08844767754718316,-2.343487609920055
2020-09-14,-0.3533008025349611,0.1060983925952507,0.3094721801333308,-0.009897386392943767,0.6210224199258148
2020-09-15,0.09378489831132523,0.7185146276765414,0.2248863737803337,-0.7482701232428343,0.41764948618513564
2020-09-16,1.1472182744771642,-0.29637682104664975,-0.3249213675142097,-0.6382997156269036,0.6615614339787165
2020-09-17,-0.18155337843907393,-0.5770440809325229,-1.015705452730446,-0.37122872570247173,-0.07242872971276004
2020-09-18,-1.4799179784029401,0.7363775124734615,0.5068390616236885,-0.37122872570247173,0.27580757537277534
2020-09-21,0.04182939462251138,-0.08651229420717801,-0.649166958534063,-0.009897386392943767,-1.468406622486444
2020-09-22,0.6134462027831399,-1.7887287336698057,-0.6632645929262605,-0.009897386392943767,-0.0420956167417953
2020-09-23,0.44557372188900474,-1.3747992502335864,-0.6773622273183953,0.47711441876337174,-1.6246269342661572
2020-09-24,1.0338066300177886,-1.6475738693846613,-0.6632645929262292,0.46140436053253725,0.3711070964700526
2020-09-25,-0.7234225789966373,0.3384698591726344,-0.15574975480821562,0.14720319591553502,-0.6474569888536269
2020-09-28,-0.5873417386528882,-0.21218392619263837,0.5068390616236885,-0.22983820162482746,2.481025303584124
2020-09-29,0.968583602634484,0.6221545339991903,0.4504485240549925,0.11578307945384372,-0.4529031278732646
2020-09-30,-0.22167243654687957,0.4261823120411739,0.08391002985867195,0.49282447699422854,-0.3860454441357368
2020-10-01,-1.5114396935927235,1.4141054116319385,0.6196201367610179,-0.402648842164163,0.05617685141486863
2020-10-02,-0.027887774532134983,-0.8638322032841719,-0.31082373312204353,0.021522730068747525,0.9210969233811009
2020-10-05,-0.456873740780555,0.0009455569701906099,0.5350343304080208,0.021522730068747525,0.4537691326580706
2020-10-06,0.3472433178609253,0.9185887757109329,0.3799603520941617,0.10007302122300923,-0.15202237133703594
2020-10-07,-0.056973923197393916,-1.181919870684425,-0.35311663629854206,-0.009897386392943767,-0.8386152132618033
2020-10-08,-0.26500417500379847,0.37219166106822177,-0.07116394845518728,0.5399546516867543,0.4362751880397964
2020-10-09,-0.32997711998772283,0.6010476659162408,0.4222532552706602,-0.07273761931634867,0.43561962743558585
2020-10-13,0.578462689939501,0.10672262664545674,-0.11345685163168581,-0.9367908220130045,1.4959134377984207
2020-10-14,0.2476954342079536,-0.2635664075447841,-0.5222882490045675,0.08436296299215244,-1.29839707130572
2020-10-15,-0.7033567583260368,-0.599471419492668,-0.7337527648870914,-0.3083884927790892,0.06815023047329478
2020-10-16,0.3863583154758821,-1.1324898738039235,0.6055225023688517,0.005812671837913042,-0.8071853297026038
2020-10-19,0.1009614955172729,0.24924721126733618,0.6196201367610492,0.21004342883893995,1.30982270099774
2020-10-20,-0.3337818453201756,-0.7623436285545135,0.3517650833098293,0.27288366176232254,-0.4877075537224595
2020-10-21,0.40607611883533273,0.6755789437385095,0.5914248679766856,-0.5440393662417851,1.3973431844333453
2020-10-22,0.6923910913454323,0.21367589785984606,-0.43770244265157043,-0.8896606473204787,0.40212155052974424
2020-10-23,-0.30595521123997,0.35516446589473444,0.49274142723152237,0.06865290476129562,-0.31510824675152316
2020-10-26,0.5268858957789364,0.054042685058791735,-0.5222882490045675,0.24146354530063124,-0.23634211286889523
2020-10-27,0.027847771894036873,0.3193330185794277,0.18259347060383518,-0.15128791047056575,-0.041682337847604514
2020-10-28,0.03033630067464933,0.19535105504802389,-1.4809273876719613,-0.9053707055513355,-1.1886997272350541
2020-10-29,0.7146941591018376,-1.4690226584341817,-0.3249213675142097,0.25717360353148805,-0.12751707699744255
2020-10-30,-0.027887774532134983,-0.31878617846090285,-0.08526158284738476,0.28859371999317934,0.5203328297165538
2020-11-02,1.2115597014821031,-0.7820446381225258,-0.649166958534063,0.24146354530063124,-0.9347881163599855
2020-11-03,-0.013707239953628682,0.5350219788097959,0.704205943114015,-0.009897386392943767,1.003759431511258
2020-11-04,1.2646907464651218,1.3320313320555703,0.26717927695683225,0.24146354530065356,0.41569495094005043
2020-11-05,-1.5272221209560075,1.0792651686308012,1.88840723205613,-0.9839209967055749,0.621962591307906
2020-11-06,-0.7889067899810742,1.6902368809331365,0.21078873938816753,-0.9367908220130268,0.7116330641324423
2020-11-09,-0.48261992636554557,0.526922882127488,0.18259347060380388,-0.5754594827034987,0.4737603785916504
2020-11-10,0.9887584225971795,-0.17427875835081094,-1.0579983559069135,2.7707829204672825,1.1554154859287562
2020-11-11,0.11870480884815772,0.4738187799511654,-0.5927764209653983,0.05294284653046114,0.06129582948132204
2020-11-12,0.6706039167633705,-0.6823307298872628,0.3517650833098293,0.21004342883893995,-1.3228859311205834
2020-11-13,0.7541937484714254,-0.7014553732983205,0.33766744891766315,-0.5754594827034987,0.12211823984354994
2020-11-16,-0.027887774532134983,1.0539371113860136,0.21078873938816753,-0.3869387839333062,0.44881723025775216
2020-11-17,-0.6022982478420643,0.5610479062211897,0.7324012118983474,-0.32409855100992363,0.8041293140031229
2020-11-18,-0.5440023751915084,-0.4715725021090438,-0.19804265798468285,-0.6540097738577604,0.10348061365918278
2020-11-19,-0.40871001808533547,0.0009455569701906099,-0.5081906146124013,-0.3712287257024494,-0.26438187447045547
2020-11-20,-0.3676819766729958,0.0009455569701906099,0.43635088966282637,0.03723278829960434,0.2723822422151588
2020-11-23,-0.09504562472316715,0.3160394814804394,0.5350343304080208,-0.009897386392943767,1.1200287001050062
2020-11-24,-0.6173980696958109,0.0709219397125286,-0.50819061461237,1.0740966315356177,-0.3895548694762239
2020-11-25,-0.02432617195171403,0.6823694507491687,0.3517650833098293,-0.10415773577803998,-0.10123827325295834
2020-11-30,-0.027887774532134983,0.6460106844377331,1.2681113188007245,-0.9996310549364094,0.33164672040766985
2020-12-01,-1.6995721470100837,-0.4347587059606791,-0.1698473892003505,0.6027948846101593,-0.34769574062124936
2020-12-02,0.47983264206171095,0.1230059367204748,1.380892393938054,0.11578307945384372,0.22951194444182102
2020-12-03,0.8424407013232463,0.5931116278780187,1.197623146839925,0.16291325414639182,1.1647590470588243
2020-12-04,-0.5721804599186304,0.33135837174621197,0.112105298642973,-1.031051171398123,0.30019084921666933
2020-12-07,0.05927364312157189,0.03570489666621675,-0.4377024426515391,0.42998424407082364,-2.515921913371256
2020-12-08,-0.043603304774903616,-0.06857711155822706,-0.19804265798471415,-0.05702756108549187,0.7060952439970868
2020-12-09,-0.6468860962175683,0.2789405430519364,-0.07116394845518728,0.14720319591555733,1.7471359935833983
2020-12-10,0.25908245683322917,0.625503026580349,0.08391002985864064,0.1786233123772263,-2.450291223821064
2020-12-11,-0.3034019131178539,1.436009289201678,0.1684958362116377,-0.4183589003949975,-0.8511900716999671
2020-12-14,-0.2058707002100202,-0.36150088805237124,0.49274142723152237,-0.009897386392943767,0.007014271406772265
2020-12-15,0.3712445971198139,-0.48299197792542403,-0.31082373312204353,0.1314931376846782,2.3697937263045543
2020-12-16,-0.5015431973729407,0.8990722158096631,0.6901083087218801,-0.6382997156268813,1.8496288719865257
2020-12-17,-0.34089664658732527,0.3973460633330212,0.8028893838591782,-0.7954002979353825,0.9059737201555106
2020-12-18,0.26254510758103317,0.12148629692199166,0.18259347060383518,0.06865290476129562,-0.8919451773419662
2020-12-21,0.4561815999988469,-0.4125368397765181,-1.2130723342207728,0.19433337060808312,-3.110959535556309
2020-12-22,0.822476581521105,-0.22325996189628708,0.9297680933887051,0.06865290476131795,1.606305106343456
2020-12-23,-0.2943843474454983,-0.0853315422056478,-1.0298030871226123,0.30430377822401383,0.17483173918998307
2021-01-04,-2.9048691528631148,2.595739474381471,1.8320166944874654,-0.8739505890896219,2.9869820922520285
2021-01-05,0.32221961532111704,-0.03327772466700336,-0.35311663629854206,0.08436296299215244,-0.9252922684881695
2021-01-06,0.08162931674005434,1.1112277515664606,0.9438657277808713,-0.5440393662418074,0.6842835144417974
2021-01-07,-0.04949943257126975,0.49499238609969304,-0.8747291088087531,0.28859371999317934,-0.9797284235652667
2021-01-08,0.696589240773298,-0.44195559614944696,-0.3672142706907082,1.3097475049983582,0.31053952787744227
2021-01-11,0.3910083268656519,-1.228940478896763,-1.2271699686129702,-0.009897386392943767,-1.2389333563898093
2021-01-12,-0.30995119153404554,-0.10177070900172623,-0.02887104527868875,0.5870848263793024,1.223219030707084
2021-01-13,-0.8114036896273693,1.231247869505555,0.06981239546647447,-0.8582405308587651,0.9927965292787725
2021-01-14,-0.14314591028672388,-0.2037581274201997,-0.5927764209653983,0.41427418583996684,-0.2658076794675892
2021-01-15,-0.38225781280943383,0.2568035546542221,-0.014773410886522578,-0.18270802693227936,-0.09981437957138138
2021-01-19,0.5342710822448802,-0.8185619173881452,0.12620293303517047,0.25717360353148805,-0.30183044886471344
2021-01-20,-0.2266702594895702,0.06932259235054043,-0.43770244265157043,-0.13557785223973126,0.7547836354384191
2021-01-21,-0.5745818683636006,0.8373139922471231,0.8028893838592095,-0.6225896573960468,0.49850625375930857
2021-01-22,0.20484645618846603,-0.42548448424267676,-0.0006757764943564026,0.06865290476129562,-0.5793221879556941
2021-01-25,-0.41878050435789377,-0.13563894109351568,-0.08526158284735345,0.36714401114741874,0.26183615829219264
2021-01-26,-0.027887774532134983,0.0009455569701906099,-0.12755448602388328,-0.11986779400887446,-0.20038137044805612
2021-01-27,-0.4330996129420652,-0.03321019267968105,-0.40950717386720675,-0.11986779400887446,0.5222578556633827
2021-01-28,0.8742330404141665,-1.8492077273736593,-0.3249213675142097,0.9327061074579736,-0.8344467171902596
2021-01-29,-0.4446225171035232,0.2929238356158208,0.6337177711531841,0.30430377822403615,0.872141890079068
2021-02-01,0.2139336597514447,0.12109015203139424,-0.7337527648870914,0.30430377822403615,-0.09358269248467432
2021-02-02,-0.16645715061137295,-0.4971068697933224,-0.564581152181066,0.33572389468572744,-0.43129897903365544
2021-02-03,-0.1755577182889987,-0.17098671319725967,-0.3813119050828744,0.1786233123772263,-0.491361470763323
2021-02-04,-0.11602317542359936,0.19006568797854795,-0.2967260987298774,-0.009897386392943767,-0.3138381063303579
2021-02-05,-0.08786537543251864,-0.5323321585791384,-0.183945023592548,0.8070256416112084,1.0158672679899918
2021-02-08,-0.15909056994172796,1.375235967176634,0.5914248679766856,-0.05702756108549187,-0.05815482968273441
2021-02-09,0.06609322971327045,0.925079286998033,1.1130373404868965,-0.9367908220130268,1.1128361804413631
2021-02-10,-0.18152773027760308,0.22300175722289153,0.32356981452549693,-0.4969091915492592,0.6966827808243905
2021-02-11,-0.27606738711921597,-0.08444141059977586,0.2812769113489984,-0.009897386392943767,-0.09897832729034638
2021-02-12,0.05389950207671171,0.17169542927544162,-0.5504835177888685,0.36714401114741874,-0.49994805850926377
2021-02-16,-0.30990625727272536,0.870275859508865,0.49274142723149106,0.9641262239196872,1.6835645014596858
2021-02-17,0.38472127450008625,-0.7318541148504348,-1.1707794310442743,1.0583865733047833,-0.7506048571933357
2021-02-18,-0.4013801952827699,0.01800755970368172,0.33766744891766315,-0.6854298903194517,0.9698367399475513
2021-02-19,-0.027887774532134983,0.2738069788203163,0.7746941150748772,-0.025607444623800574,0.662658515385638
2021-02-22,-1.3578024636687902,1.8024707088022982,-0.08526158284735345,-0.3712287257024494,0.27585362681185965
2021-02-23,-0.012237408256066909,0.7963192074032869,0.14030056742730534,-0.009897386392943767,0.7886904468619719
2021-02-24,-0.3133781829726412,-0.16810806135270864,0.04161712668214212,0.021522730068747525,0.5482438584239563
2021-02-25,0.7107013817137984,0.9632898232266298,1.1130373404868965,0.8541558163037342,0.012828276204446935
2021-02-26,1.946781720071424,-2.3851863621248532,-1.4668297532797951,0.27288366176234485,-2.457257592972883
2021-03-01,0.8866143749769108,-1.4295660294351755,-0.9593149151617502,0.38285406937827554,0.1829157078018684
2021-03-02,0.1729549223259555,0.17159923215920952,-0.35311663629854206,0.5713747681484456,-0.15129205933817957
2021-03-03,-1.051641343109409,1.1418518603557122,0.2812769113489984,-0.009897386392943767,0.3001037468314726
2021-03-04,-1.3057879555443628,-0.4923521905764611,-0.19804265798471415,0.28859371999320166,-0.11018479177969664
2021-03-05,0.1336327673130936,-1.432467196080291,-1.3540486781424659,1.309747504998336,-1.4739026352789326
2021-03-08,0.8580113630260622,0.0009455569701906099,-1.0157054527304148,0.7284753504569468,0.22494053773195663
2021-03-09,0.3896442139692348,-0.7869024621216548,0.39405798648632784,1.1840670391515709,0.45411652662070007
2021-03-10,-0.5486413988053915,0.360869529179499,-0.02887104527868875,-0.4811991333184024,-0.028257390219577957
2021-03-11,-0.027887774532134983,1.0781585532132514,1.0848420717025644,-0.4811991333184024,1.0339545648011426
2021-03-12,-1.0739011939072909,0.6488457300777698,-0.5081906146124013,0.36714401114741874,-0.8142371258390471
2021-03-15,0.06342176084401752,-0.6128200358163428,-0.183945023592548,0.46140436053251493,0.27125010739716177
2021-03-16,-0.8573409834388199,0.06920318002926304,0.08391002985867195,0.21004342883893995,-0.5217064160686132
2021-03-17,0.30079096536400246,-0.2721772706167634,-0.26853082994554506,-0.10415773577803998,0.39484013975038945
2021-03-18,-0.19780593815759243,1.5340679328217042,0.06981239546647447,-0.27696837631737553,0.6932093932941434
2021-03-19,-0.06166644495880402,-1.259053991294369,-0.2967260987298774,0.19433337060810543,-0.5206791513518074
2021-03-22,-0.530714180952468,-0.4600921693447841,0.49274142723152237,-0.3083884927790668,-0.43348944357568486
2021-03-23,-0.335212275242691,-0.4436808934180019,-0.6068740553575959,-0.08844767754720548,-1.1238359607373356
2021-03-24,1.2913954425744338,-1.6980541823120607,-0.8183385712400572,-0.3555186674716149,-0.7494253057243749
2021-03-25,-0.19325839196661643,-0.016264764641685896,-0.324921367514241,0.38285406937827554,-0.15280792705295548
2021-03-26,-0.7747806524038284,0.22460350316813707,-0.28262846433771116,0.6499250593027074,0.9055703070676483
2021-03-29,-0.027887774532134983,0.3103534137481843,0.02751949228997595,0.5399546516867767,0.6437182335744959
2021-03-30,2.276168799777147,0.36152239712316026,-0.6068740553575646,0.508534535225063,-0.9072255490800772
2021-03-31,1.64034315009894,-0.8582774207108002,-0.22623792676901522,1.1212268062281658,0.14876900086937841
2021-04-01,-0.027887774532134983,-1.0160823246843216,0.2953745457411646,0.13149313768470053,0.13689323871729586
2021-04-02,-0.027887774532134983,0.0009455569701906099,-0.0006757764943564026,-0.26125831808654104,0.5671661374944426
2021-04-05,-0.28499277802538225,0.0009455569701906099,-0.0006757764943564026,-0.08844767754718316,0.007014271406772265
2021-04-06,-0.45479098597656836,1.808548197213331,0.9297680933887051,-0.4811991333184024,0.1071341472706103
2021-04-07,2.842418331005583,0.20684355885866734,1.014353899741702,-0.8111103561662393,-0.1696919693970643
2021-04-08,0.8692804810778784,-0.3766410883224263,-0.15574975480818434,0.08436296299215244,-0.8722790758234159
2021-04-09,1.80777838119084,-0.411504658278428,0.21078873938816753,-0.8739505890896219,-0.2945858705964204
2021-04-12,-0.15951952128979227,-0.15386817700179622,0.2248863737803024,0.6970552339952555,0.5567478660928675
2021-04-13,-0.027887774532134983,-0.01626085420479176,-0.11345685163168581,-0.27696837631737553,-0.3357039472329338
2021-04-14,-0.027887774532134983,1.1687607040117889,0.9579633621730375,-1.1724416954757673,0.29657950131992955
2021-04-15,1.0871663567226417,0.7541985550417417,0.08391002985867195,0.08436296299215244,0.07788268622241121
2021-04-16,-2.172185254981297,0.49638559849946795,0.2248863737803337,-0.05702756108549187,0.3021068611882054
2021-04-19,1.1146894644292187,-0.11856924649325792,0.6901083087218488,-0.3555186674716149,1.5423805875673116
2021-04-20,-0.5742337726789346,1.1089160252279113,0.2248863737803337,-0.7011399485502862,0.6106211788048859
2021-04-21,-0.027887774532134983,-1.5000487503259288,-0.6209716897497307,-0.19841808516313617,-0.42065076586175437
2021-04-22,0.7143912384089055,0.513484199472038,0.5491319648001558,-0.07273761931632634,-0.3978170512966378
2021-04-23,-0.11932874154954559,-0.20396584299599954,0.2812769113489984,-0.21412814339397065,-0.12218525622149579
2021-04-26,-0.5461756237805895,0.0009455569701906099,0.26717927695683225,-0.041317502854657386,0.14795626185471641
2021-04-27,-0.6202905538807161,1.1262467227984287,0.041617126682173426,0.571374768148468,0.12441188567658072
2021-04-28,-0.7179154022203685,-0.9194442088918574,-0.25443319555337884,1.0426765150739266,-0.5157824932326766
2021-04-29,-1.2592211872495322,0.870275859508865,0.8310846526435419,-0.009897386392943767,0.8992928650945352
2021-04-30,-0.14923395215443744,-0.33967099241320614,-0.6632645929262605,0.03723278829960434,-0.3507304967034046
2021-05-03,0.5338977886373365,-1.0574064048913576,-0.5363858833967337,-0.009897386392943767,0.007014271406772265
2021-05-04,-1.190454664961736,0.4964414904545013,-0.3249213675142097,-0.009897386392943767,-0.38644472489497467
2021-05-05,0.3713584468174911,-0.3065082180480117,-0.2262379267690465,-0.009897386392943767,0.41807793881533994
2021-05-06,-0.12051674606781781,0.2742532080148561,0.7746941150748772,0.5399546516867543,-0.4040493960017954
2021-05-07,-0.7282755207305143,0.6149876365017254,-0.014773410886522578,-0.27696837631737553,0.4004732677085192
2021-05-10,-1.2123363936243265,1.3440797403430509,1.5500640066441105,-0.4340689586258543,2.1816152891389624
2021-05-11,0.10951683070431471,-0.2875808417950167,0.013421857897809772,0.05294284653046114,0.33291927287224005
2021-05-12,-0.07415975860627806,-0.7471073393298194,-0.7337527648870914,-0.08844767754720548,0.20470068095098554
2021-05-13,-0.027887774532134983,-1.4665135336960835,-0.5222882490045675,1.1840670391515709,-1.3914060910847983
2021-05-14,-0.26762608406775656,0.46242552587946345,0.5914248679766856,-0.025607444623800574,0.5788779019119271
2021-05-17,-0.4943429247802529,0.25701985191365806,0.2812769113489984,-0.2769683763173532,0.28668617554802106
2021-05-18,-0.7734623016717687,0.6146420669706798,1.1130373404868965,-0.37122872570247173,1.1113220144859652
2021-05-19,-0.2743488005652514,0.06905737140042359,-0.14165212041601816,-0.33980860924078043,-0.31801453243958344
2021-05-20,0.5123692137882057,-0.7149935016317023,-0.12755448602388328,0.36714401114744105,-0.3649087317379814
2021-05-21,-0.36496935165117195,0.12038630535005476,-0.21214029237684903,-0.5911695409343555,0.9996472989852305
2021-05-24,-0.4871471849734494,-0.28920657185707743,0.33766744891766315,0.16291325414639182,-1.03214380623157
2021-05-25,-0.35910220647535046,0.23991456047666695,0.7324012118983474,-0.22983820162482746,0.378998894584184
2021-05-26,-0.027887774532134983,0.5805151780827781,-0.4940929802202038,-0.05702756108549187,0.16379752822181318
2021-05-27,-0.6222825551993448,-0.6639484965390718,-0.43770244265157043,0.6185049428410161,-0.545019026205007
2021-06-01,0.4467203221270875,-0.06733129792244846,0.3799603520941617,0.30430377822403615,0.657718037609706
2021-06-02,1.5507133784828302,-0.03319864251908483,-0.5504835177888998,0.33572389468572744,-0.6553229268930221
2021-06-03,-0.3486986877775652,-0.15275098693545905,0.013421857897809772,-0.025607444623800574,0.6635482846814822
2021-06-04,-0.36351324435499727,-1.3686843826513735,-0.9875101839460826,0.9955463403813785,-0.7193304629893673
2021-06-07,-0.8150701826320251,1.3876567420045895,0.6337177711531841,-1.1096014625523622,0.3733269800149023
2021-06-08,0.09220001672793783,0.1546334363015861,0.2812769113489984,-0.24554825985566192,-0.05691064751063312
2021-06-09,0.4598655059981853,-0.05027507254313407,0.18259347060383518,0.06865290476129562,0.35551888912031354
2021-06-10,0.03635697151618298,-0.0502837351634299,-0.2967260987298774,0.25717360353148805,-0.9058231074882508
2021-06-11,-0.06506122084038181,0.29113038729063573,-0.6914598617105928,-0.3555186674716149,0.7630781246268968
2021-06-14,0.710640440149923,0.0009455569701906099,-0.1839450235925167,0.5713747681484456,-0.5976737784772739
2021-06-15,0.28579169454392833,-0.6480871180106268,-0.0570663140630211,0.47711441876337174,-0.26668623751572396
2021-06-16,0.3091226336906749,-0.37544680096938204,0.2248863737803024,0.021522730068747525,0.37964713983376047
2021-06-17,1.2641093337677634,-1.062319785329428,-2.636933407829713,0.9012859909963046,-1.9782896356299184
2021-06-18,1.4445183650479305,-1.6355266321245137,-0.5504835177888998,-0.6225896573960468,-0.5149958311197009
2021-06-21,0.0005396418891770614,-0.6388172074125532,-0.09935921723951963,-0.10415773577803998,-0.26904624353862205
2021-06-22,-0.10678130945992707,0.1566879345927527,0.04161712668214212,0.2257534870697744,0.04227116296476351
2021-06-23,0.8368903877035354,0.6231155455542751,0.8028893838592095,0.571374768148468,0.992413274742283
2021-06-24,-0.5154670984256746,0.4150167253257276,-0.21214029237688034,0.47711441876337174,-0.33279209726082654
2021-06-25,-0.23098327712858066,0.43166864158677065,0.19669110499600134,-0.13557785223973126,-0.42125868295218166
2021-06-28,0.054860333314538705,-0.050708886602268806,-0.564581152181066,-0.465489075087568,0.130283055673143
2021-06-29,0.028920114301220757,-0.48158782336360034,-0.31082373312204353,-0.27696837631737553,-0.8334603781430225
2021-06-30,0.4236599246256683,-0.7761685173998755,-0.05706631406305241,-0.041317502854635056,0.28353196960682947
2021-07-01,0.14465498344040556,-0.6048578671864976,-0.0006757764943564026,0.9169960492271391,-0.846950025488657
2021-07-06,-0.25962385209440664,1.6424586707432007,-0.649166958534063,-0.37122872570247173,0.6845093629861272
2021-07-07,1.438856892376398,-1.2769401329984573,-0.09935921723951963,-0.5754594827034987,-0.2755674600497443
2021-07-08,-0.18975659604772918,-0.7614419682251564,0.09800766425080683,0.08436296299215244,-0.6180301649848038
2021-07-09,-0.2159763015691536,-0.5721069692496848,0.2812769113489984,-1.0467612296289575,0.4553005305736449
2021-07-12,-0.6591106204209353,0.816784133645724,-0.08526158284735345,0.39856412760911003,0.542837793025149
2021-07-13,0.051362035045524806,0.2435371674584437,-0.1134568516317171,0.33572389468572744,0.03642549646130833
2021-07-14,0.263436086062782,-0.4844321039737205,-0.4518000770437053,0.41427418583998915,0.07170811924803785
2021-07-15,-0.21204952685292,0.3130633233267652,-0.04296867967085493,-1.1724416954757673,0.1657450648268229
2021-07-16,0.3413681434487325,-0.6757165425867203,-0.09935921723955093,-0.041317502854635056,-0.8229047145828082
2021-07-19,0.5611570136158376,-0.9907491417683023,-0.50819061461237,-0.041317502854635056,-1.1921603229973334
2021-07-20,0.21651922589739375,-1.011491010291258,0.12620293303513916,-0.6068795991652123,-1.0071191216217241
2021-07-21,-0.027887774532134983,-0.4540061143465638,-0.04296867967085493,0.7441854086878036,-0.16533728771526066
2021-07-22,-1.7643564288864562,1.0149013370134785,0.04161712668214212,-0.009897386392943767,1.8793691342797438
2021-07-23,0.17859327972282127,0.15797976969994343,-0.11345685163168581,-0.009897386392943767,-0.30023739291250146
2021-07-26,0.08396322829844592,-0.20845148952654088,0.2812769113489984,0.6656351175335642,0.5739856411660103
2021-07-27,-0.175852586354321,0.3324240662783773,0.32356981452549693,-0.24554825985568426,0.1013982415517871
2021-07-28,0.03937912210085129,-0.19091883892619252,-0.04296867967085493,-0.6225896573960468,1.0313955867725197
2021-07-29,-0.5693356673798698,0.38455289812301663,0.9297680933887051,-0.18270802693227936,0.969112206570004
2021-07-30,0.34394423176339006,-0.03390777012481575,0.25308164256466603,-0.402648842164163,0.08899199437349262
2021-08-02,0.03019743530581844,0.0009455569701906099,-0.07116394845518728,0.21004342883893995,-0.7903561076793445
2021-08-03,-0.4099234059366493,0.2796599505013147,-0.014773410886553881,-0.5440393662418074,0.4177084239410692
2021-08-04,-0.5475958166779458,0.0009455569701906099,-0.3390190019063759,-0.4183589003949975,-0.08680570609342428
2021-08-05,0.3807928007270521,-0.033879720769762915,-0.15574975480818434,0.9484161656888304,-0.11030482259371174
2021-08-06,-0.29624691054308033,-0.06871701228959189,-0.6068740553575646,0.33572389468572744,-0.07513828435025134
2021-08-09,0.10455063711297483,-0.5918340166471802,-0.6491669585340943,-0.009897386392943767,-0.3335884464191033
2021-08-10,0.5373433120313381,-0.4706189380214023,-0.5504835177888998,0.7127652922260899,-0.22812522756554265
2021-08-11,0.12119896678341412,0.1407449204525229,-0.0570663140630211,0.5242445934559199,-0.4992037605510397
2021-08-12,-0.5452672656040322,0.4722926345925423,0.2953745457411646,-0.5126192497801161,0.3955886343963465
2021-08-13,0.02708708627768651,-0.48787291304047264,0.3658627177020268,0.14720319591555733,-0.5465724963253948
2021-08-16,-0.027887774532134983,0.0009455569701906099,0.09800766425080683,-1.5180629765544384,0.666482560095916
2021-08-17,-0.027887774532134983,0.0009455569701906099,-0.07116394845518728,-0.3083884927790668,-0.793970483469952
2021-08-18,-0.016894160376332026,-1.3649372467484222,-0.620971689749762,0.41427418583996684,-0.4652233170144004
2021-08-19,-0.027887774532134983,-1.21249090076965,-0.3813119050828744,0.6342150010718729,-0.7502225659419894
2021-08-20,0.4231692148999767,-1.005137885802909,-0.35311663629854206,-0.19841808516313617,-0.7819725497766823
2021-08-23,-0.5630042164079611,0.49557956392244656,0.6619130399375165,-0.041317502854635056,0.6537914454728905
2021-08-24,-0.5200065330025627,1.2867418983181054,0.3094721801333308,-0.13557785223973126,0.516265661308063
2021-08-25,0.544744158686426,0.19422338016588422,-0.0570663140630211,0.11578307945384372,0.030677908232047624
2021-08-26,-0.17474502125398628,0.33449886915402594,0.4363508896628577,0.24146354530063124,0.2080746670297696
2021-08-27,-0.4703663800040963,-0.29747957873350095,-0.08526158284738476,-0.009897386392943767,-0.359733497508577
2021-08-30,-2.285394761971683,0.8778285959535659,0.5632295991923533,-0.41835890039501983,0.007014271406772265
2021-08-31,-1.2749091815716602,0.6656830660069543,0.46454615844719,0.19433337060810543,0.7400311772857496
2021-09-01,-0.7299416989203513,-0.1738439836262112,-0.24033556116121269,0.6027948846101593,-0.08746104447163493
2021-09-07,1.1339890820017406,1.6921633354841847,0.6055225023688517,-0.7325600650119998,0.36703103256686526
2021-09-08,1.3007092572022922,-0.6604688348248496,-0.46589771143587144,0.7284753504569468,-0.30576085641683487
2021-09-09,0.10371526433753607,-0.609532252559529,0.15439820181947153,-0.11986779400887446,0.5615086162445576
2021-09-10,-0.027887774532134983,0.5765720444285899,0.04161712668214212,-0.6697198320885949,0.7191693084508993
2021-09-13,-0.027887774532134983,0.0009455569701906099,-0.8606314744165869,0.27288366176232254,-0.510737378907758
2021-09-14,-0.26861315924978835,-0.7318600045581922,0.4786437928393562,0.16291325414639182,0.4836160807739436
2021-09-15,0.15026273116296143,-0.2961709606705702,0.14030056742730534,-0.6854298903194294,-0.4990339420605653
2021-09-16,-0.8878991085475718,-0.10398871617455889,-0.8606314744165869,-0.3869387839333062,-0.016545076567704278
2021-09-17,0.1930208185588543,-0.24404253935829168,0.23898400817249987,0.6185049428409937,-0.3584087472280198
2021-09-20,0.5207236385630823,-1.0863898195919877,-0.9734125495539163,-0.009897386392943767,-1.1572557703911093
2021-09-21,-0.22542990513329467,0.4749424178453732,0.3799603520941617,-0.402648842164163,-0.09368248158365393
2021-09-22,0.7296357242954663,-0.31496992320212835,-0.12755448602385197,-0.5283293080109506,-0.5266889750323746
2021-09-23,-0.30112061540100543,-0.1044328631040957,-0.19804265798471415,-0.009897386392943767,0.49331830601545723
2021-09-24,-0.14440926189893577,0.9305223884581717,0.0557147610743083,1.843889484847222,0.16103244964181634
2021-09-27,-0.15948235416153786,-0.22679994699633232,-0.2967260987298774,0.6185049428409937,0.06622953327453784
2021-09-28,0.3934867763884578,0.4562654612635275,-0.28262846433771116,0.35143395291658425,-1.1558884026790874
2021-09-29,1.3200394439735652,-0.9805953357335274,-0.3390190019063759,0.9327061074579736,-1.1487867575868749
2021-09-30,0.3346477472155366,-0.8429141148211843,-1.0579983559069448,0.42998424407082364,-0.8300358284552743
2021-10-01,0.0051101149961148735,0.08895737310166414,0.2953745457411646,-0.811110356166217,0.9395684710737905
2021-10-04,-0.10417940212328174,0.0009455569701906099,0.5068390616236885,-0.6854298903194517,0.9305316916240514
2021-10-05,0.9915529873484963,0.9498472689249092,-0.4799953458280689,-0.08844767754718316,0.4112132148417185
2021-10-06,0.32012539445949056,-0.08679094341106078,-0.8465338400244208,1.0898066897664747,-0.6054553917824669
2021-10-07,0.7882502954718577,0.3692682087855162,0.2812769113489984,-0.3869387839333286,0.2628680337811055
2021-10-08,0.44092345400247435,0.2987838361279955,0.09800766425083812,0.5242445934559199,0.4170834952742508
2021-10-12,1.1935495796304125,0.8927073080899945,-0.19804265798471415,2.755072862236448,-0.15337624994341625
2021-10-13,0.37475989451689995,-0.156233517099793,0.09800766425080683,-0.009897386392943767,0.10801158309230331
2021-10-14,-0.5652363254446103,0.8382930575685821,0.5632295991923533,-0.1669979687014449,1.020911985865245
2021-10-15,-0.027887774532134983,0.5926693317665427,-0.0006757764943564026,0.7913155833803516,0.4328251790487225
2021-10-18,0.11031092633737931,-0.32958111149039093,0.027519492290007254,0.5870848263793024,-0.1998964490006334
2021-10-19,-0.027887774532134983,0.904689058462662,0.7183035775061811,-0.21412814339397065,1.1696439570643753
2021-10-20,-1.0536603532352689,0.763551194064168,-0.4518000770437053,0.6342150010718505,-0.7655682173879269
2021-10-21,-1.0382300849351036,0.15669683237803372,0.19669110499597003,-0.4654890750875456,0.5026552533273275
2021-10-22,0.042946656847622305,-0.5358685454465102,-0.09935921723951963,-0.3869387839333286,-0.1875974506387854
2021-10-25,0.8006412861639348,0.17421536231743529,-0.3813119050828744,-0.4969091915492592,-0.17592581203057583
2021-10-26,0.31473358720353417,0.48557439199319274,0.21078873938813622,0.36714401114744105,0.6791754262135645
2021-10-27,-0.6066681695077383,0.19112352160509305,-0.014773410886522578,0.30430377822403615,-1.3507567976883783
2021-10-28,-0.4863932804175288,-0.2757164240832849,-0.3390190019063759,-0.8739505890896442,0.574535009257481
2021-10-29,-0.1540004144889755,0.6230800497518042,0.7324012118983786,0.06865290476131795,0.2785451307142438
2021-11-01,0.4790193155183641,-0.7076976513640768,-0.9452172807696153,0.7284753504569468,-1.2525056841863724
2021-11-02,-0.6200779417235182,-0.1375197973401258,0.3517650833098606,-0.041317502854657386,-0.2716708646058788
2021-11-03,-0.70972123188009,-1.0743124401949065,-0.35311663629857337,-0.009897386392943767,-0.004850811250051461
2021-11-04,-0.027887774532134983,0.2267193512616503,-0.12755448602385197,0.06865290476131795,-0.7474475903234838
2021-11-05,-0.027887774532134983,-0.8857489225293923,-0.7055574961027591,-0.6068795991652123,-1.7473568814957716
2021-11-08,-1.6505210487714304,0.018356694520525848,0.8451822870357081,-0.29267843454821,0.8915378516395233
2021-11-09,-0.7095790808909569,0.20980118380242344,-0.02887104527868875,-0.5440393662418074,0.6507225647063913
2021-11-10,0.8503340781573822,-0.7306800301094732,-0.26853082994554506,-0.6382997156269036,-0.7859112458655769
2021-11-11,1.0676124156266225,-1.1173215753903902,-1.3822439469267982,1.7182090190004344,-1.2495525217233472
2021-11-12,-0.04734773501944637,-0.296789398781934,-0.1698473892003505,0.44569430230165813,-0.0589612176696585
2021-11-15,-0.4336855415762637,0.9806157649507211,-0.0570663140630211,-0.4183589003949975,0.5643189081892014
2021-11-16,0.3216450387316887,0.19300902248977772,-1.072095990299111,0.32001383645487064,0.09679856412061666
2021-11-17,-0.3047849325579803,-1.2233599714734973,-0.7337527648870914,1.0269664568430696,0.09078703771329379
2021-11-18,-0.8087813143616169,-0.19189601101737477,0.4081556208785253,-1.0781813460906486,0.3956320303745446
2021-11-19,-0.027887774532134983,0.01848168256914871,-1.0439007215147786,0.24146354530063124,-0.41151946219639357
2021-11-22,0.7824087294860236,-0.3675264422658841,0.09800766425080683,-0.3869387839333062,-0.14860022250582866
2021-11-23,0.39897595648031364,-0.5613988926610389,-0.26853082994554506,-0.009897386392943767,-0.964532282479137
2021-11-24,-0.37435270133643217,-0.21020305369305398,-0.7478503992792263,1.718209019000412,0.1931879022351584
2021-11-29,2.385873826997811,-1.216023579209666,0.9861586309573698,-2.3506960627894027,-0.37146822010669345
2021-11-30,-0.03666141508850377,0.071628153358762,1.2258184156242573,0.14720319591553502,0.0010024956702988045
2021-12-01,-0.6329109529248081,0.44233849703291367,-0.6914598617105928,-0.6382997156268813,-0.21551200980317015
2021-12-02,0.26249766921178136,-1.2542947397102326,0.3517650833098293,-0.7011399485503085,0.0792042913317828
2021-12-03,-0.07602913890075921,-0.3890601058416143,-0.6773622273183953,0.25717360353148805,-0.7639716143813526
2021-12-06,1.0684241601208284,-0.9050944451224955,-0.0570663140630211,-0.13557785223973126,0.18187642500484863
2021-12-07,0.1659355829359328,0.8182778343393258,-0.43770244265157043,1.0112563986122352,-0.31264382637108373
2021-12-08,0.391813619626011,1.0990894598408276,0.6055225023688517,-0.3555186674716149,-0.4761791205904863
2021-12-09,0.06253594885208714,0.7249567964258179,0.168495836211669,0.41427418583996684,-0.33171677157822255
2021-12-10,0.7379138163176351,-0.4049939709545518,-0.5363858833967337,-0.4969091915492592,0.176430896771112
2021-12-13,-0.027887774532134983,0.0009455569701906099,0.06981239546647447,0.16291325414639182,0.7560610104991458
2021-12-14,0.5965110862565323,-0.8302785802324352,0.4363508896628577,0.14720319591555733,-0.11366458003173495
2021-12-15,-0.027887774532134983,0.0009455569701906099,-0.6632645929262292,0.19433337060808312,0.11562757255082008
2021-12-16,1.1996099836068639,0.9910803905420466,1.0425491685260344,0.5399546516867543,0.8984668907340261
2021-12-17,-0.3028306343095628,0.12448515481047578,-0.08526158284735345,-0.4497790168567111,-0.5588504204682537
2021-12-20,-0.6750332637737229,-1.0241922750192276,-0.8042409368479223,-0.4183589003949975,-1.0253126348615322
2021-12-21,-1.398016341254296,0.07175620902518276,0.3094721801333308,0.08436296299215244,0.5508175317205573
2021-12-22,-0.02021776003302093,0.35475073116421657,0.08391002985867195,0.7913155833803293,0.8327861667014699
2021-12-23,-0.8890012668050176,1.3592502783230032,0.12620293303513916,0.06865290476129562,1.4358152858292492
2022-01-03,-3.6783179323487967,0.0009455569701906099,0.6337177711531841,-0.009897386392943767,0.007014271406772265
2022-01-04,0.8931189872652245,0.018545874539955858,-1.072095990299111,1.8910196595397701,0.7425869893873325
2022-01-05,-0.33795688727662043,0.3703161903437459,0.5632295991923533,1.215487155613262,0.549980364352924
2022-01-06,-0.18429633986909316,-0.9674103259791458,-0.0570663140630211,-0.2612583180865187,-0.04067691908673966
2022-01-07,-0.5448288594290849,-0.26368965493024465,-0.24033556116121269,-0.24554825985568426,0.17389799430470315
2022-01-10,-0.4925353002710924,0.5476037305976544,0.2812769113489984,-0.009897386392943767,0.3940407702295949
2022-01-11,-0.8501878592370743,-0.1224071808896858,0.25308164256466603,-0.9053707055513355,0.012964358491988882
2022-01-12,0.20329524440909894,0.5644341797834302,0.4786437928393562,0.005812671837913042,0.607324209210429
2022-01-13,-0.24873630855844497,1.282494275352257,1.3104042219772543,-1.0624712878598142,1.0796152158494485
2022-01-14,0.6159809239580329,-0.13923389387937857,-0.2262379267690465,-1.0467612296289575,-0.01664537559600815
2022-01-18,1.0216056636584385,-1.5453251805115664,-1.1284865278677758,0.8384457580728997,-1.4400090244359856
2022-01-19,0.6228663665176178,-0.12239283045588793,-0.31082373312204353,0.24146354530063124,0.36353201825914794
2022-01-20,-0.8546886389218177,0.8808342412177207,-0.09935921723955093,-0.6697198320885949,-0.290052391150777
2022-01-21,0.5826425718730083,-0.8084578993971124,0.14030056742733665,-0.716850006781143,-0.5701933288842032
2022-01-24,0.12938512393448198,-0.21055935010911775,-0.6209716897497307,-0.009897386392943767,-0.8221932023696384
2022-01-25,0.40880954952088483,-0.8288735424825782,-0.5081906146124013,0.22575348706979675,-0.4952797548783721
2022-01-26,-0.027887774532134983,0.0009455569701906099,0.12620293303513916,-0.27696837631737553,0.7899620393391511
2022-01-27,1.6245183956649953,-0.9020756313423804,-1.6500990003779554,1.3411676214600496,-1.4950594432343798
2022-01-28,-0.804113712161297,-0.958137878929813,-0.31082373312207484,1.1997770973824053,0.04301436542700986
2022-01-31,0.028711468696622437,-0.30161767583725824,0.25308164256466603,-0.025607444623778248,0.1869455061176543
2022-02-01,-1.5716072763890874,0.9787358005959051,1.4654782002910822,-0.4497790168567111,1.0961312553925981
2022-02-02,1.044391287789837,1.2055025858683117,0.8874751902122379,-0.716850006781143,0.8419299437224136
2022-02-03,0.05520244225566951,-0.24666020892065763,-0.5222882490045675,-0.402648842164163,0.4413799243186936
2022-02-04,-0.4996622961011561,0.5312817276584614,2.5087031453115043,0.8541558163037342,-0.3201850596094392
2022-02-07,-0.027887774532134983,-1.025210169795234,-0.24033556116121269,0.35143395291658425,-0.7320740128515908
2022-02-08,-0.14463875371231316,0.5144579529488967,-0.5504835177888998,0.08436296299215244,0.38872222903193265
2022-02-09,0.4233136787943886,0.8137010731960745,0.3799603520941617,0.36714401114741874,0.4120109423314998
2022-02-10,0.3898508564833458,0.14207200082451552,0.0557147610743083,0.08436296299215244,-0.10013386628640504
2022-02-11,1.4362420815319763,-0.9706292430115705,-0.31082373312204353,-0.009897386392943767,-0.06444055353520414
2022-02-14,0.6675186520007697,-0.034443223425062196,-1.4245368501032967,-0.3083884927790668,-0.5772154315300327
2022-02-15,0.34787627704782453,0.1601625201358422,0.4081556208785253,0.021522730068747525,0.2635097143124076
2022-02-16,-2.0544794972436753,0.4957527046588125,0.3799603520941617,0.41427418583996684,0.27518894364598273
2022-02-17,-0.00998820690800312,0.3009703149514751,-0.02887104527868875,-0.3869387839333062,0.6258170193108218
2022-02-18,-0.6051387804858464,0.6001050417080258,-0.2262379267690465,-0.8111103561662393,0.11991752024394789
2022-02-22,-0.17529898758884874,-0.06948231255159723,-0.1698473892003505,-0.3869387839333062,-0.7663909586946345
2022-02-23,-0.9373725816490671,0.5814863601494321,0.02751949228997595,-0.009897386392943767,0.38803397069262846
2022-02-24,2.2064280735552266,-0.6500394943052756,-2.552347601476716,0.36714401114741874,-2.280903863880373
2022-02-25,0.06454169853469267,0.0009455569701906099,0.7464988462905136,0.9327061074579959,-0.08297153578140565
2022-02-28,0.6852632433414162,-0.28099537363337307,-0.24033556116121269,0.005812671837890716,0.0910019223293109
2022-03-01,-0.027887774532134983,1.3729356328967075,-0.5222882490045362,-0.4811991333184024,0.18090877727149446
2022-03-02,0.7801426900165563,0.15885296528059903,-0.790143302455756,-0.402648842164163,-0.8936049873846661
2022-03-03,-0.0588671451721189,0.5617283896489697,-0.4236048082594042,0.9327061074579736,0.43366764536956004
2022-03-04,1.4076525946886873,1.014725810584223,-2.0730280321430032,-0.3555186674716149,-0.9975558732159001
2022-03-07,2.7253395642526024,1.0461254959358248,-0.4799953458280689,-0.7325600650119775,-1.40666370257743
2022-03-08,-0.17288295799058978,-1.917980994075433,-0.04296867967085493,0.8541558163037342,-0.6053699627234974
2022-03-09,-0.11327637652243278,-0.4193497275939261,1.4231852971145837,0.6185049428410161,0.36490595256278624
2022-03-10,-2.580509341737893,0.6311699972301288,1.282208953192922,0.19433337060808312,0.14034867512366836
2022-03-11,1.0775555818765212,0.26315257231749356,-1.3258534093581336,0.46140436053251493,-0.5995622865418504
2022-03-14,0.5669960148081509,0.0009455569701906099,-0.4236048082593729,2.000990067155701,-1.002806295874578
2022-03-15,-0.4435124681880606,-2.6313947338782606,0.43635088966282637,1.0112563986122352,0.3602562722020528
2022-03-16,-0.5097471154840296,0.37085317566797316,0.04161712668214212,0.24146354530063124,0.45705779885904324
2022-03-17,-1.602307024843717,1.9487025629107633,0.8028893838592095,0.9012859909962823,0.7777081561865978
2022-03-18,-0.027887774532134983,1.0834550068158386,-0.6068740553575646,-0.4654890750875456,-0.30828959872905903
2022-03-21,0.8084339925757533,0.41894506964261946,0.4222532552706602,-0.009897386392943767,0.17077395576971827
2022-03-22,0.8223877651523874,-0.17315081281369252,-0.19804265798468285,2.063830300079083,0.9573578989293309
2022-03-23,-0.6964746882124229,1.13078746908091,-0.5504835177888998,1.8595995430780563,-0.20456721087293842
2022-03-24,0.5012460646810837,0.24374550792258212,-0.09935921723951963,0.06865290476129562,-0.011128708521372573
2022-03-25,-0.5885054535301381,0.9183578453564799,0.33766744891766315,0.9012859909962823,-0.06556937931297063
2022-03-28,0.2446184990095746,-0.03362337493023949,-0.5081906146124013,0.6185049428410161,-0.4773570568701024
2022-03-29,-1.0106308781657365,-0.7259148243029541,1.6769427161736061,3.100694143315119,-0.7211137808381172
2022-03-30,-0.7410622158228339,0.7796578567943216,0.5773272335845194,-2.6806072856372394,0.5108375432079121
2022-03-31,0.10878068548259054,-0.7777667428539404,-0.35311663629854206,-0.16699796870142256,-0.1446445629932169
2022-04-01,-0.027887774532134983,-0.08570173486138383,-0.6914598617105928,-0.32409855100992363,0.1950590345832257
2022-04-04,-0.027887774532134983,0.6415493693105272,-0.6632645929262292,0.35143395291658425,-0.5331949291708319
2022-04-05,-1.482311983436806,1.7427555208337917,-0.5081906146124013,0.1786233123772263,0.4016514440405308
2022-04-06,0.7111213738593353,-0.7393930850371437,-0.649166958534063,2.2680610570801325,-0.5577916089301378
2022-04-07,0.6729248341100555,-1.5371558008799686,-0.09935921723955093,-0.5754594827034987,-0.12068000511831821
2022-04-08,-0.10369428477658209,0.0009455569701906099,-0.7760456680635586,0.5556647099176111,-0.35814698830746977
2022-04-11,0.6029452447229937,-0.6060718681611872,0.5491319648001871,1.5611084366919332,0.05572989947232894
2022-04-12,0.4920532367234064,-0.2595776081806478,-0.5504835177888998,0.8227356998420429,-0.3707532118703191
2022-04-13,0.36002154169325984,0.3135464778495554,-0.4940929802202351,0.1000730212229869,-0.13325468528972176
2022-04-14,-0.027887774532134983,0.12242551265836031,0.7324012118983786,-0.4811991333184024,1.5582637487242332
2022-04-15,-0.027887774532134983,0.0009455569701906099,-0.0006757764943564026,1.7182090190004344,0.007014271406772265
2022-04-18,0.4864939597221706,0.0009455569701906099,-0.0006757764943564026,0.36714401114741874,0.007014271406772265
2022-04-19,-0.3524996598224264,-1.4774744524866779,-1.0579983559069448,1.0898066897664747,-1.2515794655489785
2022-04-20,0.4506041687374817,0.9236304894154264,0.3799603520941617,3.226374609161907,0.3845768293284276
2022-04-21,-0.750443711585759,0.31367198440726923,0.8028893838592095,-1.7694239082480134,0.09220008110026437
2022-04-22,0.3826754363989985,-1.8977477371216194,-0.9875101839460826,0.5085345352250854,-1.9098229105401627
2022-04-25,1.3797445859105153,0.0009455569701906099,-1.00160781833828,0.25717360353146573,-2.4292159832487057
2022-04-26,-0.631086551687559,-2.015249444297459,-1.015705452730446,-1.8636842576331096,0.06261864783613381
2022-04-27,0.24808827693224453,-0.7211293152306109,-1.2835605061816036,0.02152273006876985,-1.5789373142589829
2022-04-28,-0.11285250263778493,-1.4661062987022357,-1.3822439469267982,3.5719958902405784,-1.5004911241130563
2022-04-29,-0.6909902640388269,0.920893338202985,0.7746941150748772,-0.009897386392943767,1.2969922648451389
2022-05-02,0.007979091654077317,-1.8595252018944173,-0.2262379267690465,0.25717360353146573,0.007014271406772265
2022-05-03,-0.027887774532134983,1.1363060070350544,0.45044852405502384,-0.009897386392943767,-0.9022087081129404
2022-05-04,0.1427587123787694,0.05406130637399765,-0.35311663629857337,-0.009897386392943767,0.27510527360949644
2022-05-05,-1.3940444872095574,2.3112967631208887,0.5209366960158547,-0.009897386392943767,0.3931138157384885
2022-05-06,2.2427682660375505,-2.5750775844527607,0.02751949228997595,0.6656351175335642,-2.19839334870133
2022-05-09,2.0962152469585438,-1.6514417230791647,-0.15574975480818434,0.46140436053253725,-0.3318904515460355
2022-05-10,-0.07627775768573165,-0.4804729843159844,-0.07116394845521859,-0.7168500067811653,0.12630519654905498
2022-05-11,-0.3334241483606176,-0.35615470890738604,-0.014773410886522578,0.06865290476131795,-0.16880058382104787
2022-05-12,1.0708866582004244,-1.359887858733025,-2.044832763358671,-1.0467612296289575,-1.6624245199212584
2022-05-13,-0.8190810088205128,0.3417274884949136,-0.3249213675142097,-1.329542277784246,-0.10674255744436499
2022-05-16,-0.027887774532134983,-0.1604296733560377,0.5209366960158547,0.06865290476127331,0.8716722975333583
2022-05-17,0.9813644896275833,2.10995875708589,1.6769427161736061,0.6027948846101816,2.485196387115423
2022-05-18,-0.2976005682592864,0.4814589897232408,-0.25443319555337884,-0.05702756108549187,-0.7999122649566602
2022-05-19,0.4077973236239419,-0.6755513499568899,0.02751949228997595,-1.4395126854001767,0.32005190684736146
2022-05-20,-0.42517142428399,0.7841197903911152,0.7324012118983786,-1.015341113167266,0.7007123658673194
2022-05-23,-0.007160084086061056,1.2781516605042238,1.155330243663395,-0.009897386392943767,1.221536486233371
2022-05-24,0.12904677914870777,-0.5128371483390958,0.8592799214278742,0.16291325414639182,-0.8332486930850247
2022-05-25,-0.44080309910759297,0.4262071869691234,-0.9029243775930855,-1.4238026271693422,-0.2549147900572299
2022-05-26,0.3544631162799206,-0.7259046957124378,0.5773272335845194,0.7913155833803516,1.5563200075830623
2022-05-27,0.08416471688392246,1.2055025858683117,0.3517650833098293,-0.7482701232428343,-0.2847708838137385
2022-05-31,-0.011253685764400417,0.9364810501234724,-0.12755448602388328,1.859599543078034,-0.02404456292082228
2022-06-01,-0.39713665280915456,-0.3341029442844277,-0.014773410886522578,1.1212268062281658,0.019438217604192357
2022-06-02,0.08392589793551485,-0.19319941223584078,-0.28262846433771116,1.7496291354621256,0.007014271406772265
2022-06-03,0.009826034907865962,1.7613402684711,0.5350343304080208,-0.3555186674716149,0.007014271406772265
2022-06-06,0.21797081087486306,-0.9836147656929739,-0.0570663140630211,1.4511380290760025,-0.4405946473681504
2022-06-07,0.14889537132663486,-0.4219904807172017,-0.9029243775930855,2.3151912317726584,-0.7156384026633716
2022-06-08,-0.023817372358504358,0.4414911208927103,1.0848420717025644,1.0426765150739488,0.5180476564865553
2022-06-09,0.18199303557289573,-0.45723516344719556,0.0557147610743083,2.4094515811577546,-0.036574220667151575
2022-06-10,0.15168531640354735,-0.9705725863672234,-2.3267854512020256,-0.3869387839333286,-1.134922003233277
2022-06-13,0.9964160318945938,0.0009455569701906099,-1.734684806730984,1.2469072720749756,-3.042097971183316
2022-06-14,-0.505745317165259,-2.7538533252932527,-0.04296867967088623,-1.3923825107076286,-1.4315571748967413
2022-06-15,0.2221231858340463,-1.0721906579680374,-0.2967260987298774,1.3568776796909063,0.0705429704536549
2022-06-16,0.008918393734852769,1.662690157315303,-0.4377024426515391,-1.1567316372449328,-0.050160910574237695
2022-06-17,-0.02417367237929807,0.23250791283173838,1.2117207812320598,-1.6751635588629172,2.706906964604821
2022-06-21,-0.03261482260135752,-0.9263678837995505,0.9015728246043727,3.116404201545976,-0.19442175560158026
2022-06-22,0.39518909191097434,-0.7680214949709123,-0.40950717386720675,2.000990067155701,-0.43413173999253424
2022-06-23,0.15645035062215018,-0.33945341681019636,-0.3954095394750719,-2.005074781710754,-0.4474604971953734
2022-06-24,0.18964943643089474,0.18015059411366408,0.4363508896628577,-0.025607444623778248,1.1732813344172381
2022-06-27,-0.16862690906305194,0.3948238463985544,0.6760106743296826,-0.9367908220130268,-0.38330309567902926
2022-06-28,1.3413324921935565,-0.03484040390178394,-0.15574975480818434,1.3254575632291927,-0.41539146665286697
2022-06-29,0.7783950611044406,-0.536351808729672,-0.6209716897497307,1.0269664568431143,-1.0486233649882706
2022-06-30,-0.012855829764084382,-0.1604296733560377,-1.8333682474761783,0.8070256416111637,-0.6079684345543516
2022-07-01,0.4790281412842218,-1.059093228310081,0.5350343304080208,-1.031051171398123,-0.66657322851837
2022-07-05,-0.07790250498640743,0.7738825941311488,-1.9038564194370093,0.22575348706979675,-0.41320741717435233
2022-07-06,0.81444309562027,-1.6010437149009642,-1.5937084628092908,-0.7168500067811207,-1.327853989557649
2022-07-07,-1.0553546416768471,0.6859776936630906,0.04161712668214212,0.0215227300687252,0.9210306972008478
2022-07-08,0.7265288385673665,0.036957001516986346,-0.24033556116121269,0.49282447699425086,-0.02489417414872575
2022-07-11,0.5036542884483334,-0.1971703890840126,-0.9170220119852517,0.6656351175335194,-0.3697796144175295
2022-07-12,0.7358244752438325,-1.6792337835949815,-0.790143302455756,1.0898066897664969,-1.434572671905375
2022-07-13,0.03535295464215378,0.9234880596765557,0.3517650833098293,-0.05702756108549187,0.8984685424533669
2022-07-14,0.6723869574981561,-0.2520217517120322,-0.8747291088087531,1.3725877379217408,-1.1350697993507741
2022-07-15,-0.027887774532134983,0.0009455569701906099,0.760596480682711,1.4040078543834544,0.18055104577380207
2022-07-18,0.053988537384339626,0.8133040965578475,1.014353899741702,-0.009897386392943767,1.8578102065026114
2022-07-19,0.14370690206128325,0.8830430517539299,1.6064545442127753,-1.078181346090671,0.5299383716964182
2022-07-20,0.05786823171937566,1.095489661298844,-0.649166958534063,-0.11986779400887446,-0.5478269835704596
2022-07-21,-0.019643455862048898,-0.03487849433388245,-0.0006757764943564026,0.4614043605324926,-0.24206418818568137
2022-07-22,-0.2462832467824799,-0.07071525846898141,-0.12755448602388328,-1.785133966478848,-0.09523574614873784
2022-07-25,-0.2302774213383295,0.05469275784135013,0.6478154055453816,-1.1410215790140537,1.2442902696849267
2022-07-26,-0.20630272510422673,0.9310516201009749,-1.579610828417156,-0.24554825985568426,-0.6555893550714433
2022-07-27,0.30868813934907535,-0.3743304754801141,0.39405798648635915,0.838445758072922,0.7905016583891787
2022-07-28,-0.5343990956147462,1.0006503107494216,-0.4236048082594042,-2.6648972274063825,0.7629463538522636
2022-07-29,-1.0985840517070131,0.19692903114422097,1.0707444373103983,-3.6232107794881787,0.7925479619809506
2022-08-01,-0.8636297593752043,0.0009455569701906099,0.49274142723152237,-0.7954002979353825,0.7903554102256153
2022-08-02,-1.9024115984537,-0.9087759134223435,-0.12755448602388328,-2.602056994483,-0.5044366680260599
2022-08-03,0.7575506929932619,-0.3923283749247396,-0.4236048082593729,4.546019500553209,-0.2648759279792386
2022-08-04,2.303056806597387,0.4835287637546984,-0.183945023592548,-0.21412814339397065,-0.11320721684311445
2022-08-05,-1.4470088546644941,0.1259343210495551,0.7324012118983786,-0.9682109384747404,-0.3919837569745606
2022-08-08,1.5098993123720719,-0.55296807497707,-0.4799953458280689,3.744806530779936,-0.43698318329308394
2022-08-09,-0.027887774532134983,0.6797964006076415,0.49274142723152237,-0.8582405308587651,0.026057147407675535
2022-08-10,-0.27721366587665325,-0.33828969368894163,0.2530816425646347,0.5242445934558752,-0.1263130028536809
2022-08-11,-0.07831172811210722,2.1193945305866513,1.2117207812320911,-0.009897386392943767,1.3816845661165433
2022-08-12,0.6778443691783701,0.8335794979748681,-0.7478503992792576,-2.9162581590999577,-0.9742055253969709
2022-08-15,-0.027887774532134983,-0.6898017297867721,-1.2694628717894374,-0.5597494244726419,-0.46900391079614534
2022-08-16,-0.027887774532134983,-0.7980327759099095,-0.9029243775931168,0.25717360353146573,-0.8646021925946846
2022-08-17,-0.914826638324535,-0.24805590830381014,0.46454615844719,1.7810492519238394,1.024695497416906
2022-08-18,0.7451999048015543,-1.7299239724116493,0.19669110499600134,0.8855759327654255,-0.6031515257742921
2022-08-19,0.2569799044236615,-0.23178005069712043,-1.74878244112315,2.189510765925893,-2.6717458162752865
2022-08-22,0.3603792368268188,-0.39330556890199075,-0.7478503992792576,1.4354279708451234,-0.5137989492739164
2022-08-23,0.03814403987717319,-0.2681565355148282,-1.0439007215147629,0.11578307945386604,-0.5083195725818369
2022-08-24,-0.3502777236621394,0.5030762404567453,0.09800766425080683,-0.60687959916519,0.16171380637447352
2022-08-25,0.2291307591642178,0.8955423839614682,0.5068390616236885,0.05294284653043882,0.650679368420996
2022-08-26,0.10151890380156983,0.036674533827905004,0.520936696015839,-0.3555186674716149,0.12271737619160807
2022-08-29,0.5684865129974411,-1.7727171347268453,-0.2967260987298617,3.5719958902405784,0.007014271406772265
2022-08-30,-1.253066236890019,0.8442824448182344,0.6760106743296983,-0.7954002979353825,-1.500859569719289
2022-08-31,-0.027887774532134983,-0.05281436249799133,-0.4799953458280689,0.16291325414641414,-1.3141851374101376
2022-09-01,-1.0965780204415665,-1.2201788173453325,0.0557147610743083,1.3882977961525753,-0.7340210986535345
2022-09-02,1.270290958200369,-0.7918250406637848,-0.15574975480819997,0.8541558163037565,0.11113734734252897
2022-09-06,0.30409144762047535,0.18130296953197794,-0.9170220119852517,1.4825581455376715,0.104594583429454
2022-09-07,0.08004041543071233,-1.6080232598607396,-0.6068740553575646,2.0677578146368365,-1.66956904997482
2022-09-08,-0.8567851828297885,0.5442500170715838,1.7474308881344214,-0.009897386392943767,1.2865592555847025
2022-09-09,-0.14509274692568652,1.5710401142826345,0.5632295991923533,-0.009897386392943767,0.9174164451854432
2022-09-12,0.11050130755506665,0.2708308756305066,1.4936734690754458,-0.009897386392943767,0.901529685491079
2022-09-13,-2.0665963779889314,0.5579477146264208,0.2812769113489984,-0.009897386392943767,0.6146935188568213
2022-09-14,1.6998415394308108,-2.7037893501433348,-2.6087381390453963,-0.009897386392943767,-2.1516736311860787
2022-09-15,-0.03020740448813391,0.4353293772743122,0.02751949228997595,-0.009897386392943767,-0.7423525292757098
2022-09-16,0.7497152303087695,-0.8321713933601323,-0.5363858833967337,-0.009897386392943767,-1.2879066997332358
2022-09-19,-0.5315824066662342,-0.14417853992414062,0.5068390616236885,-0.009897386392943767,0.007014271406772265
2022-09-20,0.01216474856006755,0.4723448800770976,-0.0570663140630211,-0.009897386392943767,0.43277369437879426
2022-09-21,0.7811434739970406,-0.9607615478460495,-1.1284865278677758,-0.009897386392943767,-1.2722065974983559
2022-09-22,2.6055755779050926,0.0009455569701906099,-0.3108237331220592,-0.009897386392943767,-0.6117248412920493
2022-09-23,0.598406967683814,-0.7815571409198919,-1.833368247476147,-0.009897386392943767,-3.494037292374809
2022-09-26,2.1101265986334536,-2.322039392205281,-1.5232202908484755,-0.009897386392943767,-4.113209149061468
2022-09-27,-0.6851638404840369,0.07438279969573158,-0.02887104527868875,-0.009897386392943767,1.0613058352028502
2022-09-28,1.6799312910877948,-2.117509912430262,-1.1143888934756097,-0.009897386392943767,-2.0036143172851304
2022-09-29,-0.14774086452882315,1.4762206779035174,1.9870906728012934,-0.009897386392943767,2.4220873627786492
2022-09-30,-1.032319226249529,0.6624824345735462,0.5914248679766856,-0.009897386392943767,3.1351751605042244
2022-10-03,0.5843900917163736,0.0009455569701906099,0.2248863737803337,-0.009897386392943767,1.7799495211936447
2022-10-04,-1.0464324920079902,-0.5134582197689469,1.7897237913109356,-0.009897386392943767,1.9660860391521684
2022-10-05,-0.027887774532134983,0.27662764266361006,0.3376674489176788,-0.009897386392943767,0.26982048274592113
2022-10-06,0.8702508990845904,0.8448094875872637,-0.7760456680635899,-0.009897386392943767,-1.408471504873314
2022-10-07,2.208653706679374,-2.3899796983309693,-0.8888267432009194,-0.009897386392943767,-0.8457166968924005
2022-10-11,-0.05958789467499624,-2.874659633921888,-1.0439007215147629,-0.009897386392943767,-1.686278063920732
2022-10-12,-0.5054456862080637,0.39214610176059844,-0.24033556116121269,-0.009897386392943767,0.17347576016040558
2022-10-13,0.4855326198171046,0.07540269873231338,0.46454615844717434,-0.009897386392943767,0.9904490408830607
2022-10-14,-0.07143570157331063,0.9672265925209218,-0.31082373312204353,-0.009897386392943767,1.211667740749372
2022-10-17,0.02654602470216502,-1.8040354111095716,0.3094721801333308,-0.009897386392943767,0.47556301378628124
2022-10-18,-0.5945423959313051,1.7131487162911305,1.3526971251537527,-0.009897386392943767,-0.27006089491858143
2022-10-19,0.4388563085506732,-0.1846953543061163,-0.8042409368479223,-0.009897386392943767,-0.05239458404138455
2022-10-20,2.619560748808753,-1.0780210936390002,0.46454615844717434,-0.009897386392943767,-0.5348464622841999
2022-10-21,-1.1156234168174468,0.20587271014342268,-1.142584162259942,-0.009897386392943767,-1.1794751643506487
2022-10-24,-0.027887774532134983,1.5057005143960347,1.7051379849579384,-0.009897386392943767,2.3749982055950043
2022-10-25,-0.344266874340997,-0.3884588965491247,0.140300567427321,-0.009897386392943767,0.3427327404493696
2022-10-26,-0.027887774532134983,1.4447884706301075,2.2831409950368142,-0.009897386392943767,3.0951456199779384
2022-10-27,-1.2219020668637588,1.9888185641133587,0.19669110499600134,-0.009897386392943767,-0.051552921275302935
2022-10-28,0.03711036456518601,-0.7705667551271982,-1.2130723342207885,-0.009897386392943767,-0.312066146189958
2022-10-31,-0.07847609424285966,-0.9016427849648444,-0.5222882490045675,-0.009897386392943767,0.013529744194468684
2022-11-01,0.9922700134583188,0.05628342494041475,0.46454615844719,-0.009897386392943767,0.2805276299866158
2022-11-02,0.13920995719751023,-0.20200940234675283,-0.5504835177888998,-0.009897386392943767,-0.7164219434482305
2022-11-03,0.34961029303746105,-0.7937311694790932,-2.185809107280364,-0.009897386392943767,-3.8301955681793394
2022-11-04,-1.1597488892768653,-0.38791139495099436,1.6769427161736061,-0.009897386392943767,0.020245336283518347
2022-11-07,-1.0448403487113962,1.5165165853207305,1.7051379849579384,-0.009897386392943767,3.0860583026182593
2022-11-08,-0.027887774532134983,0.6271359073668633,0.04161712668215777,-0.009897386392943767,0.2686201186310064
2022-11-09,-2.3847572995059747,0.6625627084970528,0.6055225023688517,-0.009897386392943767,-0.06490303084903845
2022-11-10,0.8193303334601528,-1.4897304063664438,-1.1989746998286221,-0.009897386392943767,-1.119914428569255
2022-11-11,-3.581449454929914,3.7048581483392966,4.989886798333018,-0.009897386392943767,5.030038477980819
2022-11-14,1.87822906075888,1.1106081613277758,0.1543982018195028,-4.286960739741561,0.0972805434616595
2022-11-15,0.6039329412519818,0.2550496953229657,1.1976231468398937,1.215487155613262,1.3511203043578648
2022-11-16,-0.3280432493216386,0.8705450023870425,0.112105298642973,-1.3452523360150805,0.3532513114916374
2022-11-17,0.9371767520477247,-0.6510198720564935,-1.311755774965936,-0.15128791047058807,-0.4804048565062851
2022-11-18,0.17885087986683434,-0.07158174265766351,0.6619130399375165,1.215487155613262,0.6609879007297323
2022-11-21,0.2164388459134807,-1.0708541556085185,-1.6923919035544854,0.1000730212229869,-1.341067047043428
2022-11-22,-0.024661705785837897,-0.3814594698869128,0.39405798648635915,2.7550728622364704,0.9000398930686223
2022-11-23,0.10853925302854114,0.2741412572812986,0.7183035775061811,-0.009897386392943767,0.7884862095462047
2022-11-28,-0.2278755364259836,0.9824149344231267,1.944797769624795,-4.707204797416741,1.9956903166461557
2022-11-29,-0.16473988683889024,0.23675103915203283,-1.368146312534632,-0.33980860924078043,-0.8835978630152301
2022-11-30,-0.3997436214152455,-0.14414378382249876,0.14030056742733665,-0.08844767754716083,-0.15232144270346912
2022-12-01,-1.4730494236630474,2.0078791804811025,1.0989397060947306,-4.015962235259398,1.9827426014616023
2022-12-02,0.05628727631264181,0.0730198575775765,1.1835255124477275,-1.1881517537066018,1.4151805161770994
2022-12-05,1.2959170770107094,0.5049860507940264,0.6901083087218488,-1.2981221613225324,0.025910129524111737
2022-12-06,2.2083331558816943,-1.9840567329485566,-1.0016078183382486,2.8493332116215218,-0.8066586513709347
2022-12-07,0.8016152436088346,-0.7059632013169604,0.18259347060380388,1.1997770973824275,-0.8723825736891054
2022-12-08,-0.8432827594409229,0.4361615304727675,-0.14165212041601816,-1.1096014625523847,0.36163515896320736
2022-12-09,-0.26910943817431765,1.3750185932911552,0.5632295991923533,0.47711441876337174,1.1627498755097623
2022-12-12,1.3590437241915094,-0.23365178285666413,0.04161712668214212,-0.18270802693225704,0.1519345590664645
2022-12-13,0.20474843884561575,-0.4326351439307789,-0.24033556116121269,1.6082386113844813,0.19592834193588568
2022-12-14,-0.661491075552647,1.479791181095374,1.4654782002910822,-3.5760806047956306,0.9935957877100762
2022-12-15,-0.1391789787504527,-0.2330245358144444,-0.3954095394750406,-0.2612583180865187,-0.7593280963571812
2022-12-16,1.0453520444747761,-2.131088972409621,-0.02887104527868875,3.5405757737788646,-1.481384113510479
2022-12-19,-0.5952544967449225,0.12784174711053448,-0.2967260987298774,-2.3192759463277115,-0.037253901968638474
2022-12-20,0.4496225929970485,-0.9793474197975264,0.013421857897809772,-4.801465146801792,-0.3473827140256967
2022-12-21,-0.08079608226755182,0.09184681667728048,0.5209366960158547,-2.177885422250112,-0.6967766091575852
2022-12-22,-0.3650259415158906,1.759053454176259,-0.04296867967088623,0.06865290476131795,-0.7558313534204788
2022-12-23,0.6115789336482103,-1.4664614873594737,-0.15574975480818434,1.3568776796909063,0.31240138813480806
2023-01-03,-0.3043983017471576,0.0009455569701906099,-1.0861936246912771,-0.009897386392943767,-1.715126942769922
2023-01-04,0.3654483932458986,2.3345845137322923,0.760596480682711,-2.6648972274063825,1.5828656240435555
2023-01-05,-0.6903638545360675,0.10905057790653218,0.02751949228997595,1.7024989607695775,-0.4259414127140121
2023-01-06,-0.22736657970839871,-0.8288472565315251,-1.4245368501032967,2.4880018723119717,-2.2192164290141716
2023-01-09,-0.8868682515507613,2.877437139881283,2.7624605643705267,-0.009897386392943767,3.7710262336456846
2023-01-10,-0.5261203122538172,-0.4467095734927773,0.3799603520941617,-2.9005481008690785,0.10205453665294474
2023-01-11,-1.6627957147628847,0.1263556937986772,0.33766744891766315,0.869865874534591,-0.2845445908035434
2023-01-12,0.023122874970872963,0.21581363865130945,0.3517650833098293,-0.7325600650119998,0.46956454777449275
2023-01-13,-0.9524327629080238,0.573183078494917,0.5914248679766856,-4.20448293402959,0.127279142808371
2023-01-17,1.0709238818094184,0.322354734618831,0.4081556208785253,-0.8268204143970513,1.0555631629644857
2023-01-18,-0.4304867483853096,0.3754924044921739,-0.0570663140630211,0.19433337060808312,1.509824612501025
2023-01-19,-0.9674910438207743,-1.6075262082347648,-0.33901900190640716,-0.7011399485502862,-0.2878825113641504
2023-01-20,-0.47603408935309616,0.25171393012861537,0.1543982018195028,0.38285406937827554,0.013291898431749568
2023-01-23,0.15425223985563838,1.162515503665582,0.6337177711531841,0.9955463403813561,0.0007366443817949617
2023-01-24,1.0290555554283236,0.8914396879804036,-0.1839450235925167,1.6710788443079088,-0.4704967168112835
2023-01-25,0.05065709530977964,1.2255441673656953,0.2812769113489984,-0.0256074446238229,-0.05587664932272618
2023-01-26,-0.027887774532134983,0.0009455569701906099,0.23898400817246856,-1.832264141171396,1.0241160910520717
2023-01-27,-0.29238191122784074,0.0894925088265408,-0.4236048082593729,1.2626173303058101,-0.2751444665132085
2023-01-30,0.3299897410054081,-0.2647729887823188,0.5350343304080208,0.08436296299215244,0.18888239939502813
2023-01-31,0.2417389938601167,-0.9753548926162379,-0.9875101839461139,0.5399546516867543,-0.7337378629387885
2023-02-01,0.3291503107051962,0.5516109031063272,0.8592799214278742,-0.8582405308587651,0.051011788446327234
2023-02-02,0.307750418234032,1.4527363871859071,1.3245018563694204,-2.3192759463277115,0.5658107557419075
2023-02-03,0.8591014544873933,-1.557347565153771,-0.7196551304949252,0.42998424407082364,-1.4330457510175771
2023-02-06,0.691107813465747,-2.119123182058189,-2.270394913633361,5.755693984328536,-2.596226074857672
2023-02-07,0.7450170756140669,-0.21366879843153944,-1.0720959902990796,0.28859371999317934,-0.8278296283269565
2023-02-08,-0.09585455127005273,0.5907695379808038,0.49274142723149106,-2.602056994483,1.3758741329401116
2023-02-09,-0.23316947444849934,-0.1776677305027338,0.5068390616236885,1.0269664568431143,0.7047878511084501
2023-02-10,-0.1288305797721681,-0.5534258956326211,-1.142584162259942,0.1000730212229869,-0.5002853065164606
2023-02-13,0.37405960997110815,-0.2676633685401022,-0.0570663140630211,0.1157830794538214,-0.6411254583979198
2023-02-14,0.009434849706073991,0.0009455569701906099,1.0284515341338996,0.9012859909963046,1.8458566747321774
2023-02-15,0.4367725336730916,0.5200414262453357,-0.8324362056322546,0.6970552339952331,-1.838189858128074
2023-02-16,-0.7315669204094024,-0.267441239980498,-0.0006757764943564026,2.063830300079128,-0.024796522912486994
2023-02-17,0.5050637190954963,-1.4164958549231945,-1.0579983559069448,0.38285406937827554,-1.5241596975616327
2023-02-21,-0.19457992592215614,0.9526191260936385,0.5491319648001871,-0.08844767754720548,2.2371941623261367
2023-02-22,0.24998086099581435,-1.0226739219858916,-0.28262846433771116,0.8541558163037565,-0.3359165421840696
2023-02-23,-0.2847149512597189,-0.16099524637821933,-0.3954095394750406,-0.009897386392943767,-0.6801070166634843
2023-02-24,-0.09037938076722557,-0.2871631466650288,-0.6491669585340943,-1.1096014625523847,-0.5349611618614805
2023-02-27,0.5177821180852865,-1.8603433622876988,-0.2262379267690465,3.2106645509310727,-0.05043268725792745
2023-02-28,-0.7700551200000636,0.3451515115059648,0.9156704589965702,0.2100434288389176,1.4460233809812888
2023-03-01,-0.45871015015165684,0.3628455587384828,0.9156704589965389,0.10007302122303156,-0.5651586741390391
2023-03-02,0.00023748165401026342,-0.07139986144119921,-1.1143888934756097,0.2100434288389176,-0.8725894804858021
2023-03-03,-0.9601545302473673,-0.035233632735225374,0.14030056742733665,0.14720319591553502,0.3132761843048097
2023-03-06,-1.6991748574361765,0.2179559056778383,0.43635088966282637,-1.1724416954757226,-0.018494793560905477
2023-03-07,-0.027887774532134983,-0.7773955097415778,0.26717927695683225,0.35143395291656193,-0.20352402999501876
2023-03-08,1.0806089630773634,-2.2183204584372707,-1.6923919035544854,1.9381498342323182,-1.9013975708220996
2023-03-09,-0.5847814683606616,0.34763967291854897,0.12620293303513916,-0.4969091915492592,0.6745123834977478
2023-03-10,0.290111767453908,-0.1997237219477976,0.45044852405502384,-1.753713850017179,1.324505659332888
2023-03-13,-0.35458290548120897,0.0009455569701906099,1.6910403505657723,-2.4920865868670248,1.1976574581673616
2023-03-14,1.4133176503078904,0.9120093617081235,0.4363508896628577,-2.020784839941588,1.0217518229803997
2023-03-15,0.399731291902908,0.7822747694125511,-2.6510310422219105,2.3780314646960408,-1.2747009626044932
2023-03-16,0.5746087873856507,-0.9987891919054455,0.6478154055453816,-3.1833291490243667,-0.19656789834430266
2023-03-17,-0.7237875287950802,1.3996521554106442,0.39405798648632784,1.451138029075958,1.0488153804119098
2023-03-20,0.08950069134253014,-0.5613936307290742,1.3245018563694204,-1.3923825107076286,1.2912276026879823
2023-03-21,0.5372210937909194,0.14616531906060515,0.8310846526435106,-0.009897386392943767,0.2530635531056252
2023-03-22,-0.027887774532134983,0.07352933865062009,0.12620293303517047,-0.2612583180865187,0.24654728772354578
2023-03-23,-1.6953439671065207,0.8344113424488449,1.3245018563694204,-2.507796645097904,0.4665969863187327
2023-03-24,0.22502878304676596,-0.9777051886654418,-1.8897587850448432,-0.402648842164163,-1.1401985678045854
2023-03-27,0.3503977726541693,-0.6714415458634833,0.39405798648632784,0.06865290476131795,0.5875101594162866
2023-03-28,-0.5056423719599861,0.7096354241628566,0.9579633621730688,-0.009897386392943767,0.5926020932071686
2023-03-29,0.46428236416539986,0.2549431590760779,0.08391002985864064,0.9641262239196872,0.47209453036311355
2023-03-30,-0.027887774532134983,-0.28935480949468884,0.5491319648001871,1.9538598924631527,-0.08091479401283344
2023-03-31,-0.4876461854067503,0.454417699880431,-0.15574975480821562,1.498268203768506,0.4651991561510047
2023-04-03,0.5164261405350143,-0.8884994570489748,-0.07116394845518728,-0.7011399485502862,-0.12471571579513258
2023-04-04,-0.027887774532134983,1.8495122056542268,0.4363508896628577,-0.7482701232428343,1.752115212551779
2023-04-05,-0.6611026623254087,-0.5234805731265225,0.5491319648001871,-1.6594535006320381,-0.44854207918159844
2023-04-06,-0.7153815358966426,-0.7601814452776429,-0.35311663629857337,-0.6697198320886172,-0.08668485115057732
2023-04-07,-0.027887774532134983,0.0009455569701906099,-0.0006757764943564026,0.9798362821505217,0.007014271406772265
2023-04-10,-0.236510588287108,0.0009455569701906099,-0.0006757764943564026,1.3568776796909063,0.007014271406772265
2023-04-11,0.5435049206973814,-0.30767420018894137,-0.14165212041601816,1.2783273885366446,-0.08671614434454772
2023-04-12,-0.08220755853326077,-0.10805417988372668,0.23898400817249987,0.5085345352250854,-0.4996716122623495
2023-04-13,-0.3356942266684307,0.5455524376695388,1.310404221977223,-0.8425304726279306,1.175391728158922
2023-04-14,-0.027887774532134983,1.4845611000104662,0.5914248679766856,-1.1881517537066018,0.08182454309622919
2023-04-17,-0.12412997783710368,-1.228854809842871,-1.0720959902990796,2.1580906494641794,-1.3175786702644898
2023-04-18,0.3832327210112968,0.326967160917778,-0.12755448602388328,0.8855759327654255,0.4200581267697673
2023-04-19,0.12250520077654485,-0.10768932720028256,-0.5504835177888998,-0.5126192497800938,-0.29958136247106376
2023-04-20,0.11118246697162731,-0.21644116280692358,0.1543982018195028,1.1212268062281658,0.3136099052846083
2023-04-21,-0.05775125768348444,-0.12593544647907115,0.4786437928393562,-0.9210807637821476,-0.6754613256839481
2023-04-24,-0.36432344348535156,-0.5797596588850036,0.33766744891766315,-0.2612583180865187,0.7957815711454721
2023-04-25,-0.5109492625346792,0.0009455569701906099,0.2812769113489984,0.3200138364548483,0.10701676052347582
2023-04-26,0.023968140992482397,-1.2185235850346752,0.23898400817249987,-0.8739505890895994,0.38794720234526986
2023-04-27,-0.8759159235461316,0.32904673106786253,0.04161712668214212,-0.11986779400891912,-0.17402051760644932
2023-04-28,0.39275339795074476,-0.30891844770396076,-0.8606314744165869,0.5870848263793471,-0.09291700196009398
2023-05-01,-0.027887774532134983,0.5293464066541714,-0.0006757764943564026,4.137557986551111,0.007014271406772265
2023-05-02,-0.09370037238085327,1.2000880490889203,-0.2262379267690465,1.2940374467675237,0.10694554477363852
2023-05-03,0.27104188846527505,-0.7434176024340442,1.0989397060947306,-0.009897386392943767,0.43756075233562336
2023-05-04,-0.4145928067800857,0.47319287344621824,0.43635088966282637,-0.009897386392943767,0.8288325235956472
2023-05-05,-0.027887774532134983,0.8165608258197226,-0.8465338400244208,-0.009897386392943767,0.5163285656989036
2023-05-08,0.053757164240143346,0.724097832270951,0.32356981452549693,-3.858861652950919,0.007014271406772265
2023-05-09,0.8177489293078332,0.055112445103445665,-1.100291259083412,0.32001383645489295,0.10008160042823049
2023-05-10,-0.024993050301182682,-0.25191616639414477,-0.12755448602388328,-0.21412814339397065,-0.11708236017498236
2023-05-11,0.03353730812804268,0.19964039220127097,-0.28262846433771116,-1.6594535006320827,-0.0985110260239953
2023-05-12,0.349678533574029,-1.5378219871801018,-0.5363858833967337,0.6970552339952778,-0.788805795967453
2023-05-15,0.3683839169740456,-0.14428290821071607,-0.2262379267690465,2.2680610570801103,-0.3855086566932697
2023-05-16,-0.06187669677459565,-0.14435257050626396,0.06981239546650578,-0.08844767754720548,0.35595064158310286
2023-05-17,0.279778709007512,-0.6355544995629706,-0.7337527648870914,0.7441854086878259,-1.078604161756064
2023-05-18,0.32037291415200275,0.1465492444212812,-0.2262379267690465,1.718209019000412,-0.17433111307046953
2023-05-19,0.6768453664443244,-0.23569598932400607,-0.07116394845518728,1.2783273885366446,-0.043032669581151935
2023-05-22,0.28873196649808625,0.1101877047366127,0.19669110499600134,-1.10960146255234,0.2634105599667188
2023-05-23,-0.034579776084191834,0.18292829927094378,-0.6068740553575646,1.76533919369296,-0.7942195452516801
2023-05-24,-0.26827367388516143,-0.9465608582428076,0.08391002985864064,-0.60687959916519,-0.0995718779643342
2023-05-25,0.05821692964287599,-1.2975698713658363,-0.7055574961027591,1.5925285531536022,-0.2125553449326591
2023-05-26,-0.12196654108485615,-0.2190728042182248,0.2248863737803337,0.5870848263793471,0.2391255359476292
2023-05-30,0.019953028346056115,-0.10912358139518247,-0.09935921723951963,0.649925059302685,0.6396398054937326
2023-05-31,-0.20621806324172146,-0.25603807959736996,-0.8606314744165869,-0.6697198320885726,-0.8012453596971872
2023-06-01,-0.7344029100631465,0.29462335051159166,0.19669110499600134,-0.5597494244726865,1.2966163913126652
2023-06-02,-0.47205343519542514,1.8482439073798078,0.9297680933887051,-1.10960146255234,0.7679746081453754
2023-06-05,0.8018814899038765,-0.09024029080854029,-1.0298030871226123,2.173800707695014,-1.6986566694565515
2023-06-06,0.17268721445358906,0.9843030596600573,-0.09935921723951963,-0.9525008802438613,0.3014042737676868
2023-06-07,-0.3655664162491712,0.3098615387893262,0.4786437928393562,-0.15128791047058807,0.5011453315119561
2023-06-08,0.1178424252793967,-0.28979017303849486,0.2812769113489984,0.6499250593027297,0.13821932692932118
2023-06-09,-0.027887774532134983,0.0009455569701906099,0.6055225023688517,-1.282412103091698,1.0171110867826785
2023-06-12,-0.42499765844026344,0.0009455569701906099,-0.21214029237688034,0.47711441876337174,0.3864191646358443
2023-06-13,-0.2346697702833454,1.7954106846644549,0.39405798648632784,0.42998424407082364,-0.08623446938565761
2023-06-14,-0.2732889719560681,0.10936011269033286,0.2248863737803337,0.5870848263793024,0.9195187013418363
2023-06-15,-0.3996225309138165,0.974934387940794,0.14030056742733665,0.38285406937827554,0.34147625395082565
2023-06-16,-1.0401888676962927,1.205075878877852,2.0716764791542905,-0.3083884927790668,1.5318072648819008
2023-06-20,0.7194892485402142,-1.5274998552850267,-0.46589771143590275,3.273504783854455,-0.3317982919276324
2023-06-21,-0.09407954002351672,-0.35981226027868035,-0.14165212041601816,-0.9210807637821923,-0.7583580131945727
2023-06-22,-0.5950457003548857,-0.3241042404118372,0.8733775558200404,0.42998424407082364,1.38195497777384
2023-06-23,0.3975131784691648,-1.2301778908011993,-1.4245368501032967,0.6852726903221519,-1.1702110966068608
2023-06-26,-0.27912063120909625,-0.32577935354589854,0.4786437928393562,-0.009897386392943767,-0.10418346692792044
2023-06-27,-0.06296980672650497,0.5996722805927988,0.4645461584471587,-0.009897386392943767,0.2849260519286818
2023-06-28,-0.027887774532134983,-1.197693666406085,-0.1839450235925167,-0.009897386392943767,-0.5057930745229883
2023-06-29,-0.027887774532134983,-0.5819246465915168,-0.0006757764943564026,-0.009897386392943767,-0.4323970761605679
2023-06-30,0.2320603757397574,0.2925208560555683,-1.015705452730446,-0.009897386392943767,-0.10449519271077201
2023-07-05,0.3538542565723456,1.0555594679373594,0.18259347060383518,-0.009897386392943767,0.6506805039842999
2023-07-06,0.9196070909516032,-0.48953865269650737,0.2812769113489984,-0.009897386392943767,0.9019767351854373
2023-07-07,0.6754276940267507,-0.472124391518085,-0.15574975480821562,-0.009897386392943767,-0.11009431889293167
2023-07-10,-0.16770031487881856,0.40128358471799763,0.9579633621730375,-0.009897386392943767,0.30893172692608917
2023-07-11,-0.9240412189689049,0.45523381130442614,0.46454615844719,-1.4277301417270956,1.5423737649290858
2023-07-12,-0.25736669879557267,0.49081282357468925,0.46454615844719,-2.507796645097859,0.09274654910014936
2023-07-13,-0.5465438329947435,1.7903779936572648,2.254945726252482,-2.020784839941588,1.807452463713503
2023-07-14,-0.0857212727935283,1.4572044974343643,0.5491319648001871,-1.6594535006320827,0.5479370986477972
2023-07-17,0.11313973023510888,-1.3472019319453001,0.12620293303513916,-0.009897386392943767,-0.3757783306711319
2023-07-18,-0.3408832648229362,0.127026834731628,0.3517650833098293,2.032410183617414,0.5354954018778464
2023-07-19,0.14665085468168604,-0.48565738373596423,-0.46589771143587144,0.28859371999317934,-2.4616674809464767
2023-07-20,-0.21528827390741356,0.6135773180708558,-0.35311663629857337,0.948416165688808,-0.27475744614715975
2023-07-21,-0.10153390918574977,-0.9545796866948137,-1.0439007215147473,0.6185049428410161,-0.6187948487796048
2023-07-24,-0.34038609528740205,-0.7041068548344832,-0.3813119050829057,2.7864929786981394,-0.13429256599059386
2023-07-25,-0.40104733448697644,0.5795708818165527,-0.6350693241418969,-0.402648842164163,0.08074845444660446
2023-07-26,0.5493543447663977,-0.08939182267657149,0.1121052986430043,-0.7639801814736688,0.9944122927524656
2023-07-27,-0.014051859298936584,0.5425661544536519,0.9297680933887051,-1.1881517537066018,0.44134931560712065
2023-07-28,0.7887688166939003,-2.244051445478487,-1.6219037315936544,-1.3766724524767942,-1.267308518237076
2023-07-31,-0.022755429885042755,0.23709041920928176,0.18259347060383518,2.3309012900034927,0.16662141178418668
2023-08-01,0.08499885825751706,-0.16251973789999308,-0.7478503992792576,2.1934382804836465,-0.8042399166144122
2023-08-02,0.7769691302915411,-1.6751123922333582,0.21078873938816753,-0.009897386392943767,-0.20848491407342135
2023-08-03,0.5545508772173756,-0.7856209899159033,-0.7478503992792576,-0.009897386392943767,-1.605233137411202
2023-08-04,0.22939819760129646,0.6413287069437055,0.19669110499600134,-0.009897386392943767,0.6072839744694508
2023-08-07,-0.20225404554202583,0.0009455569701906099,0.5350343304080208,-1.0663988024175453,0.35915211121729346
2023-08-08,0.14329183477650076,-0.767676843649565,-0.564581152181066,1.0466040296316574,-0.09178684121780202
2023-08-09,0.035201050430777224,0.45869380113423547,0.33766744891766315,-0.009897386392943767,0.2045817266606368
2023-08-10,0.03773427694975461,-0.20037845394129697,0.7183035775062124,-0.009897386392943767,0.43254642013015177
2023-08-11,-0.2114151852555578,-0.4204375276067838,-0.21214029237688034,-0.009897386392943767,-0.6716762473963892
2023-08-14,0.5213622512668526,-0.8619687748857187,-1.0439007215147786,-0.009897386392943767,-0.17218695105977821
2023-08-15,-0.027887774532134983,0.6804668545575947,-0.0570663140630211,-0.009897386392943767,0.09971884473218653
2023-08-16,-0.027887774532134983,-1.120162793904624,-0.14165212041604947,-0.009897386392943767,0.4145509945854536
2023-08-17,0.5256310344439942,-1.2167487080261532,-0.22623792676901522,-0.009897386392943767,0.08721694115943292
2023-08-18,-0.14154829705007138,0.40738778920346475,-0.46589771143590275,-0.009897386392943767,-0.37569694392867503
2023-08-21,0.04863203285526479,-0.12831782525420712,0.5773272335845194,-0.009897386392943767,0.3033524314081192
2023-08-22,-0.17904345288170873,0.3147752777396266,-0.2967260987298774,-0.009897386392943767,0.29071169148418036
2023-08-23,-0.4895053959470214,0.44344647994815434,-1.1566817966521081,-0.009897386392943767,-1.6994879173503894
2023-08-24,-1.208126003091089,0.7002526772277827,0.49274142723152237,-0.009897386392943767,0.7316902136341932
2023-08-25,0.2934393239604277,-1.1408624862653651,-0.4518000770437366,-0.009897386392943767,-0.8913662346512095
2023-08-28,-0.15464761438599456,0.2591496469031517,-0.0006757764943564026,-0.009897386392943767,0.007014271406772265
2023-08-29,0.09089148269287141,0.27734877484279097,-0.07116394845518728,-0.009897386392943767,-0.2910153392175362
2023-08-30,0.354911408813045,0.5346109966700711,1.1694278780555611,-0.009897386392943767,0.9558823807894021
2023-08-31,-0.319403332442197,0.1847503353336151,-0.25443319555337884,-0.009897386392943767,0.19269124316858466
2023-09-01,-0.071291481424025,-0.25641237308071324,-0.3390190019063759,-0.009897386392943767,-0.011547898816037887
2023-09-05,0.8617536176534566,-1.2891341845711826,-1.593708462809322,-0.009897386392943767,-1.5317197509618008
2023-09-06,0.43678345290037535,0.03788132892774881,0.19669110499600134,-0.009897386392943767,-0.03654039780229929
2023-09-07,0.26632468774203144,-0.42408798165678063,-0.4940929802202351,-0.009897386392943767,-1.1777729479901822
2023-09-08,-0.10402819315074675,0.49983713081797615,-0.08526158284735345,-0.009897386392943767,0.3380108678874797
2023-09-11,-0.9114334759346663,0.5543075403271018,0.2812769113489984,-0.009897386392943767,0.3937230493662477
2023-09-12,0.27469022503231144,-0.22027794415260696,-0.15574975480821562,-0.009897386392943767,-0.5545119915108911
2023-09-13,-0.10198927124349777,-0.2942706598051626,0.2812769113489984,-0.009897386392943767,0.1194094401420719
2023-09-14,0.046213722179227805,0.5910905530344321,-0.04296867967085493,-0.009897386392943767,-0.14285595848462704
2023-09-15,0.22542851315685103,0.47959321349161504,-1.0157054527304148,-0.009897386392943767,-0.6558715854502951
2023-09-18,0.46248739942600464,-0.40401475127113934,0.06981239546647447,-0.009897386392943767,-0.11823430038348917
2023-09-19,-0.027887774532134983,-0.25703862435490643,0.704205943114015,-0.009897386392943767,-0.07442728465330838
2023-09-20,0.11508770411233518,0.3878394802256828,-0.15574975480818434,-0.009897386392943767,-0.3879991683780963
2023-09-21,-0.3583373242549619,-0.9025768299841151,-0.9452172807696153,-0.009897386392943767,-1.2759052424163213
2023-09-22,-0.6741109507041458,0.40694207442511854,0.168495836211669,-0.009897386392943767,-0.2010690070556389
2023-09-25,0.44597155622914686,-0.1281761365564305,-0.19804265798471415,-0.009897386392943767,-0.08762006254333499
2023-09-26,0.4036059596411329,-0.07286298760761961,-0.3954095394750406,-0.009897386392943767,-0.6816220097477469
2023-09-27,-0.07227406781562354,-0.6456475157185064,-0.9734125495539163,-0.009897386392943767,-0.5311707367641735
2023-09-28,-0.027887774532134983,-0.03604433994334247,0.04161712668214212,-0.009897386392943767,0.7475430032534537
2023-09-29,-0.027887774532134983,1.4954350512426837,0.7746941150748459,-0.009897386392943767,0.8590495330924722
2023-10-02,-0.027887774532134983,0.0009455569701906099,-0.9029243775930855,-0.009897386392943767,-1.4018176484073508
2023-10-03,-0.1471332053936177,-2.6239111495358074,-0.8606314744165869,-0.009897386392943767,-1.230746679431991
2023-10-04,0.2181560682747549,0.09375747835339655,0.39405798648635915,-0.009897386392943767,0.839137236426696
2023-10-05,-0.08335467137163105,0.9460063387355521,0.408155620878494,-0.009897386392943767,0.17187541907483378
2023-10-06,-0.03581255753638849,-0.07307039097257371,0.5209366960158547,-0.009897386392943767,0.9499322616489224
2023-10-10,0.02536224775378037,0.7956707704165211,0.26717927695683225,-0.009897386392943767,0.5813359952669799
2023-10-11,-0.08747779255879429,0.18546692320773545,0.3094721801333308,-0.009897386392943767,0.4542966478856073
2023-10-12,-0.19722134859964546,0.03783634564671872,0.21078873938816753,-0.009897386392943767,0.04478013661775792
2023-10-13,0.20674054733204925,-1.9604839071688525,-1.3399510437502997,-0.009897386392943767,-1.6025336266129238
2023-10-16,-0.009506696481999172,0.11230962640418081,0.19669110499600134,-0.009897386392943767,-0.20195637589454973
2023-10-17,-0.05229051535747255,0.594196771409027,0.43635088966282637,-0.009897386392943767,0.10835280518138
2023-10-18,-0.02281689158847755,0.4451227228172382,-0.0570663140630211,-0.009897386392943767,0.27918040500390334
2023-10-19,0.0275687221632659,-1.4078557202580502,-0.09935921723951963,-0.009897386392943767,-0.7278065930233906
2023-10-20,-0.27007965355088226,0.24238972505139383,0.4645461584471587,-0.009897386392943767,0.013357162541510927
2023-10-23,-0.12907743658152498,-0.09189481076815254,0.08391002985867195,-0.009897386392943767,0.4063276884237302
2023-10-24,-0.027887774532134983,0.891040641367485,0.49274142723149106,-0.009897386392943767,0.7281403587456389
2023-10-25,-0.07389575448306952,0.5004770286830587,-0.7901433024557248,-0.009897386392943767,-1.107082485164589
2023-10-26,0.26420758541969736,-2.0021421164735993,-0.5081906146124013,-0.009897386392943767,-0.5961877253771632
2023-10-27,-0.0028477787391427674,1.2451607621670218,0.013421857897809772,-0.009897386392943767,0.6038735204062443
2023-10-30,0.02218517408317344,0.14916759941568902,0.9015728246043727,-0.009897386392943767,0.03238440250778338
2023-10-31,-0.022817619710716455,-0.12874476325553155,0.19669110499600134,-0.009897386392943767,0.6658339809514566
2023-11-01,0.019957070864386223,-0.2586017822634113,-1.1566817966521081,-0.009897386392943767,-0.6391212325594392
2023-11-02,-0.09538000612047368,1.702485287081773,1.7474308881344371,-0.009897386392943767,0.9566995731863474
2023-11-03,-0.015528766167749128,0.16688842803076173,0.5773272335845194,-0.009897386392943767,0.34180288236751666
2023-11-06,-0.17242887096133233,1.416975239463814,0.5491319648001871,-0.009897386392943767,2.477121206022598
2023-11-07,0.11063233799383174,-1.3045060278795362,-0.7760456680635899,-0.009897386392943767,-1.68766587446709
2023-11-08,-0.01489529465734386,0.019371315998268402,-0.21214029237688034,-0.009897386392943767,-0.2764299856521257
2023-11-09,0.00918485108302262,-0.44158230179305735,0.2812769113489984,-0.009897386392943767,-0.06861923585506291
2023-11-10,0.20077137282331162,-1.0156258337185342,-0.11345685163168581,-0.009897386392943767,-0.6619684297920121
2023-11-13,-0.1171745556487853,-0.017569174580979906,-0.183945023592548,-0.009897386392943767,0.5435892691239291
2023-11-14,-0.027887774532134983,0.22304768016673884,0.760596480682711,-0.009897386392943767,0.4040501239067691
2023-11-15,-0.6543673980185187,2.3599568699744924,2.029383575977792,-0.009897386392943767,2.3962393750982858
2023-11-16,0.32611433187389993,-0.5319105871136252,-0.26853082994554506,-0.009897386392943767,-0.862290427559939
2023-11-17,0.053884677961706914,-0.05423102998499766,0.32356981452549693,-0.009897386392943767,0.3262806110388254
2023-11-20,0.18213362795345872,1.505500214010793,0.7887917494670433,-0.009897386392943767,0.5445637230951443
2023-11-21,0.021821620775711148,0.4947167392757739,0.3799603520941617,-0.009897386392943767,0.7366822648838702
2023-11-22,-0.05669909920719114,-0.4013257710077058,-0.6209716897497307,-0.009897386392943767,0.06929114564019156
2023-11-27,-0.027887774532134983,0.0009455569701906099,0.5632295991923533,-0.009897386392943767,1.2558578824041378
2023-11-28,0.14651565970972363,1.242607314288833,-0.02887104527868875,-0.009897386392943767,-0.19143504506195738
2023-11-29,-0.2605565730311603,0.4925500989267736,0.5068390616236885,-0.009897386392943767,0.8556415331078112
2023-11-30,0.0699527875132239,-0.03544224599851102,-0.7619480336714237,-0.009897386392943767,-0.5811770288653009
2023-12-01,0.004401241763592564,-0.6730184494758191,-0.790143302455756,-0.009897386392943767,0.08757644747319293
2023-12-04,-0.10545130023000322,0.8204345556212197,-0.09935921723951963,-0.009897386392943767,0.4280399816665027
2023-12-05,0.15379705823381393,-1.3113031326407014,-0.7196551304948939,-0.009897386392943767,-0.7239926192551024
2023-12-06,-0.15036902378463296,-0.053855033943420755,-0.5504835177888998,-0.009897386392943767,-0.41511033406459774
2023-12-07,0.005665647985421897,-0.9505100004917624,-0.09935921723955093,-0.009897386392943767,-0.2105034967221165
2023-12-08,-0.018075777899404726,1.6275831658145519,0.08391002985867195,-0.009897386392943767,0.12511626358252262
2023-12-11,0.03255883273412249,-1.1495907023992573,-0.28262846433771116,-0.009897386392943767,0.12506658541653531
2023-12-12,-0.05067232338519218,0.6589298593890076,0.6619130399375165,-0.009897386392943767,-0.222922901263162
2023-12-13,0.019577841931815505,-0.6570387454486264,-0.24033556116121269,-0.009897386392943767,-0.5593096191607388
2023-12-14,-0.17030994267088315,2.86007110198933,1.8602119632717977,-0.009897386392943767,2.0738493758264065
2023-12-15,-0.5659792089840636,0.09155857791230163,0.3799603520941617,-0.009897386392943767,0.9885381743976658
2023-12-18,-0.5451343998387591,-0.053419002796761865,-0.3954095394750406,-0.2808958908751065,-1.432492713590653
2023-12-19,0.48555222332651593,0.18212282503588892,0.6196201367610179,0.261101118089219,0.6195526273187046
2023-12-20,-0.11259927410079967,0.9232677441021653,-0.25443319555337884,-0.009897386392943767,-0.6612757394153926
2023-12-21,0.35452843494660863,-0.48699280985766247,0.5491319648001871,-0.009897386392943767,0.19281006726103087
2023-12-22,-0.027887774532134983,0.6152582653003267,0.5632295991923533,-0.6579372884154913,0.8724386826670848
2023-12-26,-0.027887774532134983,0.0009455569701906099,-0.0006757764943564026,-0.009897386392943767,0.007014271406772265
2024-01-02,0.1472826269163796,0.6860592403235292,-0.9452172807696153,-0.009897386392943767,-0.9141359647358545
2024-01-03,-0.04055447345327876,-1.0273069344905048,-0.5222882490045362,-0.009897386392943767,-0.40818169473150295
2024-01-04,-0.10390058835217891,-0.4511459054894794,0.4786437928393249,0.6381425156296038,0.7811382591627487
2024-01-05,-0.42160017918254133,-0.7238071884637916,-0.4518000770437053,-0.009897386392943767,-0.4386203658434213
2024-01-08,-0.3684954033434142,0.01908552556251333,0.3517650833098293,-0.009897386392943767,0.5639470921963128
2024-01-09,0.163261519048477,0.36351698747340416,-0.08526158284735345,-0.009897386392943767,0.18623522425973735
2024-01-10,0.05430879591664585,-0.289076860444812,0.08391002985864064,-0.009897386392943767,0.18612084845818364
2024-01-11,-0.705574402821715,0.30908515884278276,0.5773272335845194,-0.009897386392943767,0.46969157060020644
2024-01-12,0.12031442746650142,-0.28905950630031946,-0.6350693241418969,-0.009897386392943767,-0.4741859946666583
2024-01-16,-0.061909761456225884,-1.6172949510302854,-0.8465338400244208,-0.009897386392943767,-0.9826527936950037
2024-01-17,0.46008759766633767,-0.8022883060784073,-0.07116394845521859,-0.009897386392943767,0.5455785899448212
2024-01-18,-0.04915456889857466,-0.2367817304789045,-0.02887104527868875,-0.009897386392943767,-0.06720904614514933
2024-01-19,0.002266133603844967,0.3848738803548561,0.168495836211669,-0.009897386392943767,-0.017731197249333627
2024-01-22,-0.027887774532134983,0.2748824509139186,0.04161712668214212,-0.009897386392943767,0.39650219400711184
2024-01-23,-0.12597980525207964,0.14694400078878947,-0.25443319555337884,-0.009897386392943767,-0.07949189960252441
2024-01-24,0.10797119036222902,-0.49208147818451353,0.46454615844719,-0.009897386392943767,0.439278731105975
2024-01-25,-0.12374369631979105,0.0009455569701906099,-0.1698473892003818,-0.009897386392943767,-0.11024883780223767
2024-01-26,-0.027887774532134983,0.0009455569701906099,-0.31082373312204353,-0.009897386392943767,0.1366180161195483
2024-01-29,0.07970971896521643,0.27494852947416054,-0.6773622273183953,-0.009897386392943767,-0.5797660159685389
2024-01-30,-0.1243743750415315,0.34766055873989543,0.32356981452549693,-0.009897386392943767,-0.1847271923763389
2024-01-31,-0.1501330317790632,-0.6380480977487906,-0.12755448602385197,-0.009897386392943767,0.08743793142421731
2024-02-01,-0.42581034507189647,-0.3830986623380913,-0.324921367514241,-0.009897386392943767,-0.46348161846945746
2024-02-02,-0.39295943640411535,0.8050517112107508,0.9720609965652349,-0.009897386392943767,1.3729846576185016
2024-02-05,0.569589302837541,-1.6277557615418998,-1.9320516882213417,-0.009897386392943767,-2.2898875069995146
2024-02-06,0.08172718991437024,0.12936344086311388,-0.04296867967085493,-0.009897386392943767,-0.2044268276449063
2024-02-07,-0.30248657812543106,0.2576181129574925,0.4645461584471587,-0.009897386392943767,0.9448466377594685
2024-02-08,-0.028841734712141825,-0.1090303363285627,-0.25443319555334754,-0.009897386392943767,-0.3155942061930822
2024-02-09,0.046192988404217164,-0.5679001791234916,0.19669110499597003,-0.009897386392943767,0.031843478295422945
2024-02-12,-0.04092195534636607,0.478114204670379,0.013421857897809772,-0.009897386392943767,0.11871852696022168
2024-02-13,0.0471295347093905,-0.03573304880792868,0.2812769113489984,-0.009897386392943767,0.6453571463007858
2024-02-14,0.1862406085463101,-0.9542604379406769,-1.1284865278677758,-0.009897386392943767,-1.420415631641769
2024-02-15,-0.26458270807132056,0.3870644944641409,0.42225325527069146,-0.009897386392943767,-0.011652429211879716
2024-02-16,0.053469985811201284,0.6067112201652272,0.3517650833098293,-0.009897386392943767,0.6161519085015508
2024-02-20,-0.2411867758136469,0.239248298592056,0.4786437928393562,-0.009897386392943767,-0.14204009448471402
2024-02-21,-0.2992875441511737,0.6781674966060086,0.09800766425080683,-0.009897386392943767,0.34848010326302914
2024-02-22,0.09591491600509235,-0.1636448047354611,0.49274142723152237,-0.009897386392943767,0.7939062670304818
2024-02-23,-0.14723384541218681,0.23865849367148645,-0.14165212041604947,-0.009897386392943767,0.01938864233388539
2024-02-26,-0.03075273577334853,-0.2733551639824994,0.25308164256466603,-0.009897386392943767,0.18019820003772416
2024-02-27,-0.009106921656404093,-0.2369828230359808,0.0557147610743083,-0.009897386392943767,-0.0733792624113828
2024-02-28,0.04849530319154754,-0.45713496079412047,-0.6773622273183953,-0.009897386392943767,-0.40768722287100345
2024-02-29,0.0010684306456693376,0.0009455569701906099,0.25308164256466603,-0.009897386392943767,-0.04254330207256949
2024-03-01,-0.20103534386443245,-0.1641331590981465,-0.183945023592548,-0.009897386392943767,-0.07973254467079689
2024-03-04,0.05233424886966793,0.18436080050850262,0.46454615844719,-0.009897386392943767,0.44048047294321463
2024-03-05,0.07299222305444879,-0.3292818864364312,0.04161712668214212,-0.009897386392943767,0.0008266085008553602
2024-03-06,-0.08930228846053437,0.22113718196687282,0.3517650833098293,-0.009897386392943767,0.6065832880071887
2024-03-07,-0.43969789076354965,1.3187445606245527,0.2953745457411646,-0.009897386392943767,0.3587417617257921
2024-03-08,-0.027887774532134983,0.7305864383623605,0.5209366960158547,-0.009897386392943767,0.9243654847805612
2024-03-11,-0.35160265338515967,0.0009455569701906099,-0.08526158284735345,-0.009897386392943767,0.2650556811876651
2024-03-12,0.1890286279290964,-0.19953054432398618,-0.14165212041604947,-0.009897386392943767,-0.7124063057435334
2024-03-13,0.4744897527165649,-0.017286124124037645,0.32356981452552824,-0.009897386392943767,0.2101145571353941
2024-03-14,-0.1291155012203992,0.03740782188915615,-0.19804265798471415,-0.009897386392943767,0.0193186570714752
2024-03-15,0.03896502725241317,-0.893645878114807,-0.46589771143590275,-0.009897386392943767,-0.6705293063737868
2024-03-18,0.02271821574608915,-0.017338948842197784,-0.0006757764943564026,-0.009897386392943767,-0.11635140128934505
2024-03-19,0.0748860688254211,-0.6763582346074588,-0.5363858833967337,-0.009897386392943767,-0.6291791334757926
2024-03-20,0.48729402836049407,-0.0540373986396097,-0.14165212041601816,-0.009897386392943767,0.01319784433244163
2024-03-21,0.06290490426394858,1.7919134297949526,0.8874751902122066,-0.009897386392943767,0.4950865081363604
2024-03-22,0.6815169009384774,-1.8083521857853089,-1.1848770654364404,-0.009897386392943767,-1.8509504050134302
2024-03-25,-0.027887774532134983,0.05593183953704773,0.1684958362116377,-0.009897386392943767,0.6958955990383944
2024-03-26,-0.023772515072087975,0.20247657235364444,0.2812769113489984,-0.009897386392943767,0.19290851951369914
2024-03-27,-0.1241381369805283,-0.18225891543958256,-0.5504835177888998,-0.009897386392943767,-0.48897760899700465
2024-03-28,0.12533658606946738,0.05591853412394419,-0.07116394845518728,-0.009897386392943767,-0.005396763512357972
2024-03-29,-0.027887774532134983,0.0009455569701906099,-0.0006757764943564026,-0.009897386392943767,0.007014271406772265
2024-04-01,-0.027887774532134983,0.0009455569701906099,-0.0006757764943564026,-0.009897386392943767,0.007014271406772265
2024-04-02,-0.07663144402134324,-0.7695854834878038,-0.8747291088087531,-0.009897386392943767,-0.5707058243607683
2024-04-03,0.1679824849002002,0.5331882761123392,0.4786437928393562,-0.009897386392943767,0.16864721522776005
2024-04-04,0.05781959655071072,1.2453077280416704,0.9720609965652036,-0.009897386392943767,1.0182128677707274
2024-04-05,-0.15503551087853648,-0.2731069953781166,-0.15574975480818434,-0.009897386392943767,-0.33998069529108504
2024-04-08,-0.31181646976944405,0.12886760394638097,-0.25443319555337884,-0.009897386392943767,0.019414339123268724
2024-04-09,-0.027887774532134983,0.5303335663655533,0.6196201367610179,-0.009897386392943767,0.6510639856041175
2024-04-10,-0.32036177425497736,0.2379574232156574,-0.09935921723951963,-0.009897386392943767,0.1616138173199316
2024-04-11,-0.027887774532134983,-1.7903465335066628,-1.8474658818683445,-0.009897386392943767,-1.9534170498188848
2024-04-12,0.5035875649184394,0.05593849465914361,-1.0861936246912771,-0.009897386392943767,-0.8596831176839147
2024-04-15,0.12742752288562395,-0.6963704405077358,0.0557147610743396,-0.009897386392943767,0.3066080986758069
2024-04-16,0.14914370824605522,-1.1402380530937812,-0.26853082994554506,-0.009897386392943767,-0.5799907234790687
2024-04-17,-0.027887774532134983,-0.33117269388493037,0.013421857897809772,-0.009897386392943767,0.11951456657207514
2024-04-18,0.03151791887959591,0.7384922214479446,0.5773272335845194,-0.009897386392943767,0.2818252922199672
2024-04-19,-0.013986222633310357,-0.9397416680815023,-0.36721427069073953,-0.009897386392943767,-0.5303676223503622
2024-04-22,-0.37596021582979106,0.6836956752444059,-0.2967260987298774,-0.009897386392943767,-1.3723848810521924
2024-04-23,-0.13799965504611963,0.38776889844543017,0.5914248679766856,-0.009897386392943767,0.33366645802900924
2024-04-24,-0.2742217842473191,1.1767981276394022,0.168495836211669,-0.009897386392943767,1.1097936799531252
2024-04-25,0.21623087512447478,0.0009455569701906099,0.4786437928393562,-0.009897386392943767,0.8499692819650445
2024-04-26,-0.142795213521937,0.367465373542056,-0.08526158284738476,-0.009897386392943767,0.08805423206702245
2024-04-29,0.28759347590317946,0.549895082797436,0.08391002985867195,-0.009897386392943767,0.21885436910700184
2024-04-30,0.22340768392691485,-0.8045212668073658,-0.02887104527868875,-0.009897386392943767,0.13155144040070477
2024-05-01,-0.027887774532134983,-0.9169650407399798,-0.0006757764943564026,-0.009897386392943767,-0.703588975905422
2024-05-02,-0.23680993989136737,1.2120010543015018,-0.28262846433771116,-0.009897386392943767,0.35630737182354744
2024-05-03,-0.25912532693265256,0.6960298044268584,0.6478154055453503,-0.009897386392943767,0.5923521552676313
2024-05-06,0.2662648756444806,0.6215139244931728,0.4504485240549925,-0.009897386392943767,0.007014271406772265
2024-05-07,0.06377101116338783,-0.23618048716488305,-0.14165212041601816,-0.009897386392943767,-0.18588780618566053
2024-05-08,0.01382235907769682,-0.38249676641771785,-0.3249213675142097,-0.009897386392943767,-0.5537764378692651
2024-05-09,-0.08192260362103157,-0.03559808711427032,-0.15574975480821562,-0.009897386392943767,-0.4674165474809887
2024-05-10,-0.03736869660848736,0.6033526473594696,0.6619130399375478,-0.009897386392943767,0.9052570699121774
2024-05-13,0.06311518487047126,-0.2544747867961249,0.2248863737803024,-0.009897386392943767,0.025697126319134386
2024-05-14,-0.03831362390065975,0.07394477781959659,0.013421857897809772,-0.009897386392943767,0.280886684046508
2024-05-15,-0.06232756398663323,0.8755667578264485,0.5068390616236885,-0.009897386392943767,0.6284594281864699
2024-05-16,-0.0534835227087177,0.5644658820601983,0.4786437928393562,-0.009897386392943767,0.7942712573357253
2024-05-17,-0.08983331799736302,-0.10804110723575248,-0.31082373312204353,-0.009897386392943767,-0.22831149621673186
2024-05-20,-0.027887774532134983,0.563621706955463,0.23898400817249987,-0.009897386392943767,0.6567764693867517
2024-05-21,-0.4077763735080807,-0.834368935007146,0.04161712668214212,-0.009897386392943767,0.18003042678548856
2024-05-22,-0.44382244366575635,0.29175106635598397,-0.4799953458280689,-0.009897386392943767,0.09348236751628311
2024-05-23,-0.027887774532134983,-0.9634189199109401,0.33766744891766315,-0.009897386392943767,0.031714549323751055
2024-05-24,-0.3711334091426077,-0.38201199528273033,-0.19804265798468285,-0.009897386392943767,-0.0423884585082128
2024-05-28,0.10698868565769784,1.2210745271500556,0.5914248679766856,-0.009897386392943767,0.7225040982687895
2024-05-29,0.4875057044689838,-0.3627577531576933,-0.35311663629854206,-0.009897386392943767,-0.3998510713529372
2024-05-30,0.27625351144258325,-0.9102278693751044,-0.5927764209654296,-0.009897386392943767,-0.40044176915425556
2024-05-31,-0.42134337544515876,0.7301034355670832,0.5209366960158547,-0.009897386392943767,0.11202164470603555
2024-06-03,-0.7666670549774504,0.1647644708592101,-0.14165212041601816,-0.009897386392943767,-0.08563725384166448
2024-06-04,1.3541104295077062,0.40101920820450293,0.32356981452549693,-0.009897386392943767,0.4823012692307734
2024-06-05,-0.3830011095255597,-0.18084060070846147,0.09800766425080683,-0.009897386392943767,0.2351129364576447
2024-06-06,0.20964459123607843,0.03731151720940321,-0.09935921723951963,-0.009897386392943767,0.11791419352200497
2024-06-07,-0.15184635048829043,0.2190496816806364,0.46454615844719,-0.009897386392943767,0.1486559848606506
2024-06-10,0.1814169788992558,0.0009455569701906099,-2.0025398601822038,-0.009897386392943767,-1.1714015628998489
2024-06-11,0.014775087378666363,-1.2735480333533078,-0.3672142706907082,-0.009897386392943767,0.5814159976814495
2024-06-12,0.15880056154782193,0.3474100948486932,0.49274142723152237,-0.009897386392943767,0.23521318970303356
2024-06-13,-0.08346997888861825,0.38341956229499174,0.26717927695683225,-0.009897386392943767,0.1795820901005537
2024-06-14,-0.03136204646993366,-0.29041939558823565,-1.3822439469267982,-0.009897386392943767,-0.8568878764395037
2024-06-17,-0.027887774532134983,-0.4548739913013727,0.36586271770199547,-0.009897386392943767,-0.4383159100957402
2024-06-18,-0.23042117965005093,0.4567651052417539,0.04161712668214212,-0.009897386392943767,0.24832249908127776
2024-06-20,0.11368059489968528,0.78335424632231,0.0557147610743396,-0.009897386392943767,0.06885476976887588
2024-06-21,0.1600167579837943,-0.07175145314625177,-0.43770244265157043,-0.009897386392943767,-0.7421723991183252
2024-06-24,-0.25591679000331247,-0.4356032708121069,0.5914248679766856,-0.009897386392943767,0.3849533911069952
2024-06-25,-0.300704494954787,0.4193174058129007,-0.2262379267690465,-0.009897386392943767,0.29786651690891724
2024-06-26,0.33054161308644775,0.4005873444675357,-0.35311663629854206,-0.009897386392943767,-0.37672664538420175
2024-06-27,-0.18997481196635072,-0.3623433633429802,0.09800766425083812,-0.009897386392943767,-0.05492859380916236
2024-06-28,-0.14232421942066398,-0.7633823432395865,0.12620293303513916,-0.009897386392943767,0.06895713662270689
2024-07-01,-0.18318246843081887,0.8016219621073186,0.5632295991923533,-0.009897386392943767,0.2175178089119306
2024-07-02,0.3221092821575434,-0.3991280942641217,-0.2262379267690465,-0.009897386392943767,-0.376963752565345
2024-07-03,-0.027887774532134983,0.49187139251791506,0.4081556208785253,-0.009897386392943767,0.7497225648152033
2024-07-08,-0.15272117324144785,1.2881144356100012,1.084842071702533,-0.009897386392943767,1.4127679306028964
2024-07-09,-7.173672785470834e-05,0.0009455569701906099,-0.2967260987298774,-0.009897386392943767,-0.023738266135185832
2024-07-10,-0.0026029815572231516,0.0009455569701906099,0.1543982018195028,-0.009897386392943767,-0.060653174992460264
2024-07-11,-0.027887774532134983,0.3083310191115111,0.4222532552706602,-0.009897386392943767,0.8547538534283091
2024-07-12,0.1180850869762997,0.19967594431700186,0.49274142723152237,-0.009897386392943767,1.0356007556333064
2024-07-15,0.05833142409463881,0.05512213304363101,0.23898400817249987,-0.009897386392943767,0.2147227029111035
2024-07-16,0.010949143131577419,-0.6679103720945533,-0.07116394845518728,-0.009897386392943767,-0.13958748580519834
2024-07-17,-0.027887774532134983,-0.0352509257697393,0.4504485240549925,-0.009897386392943767,0.8245626357523629
2024-07-18,0.1652656468498346,0.05523865921237515,-0.0570663140630211,-0.009897386392943767,-0.5052001355609926
2024-07-19,-0.024101848793549378,-0.6874871608335286,-0.564581152181066,-0.009897386392943767,-0.8487593222401567
2024-07-22,0.05065807470242342,-0.6890553460555979,-0.02887104527868875,-0.009897386392943767,0.23955381281842816
2024-07-23,-0.037034496072830846,-0.5449044203566522,-0.3954095394750406,-0.009897386392943767,-0.45825764712678474
2024-07-24,0.0991920483191144,-0.6918794764415248,-0.1698473892003818,-0.009897386392943767,0.06827834774285747
2024-07-25,-0.013070987840059813,-0.8947796065779202,0.04161712668214212,-0.009897386392943767,-0.3853071101131341
2024-07-26,0.03420768597828686,0.16566520025688544,0.12620293303517047,-0.009897386392943767,-0.01752403393410092
2024-07-29,0.0033121077347715664,-0.05395103884536408,-0.6068740553575646,-0.009897386392943767,-0.33060517223302277
2024-07-30,-0.04143879073687818,0.07413880740449504,0.09800766425080683,-0.009897386392943767,0.1298319761286907
2024-07-31,0.007406458615095317,-1.1906417365553918,0.0557147610743083,-0.009897386392943767,-0.17108894032249156
2024-08-01,-0.0874494992527338,0.7897509331932971,-0.5504835177888998,-0.009897386392943767,-0.8667127349597509
2024-08-02,0.011191257933850278,-0.3473430858082985,0.6478154055453503,-0.009897386392943767,-0.40001200083208044
2024-08-05,0.29177819764417,0.0009455569701906099,1.8461143288796316,-0.009897386392943767,0.25993336922033816
2024-08-06,0.1885748143500001,-0.072429424421342,-0.7196551304949252,-0.009897386392943767,-0.8513682715757153
2024-08-07,0.11077000102145296,0.7338967716382392,0.09800766425083812,-0.009897386392943767,0.3469759972138447
2024-08-08,-0.007456774131900025,0.01924663334033522,0.112105298642973,-0.009897386392943767,-0.2834728754694129
2024-08-09,-0.21150855013310413,0.7320834100031335,-0.183945023592548,-0.009897386392943767,0.6493913854606161
2024-08-12,0.18936216671030637,-0.1816735270253369,0.1121052986430043,-0.009897386392943767,0.21053856146087155
2024-08-13,-0.026316421764515225,0.2200752497544153,0.08391002985864064,-0.009897386392943767,0.2966276383004175
2024-08-14,-0.13161689622605893,0.7302351001721554,1.2399160500164235,-0.009897386392943767,0.7266713576903798
2024-08-15,-0.027887774532134983,-0.25410610399251476,-0.1134568516317171,-0.009897386392943767,0.14826854101952605
2024-08-16,0.033411576544215796,0.18314722589138008,-0.24033556116121269,-0.009897386392943767,0.681596813300511
2024-08-19,-0.1410668004467775,0.9829452363901527,0.6619130399375478,-0.009897386392943767,0.4966033226362697
2024-08-20,-0.4675400897007648,0.6357306463724756,0.6055225023688517,-0.009897386392943767,0.6727077266153688
2024-08-21,0.4061043299434541,0.4173668953970128,0.4504485240549925,-0.009897386392943767,0.4580547466175187
2024-08-22,0.09346600678102975,-0.03524227718651995,0.26717927695683225,-0.009897386392943767,0.9676273222440351
2024-08-23,-0.28669572046013186,-0.3611707628423315,-0.19804265798468285,-0.009897386392943767,0.031290966424834456
2024-08-26,-0.10403700759986982,1.0137823535602288,0.5914248679766856,-0.009897386392943767,0.007014271406772265
2024-08-27,0.2614896064902173,0.19949831085016187,-0.014773410886522578,-0.009897386392943767,1.1517009140840757
2024-08-28,0.04975039304721041,0.03703207898673144,-0.6350693241419282,-0.009897386392943767,0.031190064042024568
2024-08-29,-0.2706213555563417,0.32553094212274386,-0.40950717386720675,-0.009897386392943767,-0.3074335883875163
2024-08-30,-0.08766175422992771,-0.01707784263936308,-0.014773410886522578,-0.009897386392943767,-0.23510866614363463
2024-09-03,0.2287311276742037,-1.1728817237611986,-0.7337527648870914,-0.009897386392943767,-0.6841843046003341
2024-09-04,0.021457929238539456,-0.6692702835984803,0.21078873938816753,-0.009897386392943767,-0.017269250430673674
2024-09-05,0.017049741526473337,0.34529567294431224,0.6619130399375165,-0.009897386392943767,0.637703968068236
2024-09-06,-0.1903899442224479,0.019058408080204717,0.08391002985867195,-0.045245017412366,0.043357008874724594
2024-09-09,0.008896036343432714,-1.0150457444126295,-0.8465338400244208,0.025450244626478474,-1.0609999244521435
2024-09-10,0.07426290000024163,0.0009455569701906099,-0.1698473892003818,-0.009897386392943767,0.2379525225944468
2024-09-11,-0.1039470226404463,-0.16265707484842437,0.168495836211669,-2.0875525874227243,-0.12666365865114732
2024-09-12,0.07739509259237029,0.6185368614157216,-0.3813119050829057,2.0677578146368365,-0.4430975331595758
2024-09-13,-0.23629380161194463,0.5267214003634774,0.9156704589965702,-1.3020496758802858,0.9186528634448136
2024-09-16,-0.027887774532134983,0.09150439810290247,0.6337177711531841,-0.009897386392943767,0.8189146253298766
2024-09-17,-0.3041270072450018,0.38099732150421783,0.18259347060380388,-1.2667020448608635,0.23078252421325068
2024-09-18,-0.027887774532134983,0.23597696037779206,-0.21214029237684903,1.3725877379217857,0.0009688260484802616
2024-09-19,-0.6992252713739084,0.7229773998189923,0.4504485240549925,1.1565744372475881,1.0087790130052319
2024-09-20,-0.42265248781860937,0.3072886933829313,0.14030056742733665,-0.009897386392943767,-0.12554436639584496
2024-09-23,0.03720962669215929,0.18100278479390425,-0.6632645929262292,-0.009897386392943767,0.2299179142005501
2024-09-24,0.34816554034729336,0.19888496579787218,0.19669110499597003,-0.009897386392943767,0.7707720264825937
2024-09-25,-0.29558595370399254,0.7375822902073332,0.8592799214278742,-0.009897386392943767,0.031035903465704152
2024-09-26,0.45743301094287464,-0.30427181838533834,-0.5504835177888998,-0.009897386392943767,0.1390965079777275
2024-09-27,-0.12910753412420223,0.2702709641044945,0.04161712668214212,-0.009897386392943767,0.13903437555151366
2024-09-30,0.3503076318326081,0.968539064385414,0.5350343304080208,-0.009897386392943767,0.21092326635330544
2024-10-01,0.05429885501591088,-0.07062213750299792,-1.5514155596327923,-0.009897386392943767,-0.9779158046240304
2024-10-02,-0.027887774532134983,-0.8591882877506193,-0.21214029237688034,-0.009897386392943767,-0.5590811280867015
2024-10-03,0.3946117553218835,-0.268347925382061,-0.4518000770437053,-0.009897386392943767,-1.9165843653078867
2024-10-04,0.024916980749121163,-0.30454342052138045,-0.14165212041604947,-0.009897386392943767,0.6012281172246776
2024-10-07,-0.009345724577573784,0.0009455569701906099,-0.6632645929262292,-0.009897386392943767,-1.2556763657883563
2024-10-08,-0.12847027429757366,-1.9651326784783045,-0.0006757764943564026,-0.009897386392943767,0.49333706094513163
2024-10-09,0.04158106157708332,0.1275916306765237,-0.35311663629857337,-0.009897386392943767,-0.12664050895248546
2024-10-10,-0.007459202808215916,-0.12570051673614246,-0.35311663629854206,-0.009897386392943767,-0.0051393199939194735
2024-10-11,0.2551228021297395,0.09141244097110772,0.08391002985867195,-0.009897386392943767,-0.3578384212990399
2024-10-15,0.019199193239997806,-0.59663579121707,-0.4940929802202351,-0.009897386392943767,0.25030209418030175
2024-10-16,-0.04044348744397044,-0.3617995500874999,-0.08526158284738476,-0.009897386392943767,-0.8027342632455252
2024-10-17,-0.15096501299803727,0.0009455569701906099,-0.4377024426515391,-0.009897386392943767,-0.047865232374384725
2024-10-18,0.09958403060656469,0.20050912061853787,-0.26853082994554506,-0.009897386392943767,0.4579274391204511
2024-10-21,-0.01721555655246866,0.05534917290628149,0.08391002985864064,-0.009897386392943767,-0.2975773935910459
2024-10-22,-0.03604884402632754,-0.32562280109079617,-0.4518000770437053,-0.009897386392943767,-0.5542995833392022
2024-10-23,-0.01784341672826259,-0.1806335549583767,-0.7619480336714237,-0.009897386392943767,0.0009068619602489945
2024-10-24,-0.03165436443368622,-0.5262502369036175,0.4786437928393562,-0.009897386392943767,-0.04795839525206212
2024-10-25,-0.017529780141887868,-0.4907180916331464,0.33766744891766315,-0.009897386392943767,0.20242374083425246
2024-10-28,-0.026632287361727455,-0.5462849883141792,-0.09935921723951963,-0.009897386392943767,0.04363840464168839
2024-10-29,-0.02537681789988096,-0.4741219129284427,-0.620971689749762,-0.009897386392943767,-0.041818968393838564
2024-10-30,-0.007800971420047082,-0.40161737771040446,0.5773272335845194,-0.009897386392943767,-0.1761860914550132
2024-10-31,-0.027887774532134983,0.47664430789270723,0.9438657277809026,-0.009897386392943767,0.08030876769863911
2024-11-01,-0.027887774532134983,0.0009455569701906099,0.04161712668214212,-0.009897386392943767,-0.6900574956029901
2024-11-04,0.03738390241128677,0.7313341571517402,0.26717927695683225,-0.009897386392943767,0.7040860384165346
2024-11-05,0.02544742305071245,-0.27274382596737884,-0.09935921723955093,-0.009897386392943767,0.22068061791373178
2024-11-06,0.3298100958072341,-0.9314524111963061,-2.8483979237122368,-0.009897386392943767,-1.66391327651042
2024-11-07,0.3465386885359886,1.4440305098142896,1.2681113188007558,-0.009897386392943767,0.6263562825351875
2024-11-08,0.03123361611059342,0.5835355006146186,-0.183945023592548,-0.009897386392943767,0.7105455930929238
2024-11-11,0.0024498676740166902,-1.0923313713518394,-1.7064895379466516,-0.009897386392943767,-0.9722927047070423
2024-11-12,0.023084213818058863,-0.7118063090358947,-0.47999534582803766,-0.009897386392943767,-0.7666023266302714
2024-11-13,-0.011628818975402175,-0.3285833512737857,0.1684958362116377,-0.009897386392943767,-0.8427340870986575
2024-11-14,-0.031952420613243666,-1.2104034591989339,-1.3540486781424659,-0.009897386392943767,-1.2043140186737775
2024-11-15,-0.027887774532134983,-0.09102100579371655,0.7042059431140463,-0.009897386392943767,0.44023194763413676
2024-11-18,-0.08261018718649836,0.1113020821262054,-0.43770244265157043,-0.009897386392943767,-0.8849046777734987
2024-11-19,0.022457257765282523,0.6622417296360453,0.3658627177020268,-0.009897386392943767,0.21166286849562538
2024-11-20,-0.027887774532134983,0.3677094538767351,-0.2262379267690465,-0.009897386392943767,0.36014710366492203
2024-11-21,0.13621490020083185,-0.2007196294729608,-0.5081906146124013,-0.009897386392943767,-0.32752154056244365
2024-11-22,0.10144782512567631,-0.23755925234962333,-1.6078060972014883,-0.009897386392943767,-1.5594471833038934
2024-11-25,-0.7155844157733074,0.38612927016629883,1.1694278780555925,-0.009897386392943767,0.6794257810023557
2024-11-26,-0.009413473938450049,-0.5861967005399363,0.3799603520941617,-0.009897386392943767,0.24322088198520403
2024-11-27,0.5579296492757339,-0.3114372856400027,0.12620293303513916,-0.009897386392943767,0.33612868614709923
2024-12-02,0.6286503616748148,0.36842135776951895,-0.3390190019063759,-0.009897386392943767,1.2393120884134305
2024-12-03,-0.027887774532134983,-0.49525216764450297,0.06981239546647447,-0.009897386392943767,-0.5744019206392795
2024-12-04,-0.0051375961603285,-0.5697671185523241,-0.28262846433771116,-0.009897386392943767,0.24838635624974623
2024-12-05,0.11231026740475855,-0.09120566075512396,0.676010674329714,-0.009897386392943767,0.6126243664285034
2024-12-06,-0.26377429107229927,-0.054358633083663344,0.5773272335845194,-0.009897386392943767,0.4819356837603787
2024-12-09,0.1986544955207798,-0.8852974707801832,-0.183945023592548,-0.009897386392943767,-0.05461844418288472
2024-12-10,0.35371432080810195,0.05641177596400856,-0.5786787865732321,-0.009897386392943767,-0.06696285787326242
2024-12-11,-0.06023742930413621,-0.2024802524357896,-0.28262846433771116,-0.009897386392943767,-0.2582306848935146
2024-12-12,0.06697270497560891,0.7953799371544832,-0.2262379267690465,-0.009897386392943767,0.01935680643002035
2024-12-13,-0.12772547186186164,-0.9230127773051371,0.379960352094193,-0.009897386392943767,-1.1617599553276814
2024-12-16,-0.07517597131708029,0.18596282722793225,-0.28262846433771116,-0.009897386392943767,0.031800717523092756
2024-12-17,0.28461906869457276,-0.387721320318733,-0.014773410886522578,-0.009897386392943767,0.6816037102914326
2024-12-18,0.005051835150989236,-0.7964555839388282,-0.014773410886522578,-0.009897386392943767,0.24798780251219082
2024-12-19,0.3971656835507228,-1.6188495130540315,-1.4245368501032967,-0.009897386392943767,-1.491609706216204
2024-12-20,0.015852151959298472,0.0009455569701906099,-0.07116394845521859,-0.009897386392943767,-1.1191116417427576
2024-12-23,-0.07969400181108527,0.616370657681544,0.04161712668214212,-0.009897386392943767,0.46174150088383736
